CustomerId;Gender;Age;HomeStoreId;LoyaltySegment;RegistrationDate
200001;Kobieta;56;1002;VIP;2026-04-27
200002;Kobieta;27;1007;Regular;2025-10-17
200003;Kobieta;17;1007;Occasional;2024-10-18
200004;Kobieta;43;1004;VIP;2022-05-28
200005;Kobieta;31;1015;New;2021-01-02
200006;Kobieta;38;1006;Regular;2024-04-21
200007;Kobieta;51;1015;Occasional;2021-01-15
200008;Mężczyzna;39;1017;Occasional;2024-10-06
200009;Kobieta;36;1012;VIP;2024-03-23
200010;Kobieta;53;1006;Regular;2026-03-30
200011;Kobieta;37;1004;Regular;2024-01-22
200012;Kobieta;16;1007;Regular;2025-12-06
200013;Kobieta;30;1016;VIP;2022-04-01
200014;Kobieta;43;1004;Occasional;2025-05-08
200015;Mężczyzna;31;1004;Occasional;2025-06-28
200016;Kobieta;16;1012;Occasional;2021-02-07
200017;Kobieta;21;1006;Occasional;2024-11-09
200018;Kobieta;20;1009;Regular;2026-02-20
200019;Kobieta;58;1012;Regular;2021-05-21
200020;Kobieta;44;1015;Regular;2021-01-24
200021;Kobieta;50;1002;Occasional;2025-04-10
200022;Kobieta;16;1002;VIP;2023-07-12
200023;Kobieta;25;1005;VIP;2021-11-29
200024;Kobieta;51;1004;Regular;2021-08-19
200025;Kobieta;28;1017;Regular;2021-06-27
200026;Mężczyzna;32;1016;Occasional;2024-12-24
200027;Kobieta;45;1005;Occasional;2021-12-04
200028;Kobieta;25;1002;Regular;2022-08-26
200029;Kobieta;31;1016;Regular;2022-11-02
200030;Kobieta;29;1017;Occasional;2023-06-19
200031;Mężczyzna;53;1004;New;2021-06-02
200032;Kobieta;43;1008;Occasional;2025-07-13
200033;Kobieta;49;1010;New;2025-06-10
200034;Kobieta;29;1010;Regular;2021-05-01
200035;Mężczyzna;43;1010;Occasional;2024-10-25
200036;Kobieta;21;1014;Regular;2021-07-15
200037;Mężczyzna;28;1006;Occasional;2021-11-25
200038;Kobieta;31;1012;VIP;2022-10-07
200039;Kobieta;43;1005;Regular;2022-02-25
200040;Mężczyzna;33;1017;Regular;2022-10-16
200041;Kobieta;35;1012;Occasional;2023-12-14
200042;Kobieta;43;1015;New;2024-04-10
200043;Kobieta;29;1016;Occasional;2024-05-12
200044;Mężczyzna;62;1014;Regular;2022-03-22
200045;Kobieta;33;1005;Occasional;2024-02-13
200046;Kobieta;18;1009;Regular;2024-02-07
200047;Kobieta;35;1009;Occasional;2025-12-07
200048;Kobieta;32;1011;Regular;2024-02-22
200049;Kobieta;60;1015;Occasional;2023-08-14
200050;Kobieta;27;1017;Regular;2026-01-01
200051;Kobieta;44;1006;Regular;2023-07-12
200052;Kobieta;16;1009;Occasional;2023-11-20
200053;Kobieta;42;1003;VIP;2024-02-08
200054;Kobieta;46;1001;Occasional;2022-12-10
200055;Kobieta;29;1004;Occasional;2023-02-22
200056;Kobieta;60;1011;Regular;2021-12-07
200057;Kobieta;33;1011;Regular;2023-10-03
200058;Kobieta;39;1012;Regular;2022-07-16
200059;Kobieta;22;1010;Regular;2021-06-17
200060;Kobieta;23;1005;New;2026-03-27
200061;Kobieta;39;1016;Occasional;2022-03-18
200062;Mężczyzna;16;1009;Regular;2021-06-12
200063;Mężczyzna;39;1011;Occasional;2021-05-17
200064;Kobieta;38;1010;Regular;2023-12-02
200065;Kobieta;47;1013;Regular;2023-10-17
200066;Kobieta;37;1004;New;2024-09-21
200067;Kobieta;35;1005;Regular;2026-03-18
200068;Kobieta;16;1014;Regular;2022-07-25
200069;Kobieta;28;1014;Occasional;2021-12-01
200070;Kobieta;16;1018;VIP;2025-06-18
200071;Kobieta;31;1006;Occasional;2026-02-03
200072;Kobieta;38;1001;Regular;2023-02-07
200073;Kobieta;36;1018;Regular;2025-11-14
200074;Kobieta;58;1013;Regular;2025-02-22
200075;Kobieta;23;1010;Regular;2023-06-11
200076;Kobieta;37;1002;Regular;2025-09-18
200077;Kobieta;27;1004;Regular;2022-06-05
200078;Kobieta;36;1012;Occasional;2021-04-09
200079;Kobieta;29;1002;Regular;2021-02-11
200080;Kobieta;44;1017;Occasional;2023-12-26
200081;Kobieta;53;1016;VIP;2023-12-23
200082;Kobieta;16;1016;Occasional;2023-08-05
200083;Kobieta;32;1001;New;2025-06-20
200084;Kobieta;42;1002;Regular;2025-06-12
200085;Mężczyzna;16;1010;Regular;2024-09-29
200086;Kobieta;16;1017;Regular;2025-04-12
200087;Kobieta;46;1015;Regular;2022-06-28
200088;Kobieta;43;1008;New;2022-06-14
200089;Kobieta;23;1010;Regular;2026-05-27
200090;Mężczyzna;36;1013;Occasional;2024-03-22
200091;Kobieta;16;1010;Regular;2021-10-20
200092;Kobieta;41;1017;Regular;2025-11-05
200093;Kobieta;52;1010;Regular;2025-09-17
200094;Kobieta;41;1007;Occasional;2022-10-05
200095;Kobieta;41;1016;Regular;2023-12-27
200096;Kobieta;37;1003;Occasional;2025-06-25
200097;Kobieta;35;1006;Occasional;2025-12-07
200098;Kobieta;31;1007;Occasional;2024-11-29
200099;Kobieta;46;1006;Regular;2021-06-26
200100;Kobieta;53;1018;VIP;2026-03-09
200101;Kobieta;37;1011;Regular;2025-12-16
200102;Kobieta;26;1007;Regular;2024-07-06
200103;Kobieta;41;1009;Occasional;2024-06-08
200104;Kobieta;19;1013;Occasional;2024-03-13
200105;Mężczyzna;68;1015;VIP;2023-10-13
200106;Kobieta;42;1003;Occasional;2022-06-22
200107;Kobieta;53;1003;New;2025-03-11
200108;Kobieta;48;1006;Occasional;2024-06-16
200109;Mężczyzna;27;1008;VIP;2026-03-24
200110;Kobieta;49;1008;Regular;2022-08-05
200111;Kobieta;39;1014;Regular;2025-05-13
200112;Mężczyzna;22;1011;Regular;2022-08-07
200113;Kobieta;49;1005;Occasional;2022-01-28
200114;Kobieta;43;1012;New;2025-04-14
200115;Mężczyzna;60;1013;Occasional;2024-01-21
200116;Kobieta;44;1005;New;2022-07-07
200117;Kobieta;34;1012;Occasional;2024-01-03
200118;Kobieta;55;1006;Regular;2021-02-04
200119;Kobieta;46;1018;Regular;2026-04-09
200120;Kobieta;26;1016;Regular;2023-05-10
200121;Kobieta;48;1003;Occasional;2025-01-28
200122;Kobieta;35;1012;Regular;2025-01-23
200123;Kobieta;31;1003;Regular;2025-12-13
200124;Kobieta;46;1009;Occasional;2021-07-11
200125;Kobieta;26;1010;Occasional;2023-10-09
200126;Kobieta;39;1017;Regular;2025-08-21
200127;Kobieta;39;1002;VIP;2023-12-07
200128;Kobieta;36;1003;Regular;2024-01-29
200129;Kobieta;36;1004;Regular;2026-02-28
200130;Kobieta;37;1005;New;2023-10-03
200131;Kobieta;45;1018;New;2021-11-28
200132;Kobieta;44;1015;Regular;2025-12-03
200133;Kobieta;35;1013;Regular;2021-04-05
200134;Mężczyzna;38;1004;Regular;2026-05-19
200135;Kobieta;24;1010;Regular;2024-06-26
200136;Kobieta;57;1007;Regular;2021-11-18
200137;Kobieta;45;1017;Occasional;2021-09-14
200138;Kobieta;32;1012;Regular;2025-01-26
200139;Mężczyzna;34;1015;Regular;2022-11-15
200140;Kobieta;33;1015;Regular;2024-01-17
200141;Kobieta;42;1009;Regular;2024-12-27
200142;Kobieta;28;1007;New;2022-06-02
200143;Kobieta;16;1009;Regular;2022-08-16
200144;Mężczyzna;26;1018;Regular;2023-03-09
200145;Kobieta;21;1008;New;2025-04-13
200146;Kobieta;28;1003;Occasional;2023-11-29
200147;Mężczyzna;49;1013;Regular;2023-06-10
200148;Kobieta;29;1011;VIP;2025-04-06
200149;Kobieta;35;1016;Regular;2023-01-24
200150;Mężczyzna;28;1006;Occasional;2025-03-08
200151;Kobieta;50;1012;Regular;2024-06-29
200152;Kobieta;46;1015;Regular;2026-03-01
200153;Kobieta;38;1008;Regular;2025-02-27
200154;Mężczyzna;29;1018;Occasional;2021-01-07
200155;Kobieta;34;1013;Occasional;2023-08-12
200156;Kobieta;20;1006;New;2023-08-18
200157;Mężczyzna;67;1012;Regular;2023-07-18
200158;Mężczyzna;36;1005;Regular;2021-07-10
200159;Kobieta;30;1014;Regular;2024-07-30
200160;Mężczyzna;27;1016;Regular;2025-11-18
200161;Kobieta;39;1014;Occasional;2026-04-21
200162;Mężczyzna;42;1005;Regular;2023-08-15
200163;Kobieta;28;1007;Occasional;2024-04-19
200164;Kobieta;50;1010;Occasional;2021-02-24
200165;Kobieta;30;1014;Occasional;2022-12-25
200166;Kobieta;17;1006;Regular;2023-10-22
200167;Kobieta;16;1007;Occasional;2026-01-18
200168;Kobieta;37;1006;Occasional;2024-01-08
200169;Kobieta;35;1011;Occasional;2025-06-19
200170;Kobieta;19;1007;Regular;2025-03-15
200171;Kobieta;52;1002;Regular;2025-08-02
200172;Mężczyzna;20;1007;Regular;2025-05-04
200173;Kobieta;34;1009;Regular;2021-04-18
200174;Kobieta;23;1004;Occasional;2024-03-08
200175;Kobieta;57;1003;Regular;2021-07-01
200176;Kobieta;59;1015;New;2024-02-20
200177;Kobieta;50;1010;Occasional;2025-09-18
200178;Mężczyzna;20;1007;Regular;2022-11-04
200179;Mężczyzna;40;1001;Occasional;2023-01-01
200180;Kobieta;42;1006;Occasional;2023-08-18
200181;Mężczyzna;40;1002;Occasional;2023-02-23
200182;Kobieta;25;1018;New;2025-11-19
200183;Kobieta;58;1004;Regular;2024-08-30
200184;Kobieta;42;1016;Occasional;2025-03-14
200185;Kobieta;35;1010;Regular;2024-10-19
200186;Kobieta;19;1007;Regular;2022-09-18
200187;Kobieta;38;1003;Occasional;2021-02-02
200188;Mężczyzna;54;1013;Regular;2021-08-06
200189;Kobieta;49;1002;Regular;2022-02-06
200190;Mężczyzna;16;1010;Occasional;2025-10-21
200191;Kobieta;18;1008;Occasional;2021-10-10
200192;Kobieta;40;1008;Occasional;2024-08-25
200193;Kobieta;23;1002;VIP;2021-03-21
200194;Kobieta;26;1001;New;2022-12-28
200195;Kobieta;30;1012;Regular;2024-02-03
200196;Kobieta;30;1003;Occasional;2022-04-29
200197;Kobieta;22;1017;Occasional;2024-12-01
200198;Kobieta;24;1012;New;2024-11-13
200199;Kobieta;17;1015;Occasional;2024-01-20
200200;Kobieta;41;1002;Regular;2023-03-11
200201;Kobieta;27;1018;VIP;2021-02-22
200202;Kobieta;28;1008;Occasional;2023-04-10
200203;Kobieta;55;1009;Regular;2025-08-03
200204;Kobieta;60;1014;Regular;2022-01-04
200205;Kobieta;18;1017;Regular;2022-05-16
200206;Kobieta;21;1017;Regular;2023-03-09
200207;Kobieta;30;1007;New;2024-04-12
200208;Kobieta;42;1008;Regular;2024-01-17
200209;Kobieta;25;1016;Regular;2025-05-09
200210;Kobieta;39;1010;Regular;2021-10-30
200211;Mężczyzna;37;1007;Regular;2022-02-23
200212;Kobieta;16;1007;Occasional;2025-10-31
200213;Kobieta;34;1015;VIP;2024-01-29
200214;Kobieta;26;1011;Regular;2021-10-13
200215;Kobieta;36;1004;Occasional;2025-09-02
200216;Kobieta;25;1018;Occasional;2021-07-02
200217;Kobieta;37;1010;Regular;2021-10-29
200218;Kobieta;22;1018;Regular;2024-05-17
200219;Kobieta;33;1014;Regular;2026-03-05
200220;Kobieta;16;1012;New;2021-11-24
200221;Kobieta;59;1008;Occasional;2023-12-21
200222;Kobieta;34;1007;Regular;2021-07-21
200223;Mężczyzna;31;1009;Regular;2024-05-06
200224;Kobieta;46;1018;New;2022-05-29
200225;Kobieta;27;1015;Regular;2024-01-24
200226;Mężczyzna;16;1008;Occasional;2025-04-28
200227;Kobieta;43;1010;New;2021-12-03
200228;Kobieta;34;1001;Regular;2023-12-30
200229;Kobieta;41;1018;Occasional;2022-07-30
200230;Kobieta;16;1004;Occasional;2023-08-02
200231;Kobieta;26;1001;VIP;2025-12-09
200232;Kobieta;21;1003;Occasional;2025-04-22
200233;Kobieta;16;1011;Regular;2023-10-19
200234;Kobieta;28;1003;Occasional;2023-06-03
200235;Kobieta;42;1001;Regular;2023-06-17
200236;Mężczyzna;40;1010;Regular;2024-06-04
200237;Mężczyzna;25;1005;Occasional;2022-03-15
200238;Kobieta;29;1009;VIP;2023-10-01
200239;Kobieta;21;1002;Occasional;2021-05-24
200240;Mężczyzna;16;1004;Regular;2021-07-11
200241;Kobieta;52;1005;Regular;2022-11-09
200242;Kobieta;51;1012;Occasional;2021-04-08
200243;Kobieta;40;1001;Regular;2026-04-10
200244;Kobieta;30;1012;Regular;2021-11-24
200245;Kobieta;16;1005;VIP;2023-07-26
200246;Kobieta;42;1014;Occasional;2024-10-29
200247;Kobieta;45;1008;Regular;2021-07-07
200248;Kobieta;30;1013;Regular;2023-05-04
200249;Mężczyzna;39;1008;Regular;2022-10-05
200250;Kobieta;39;1010;Occasional;2025-06-22
200251;Kobieta;23;1007;VIP;2021-05-18
200252;Kobieta;30;1008;Regular;2024-12-12
200253;Kobieta;29;1006;New;2021-07-03
200254;Kobieta;29;1006;Occasional;2024-04-08
200255;Kobieta;20;1013;Regular;2024-04-17
200256;Kobieta;32;1017;Occasional;2024-06-03
200257;Mężczyzna;23;1004;Regular;2024-01-19
200258;Kobieta;20;1009;Occasional;2025-04-20
200259;Kobieta;22;1008;Occasional;2025-02-14
200260;Kobieta;16;1017;Occasional;2022-09-28
200261;Mężczyzna;29;1016;Occasional;2022-03-30
200262;Kobieta;40;1018;Occasional;2023-02-21
200263;Kobieta;30;1007;Regular;2026-02-16
200264;Kobieta;33;1014;Occasional;2024-08-23
200265;Kobieta;26;1010;Occasional;2026-04-24
200266;Kobieta;31;1014;Regular;2024-01-04
200267;Kobieta;35;1006;Regular;2023-10-25
200268;Kobieta;30;1015;Occasional;2023-09-02
200269;Kobieta;28;1009;Regular;2022-06-18
200270;Kobieta;24;1005;Regular;2025-03-20
200271;Kobieta;33;1003;Regular;2022-05-12
200272;Kobieta;17;1013;Regular;2021-10-12
200273;Mężczyzna;35;1002;Regular;2024-08-02
200274;Kobieta;55;1012;Occasional;2022-02-14
200275;Kobieta;42;1006;New;2024-08-15
200276;Kobieta;27;1003;Occasional;2021-06-10
200277;Kobieta;41;1004;Occasional;2023-12-29
200278;Kobieta;27;1011;New;2022-04-03
200279;Kobieta;31;1015;VIP;2022-09-27
200280;Kobieta;52;1003;Regular;2024-06-28
200281;Kobieta;16;1001;Occasional;2026-01-09
200282;Kobieta;39;1011;Occasional;2022-10-17
200283;Kobieta;20;1015;Occasional;2022-07-29
200284;Kobieta;16;1005;New;2022-02-01
200285;Kobieta;27;1002;Regular;2025-07-31
200286;Kobieta;50;1017;Occasional;2022-06-10
200287;Kobieta;33;1007;Regular;2025-06-10
200288;Kobieta;35;1016;Regular;2022-08-28
200289;Kobieta;43;1011;New;2023-03-12
200290;Mężczyzna;28;1013;Regular;2022-12-06
200291;Kobieta;22;1012;Occasional;2021-11-03
200292;Kobieta;26;1012;VIP;2023-08-14
200293;Kobieta;16;1018;Regular;2023-06-16
200294;Mężczyzna;29;1015;Regular;2024-11-10
200295;Kobieta;32;1005;Occasional;2024-03-23
200296;Kobieta;32;1005;Regular;2026-02-03
200297;Kobieta;46;1002;VIP;2022-05-27
200298;Kobieta;52;1014;Regular;2023-10-04
200299;Kobieta;32;1007;New;2024-03-20
200300;Kobieta;31;1002;Regular;2022-03-11
200301;Kobieta;26;1015;Occasional;2024-02-29
200302;Kobieta;32;1009;Regular;2026-03-05
200303;Kobieta;21;1011;Regular;2023-04-17
200304;Kobieta;42;1006;Regular;2024-02-05
200305;Kobieta;19;1007;Regular;2025-08-26
200306;Kobieta;38;1008;VIP;2022-07-13
200307;Mężczyzna;49;1006;Occasional;2021-12-22
200308;Kobieta;38;1014;Occasional;2021-10-25
200309;Kobieta;53;1001;Regular;2024-05-01
200310;Kobieta;18;1013;Occasional;2023-11-21
200311;Kobieta;23;1007;Occasional;2025-08-22
200312;Kobieta;29;1001;Occasional;2023-03-23
200313;Kobieta;29;1011;Regular;2025-10-06
200314;Kobieta;37;1007;Occasional;2024-11-03
200315;Kobieta;17;1008;Regular;2023-01-02
200316;Kobieta;33;1013;VIP;2021-06-15
200317;Kobieta;47;1003;Regular;2026-01-11
200318;Kobieta;42;1006;Regular;2025-01-06
200319;Mężczyzna;43;1005;Occasional;2024-05-19
200320;Mężczyzna;25;1003;Occasional;2022-10-18
200321;Kobieta;30;1009;VIP;2026-02-11
200322;Kobieta;38;1005;Regular;2025-06-20
200323;Kobieta;19;1004;Regular;2021-03-16
200324;Kobieta;25;1014;VIP;2024-06-27
200325;Kobieta;30;1015;New;2021-07-29
200326;Kobieta;27;1017;Occasional;2024-12-22
200327;Kobieta;41;1015;Regular;2021-01-02
200328;Mężczyzna;21;1004;Occasional;2022-12-10
200329;Kobieta;24;1001;Regular;2021-04-16
200330;Kobieta;56;1017;New;2022-03-19
200331;Kobieta;36;1008;New;2024-01-14
200332;Mężczyzna;30;1018;Regular;2026-02-23
200333;Kobieta;32;1016;Occasional;2021-05-09
200334;Kobieta;33;1007;Regular;2025-09-18
200335;Kobieta;33;1013;Occasional;2022-09-22
200336;Kobieta;46;1006;Occasional;2022-02-03
200337;Kobieta;43;1015;New;2025-10-02
200338;Kobieta;44;1007;Regular;2023-10-26
200339;Kobieta;43;1001;Occasional;2021-04-22
200340;Kobieta;17;1014;Regular;2025-10-05
200341;Mężczyzna;47;1002;Occasional;2024-07-03
200342;Kobieta;22;1007;VIP;2022-12-05
200343;Kobieta;36;1013;Occasional;2024-03-15
200344;Mężczyzna;36;1008;Occasional;2023-09-10
200345;Mężczyzna;55;1016;Regular;2025-02-18
200346;Kobieta;32;1006;Occasional;2023-01-31
200347;Mężczyzna;16;1014;Regular;2022-01-12
200348;Kobieta;29;1014;Regular;2022-08-18
200349;Kobieta;56;1008;Regular;2021-08-16
200350;Kobieta;38;1018;VIP;2021-01-13
200351;Kobieta;33;1004;New;2022-11-20
200352;Kobieta;31;1014;New;2023-05-24
200353;Kobieta;23;1003;Occasional;2025-10-15
200354;Kobieta;30;1010;New;2021-12-30
200355;Kobieta;30;1017;Regular;2021-06-08
200356;Mężczyzna;18;1009;Regular;2021-04-23
200357;Kobieta;17;1003;Regular;2023-09-02
200358;Kobieta;61;1004;Regular;2021-09-24
200359;Kobieta;34;1003;Occasional;2023-06-14
200360;Kobieta;17;1009;VIP;2022-10-22
200361;Kobieta;40;1017;Regular;2026-04-15
200362;Kobieta;37;1008;VIP;2021-06-22
200363;Mężczyzna;46;1004;Occasional;2024-12-21
200364;Kobieta;33;1014;Regular;2025-06-17
200365;Mężczyzna;35;1014;Occasional;2025-03-12
200366;Mężczyzna;40;1009;Occasional;2021-09-24
200367;Mężczyzna;46;1012;Occasional;2023-05-27
200368;Kobieta;20;1007;Regular;2021-11-15
200369;Mężczyzna;31;1001;Regular;2024-12-17
200370;Kobieta;31;1016;VIP;2023-03-10
200371;Kobieta;31;1001;New;2023-04-23
200372;Kobieta;36;1007;Regular;2022-10-03
200373;Mężczyzna;36;1017;Regular;2025-10-27
200374;Kobieta;45;1008;Regular;2025-12-12
200375;Mężczyzna;23;1015;Occasional;2022-04-01
200376;Kobieta;23;1009;Occasional;2024-03-12
200377;Kobieta;60;1001;Occasional;2021-06-05
200378;Kobieta;56;1004;Occasional;2024-08-21
200379;Mężczyzna;41;1002;Regular;2025-04-21
200380;Kobieta;41;1003;Occasional;2022-05-28
200381;Mężczyzna;27;1008;Regular;2023-09-12
200382;Kobieta;42;1011;Regular;2022-03-30
200383;Mężczyzna;48;1009;Regular;2025-04-04
200384;Mężczyzna;16;1014;Regular;2025-04-04
200385;Kobieta;43;1012;Regular;2025-01-01
200386;Kobieta;40;1014;Regular;2021-08-25
200387;Kobieta;28;1007;Occasional;2021-07-03
200388;Kobieta;28;1002;VIP;2021-11-24
200389;Kobieta;34;1015;Regular;2025-09-10
200390;Kobieta;29;1014;Regular;2021-08-17
200391;Kobieta;28;1005;Regular;2023-09-30
200392;Kobieta;28;1014;Regular;2021-07-03
200393;Kobieta;38;1012;Regular;2024-12-30
200394;Kobieta;28;1001;Occasional;2026-05-28
200395;Kobieta;52;1002;Regular;2023-08-30
200396;Mężczyzna;18;1001;Occasional;2022-01-29
200397;Kobieta;48;1012;Occasional;2022-04-23
200398;Kobieta;31;1010;Regular;2023-01-22
200399;Kobieta;22;1006;New;2024-03-17
200400;Kobieta;23;1012;Occasional;2022-05-23
200401;Kobieta;31;1013;Regular;2024-09-03
200402;Kobieta;46;1018;Occasional;2022-09-14
200403;Kobieta;47;1002;Occasional;2022-04-07
200404;Kobieta;44;1017;Occasional;2024-05-30
200405;Kobieta;37;1012;Occasional;2022-08-26
200406;Kobieta;29;1006;Occasional;2023-07-27
200407;Kobieta;21;1001;Occasional;2023-12-12
200408;Kobieta;31;1002;VIP;2023-11-02
200409;Kobieta;27;1012;Regular;2023-05-25
200410;Kobieta;50;1009;Regular;2023-06-30
200411;Kobieta;17;1002;Occasional;2021-02-22
200412;Kobieta;16;1011;Regular;2025-12-10
200413;Kobieta;31;1011;New;2026-02-15
200414;Kobieta;43;1003;Occasional;2023-11-15
200415;Kobieta;41;1002;Occasional;2026-02-26
200416;Kobieta;25;1010;VIP;2025-11-22
200417;Kobieta;34;1007;Regular;2022-06-10
200418;Mężczyzna;36;1002;New;2023-04-24
200419;Mężczyzna;60;1004;Regular;2021-12-06
200420;Kobieta;41;1015;New;2022-06-26
200421;Kobieta;18;1010;VIP;2022-08-12
200422;Kobieta;55;1007;Occasional;2022-06-04
200423;Kobieta;26;1018;Regular;2022-07-21
200424;Kobieta;21;1004;Regular;2021-01-09
200425;Kobieta;39;1008;Regular;2022-05-01
200426;Kobieta;18;1012;Occasional;2022-08-01
200427;Kobieta;43;1015;Regular;2026-04-05
200428;Kobieta;43;1016;New;2021-06-20
200429;Mężczyzna;42;1010;Regular;2025-01-11
200430;Kobieta;53;1017;Occasional;2025-05-20
200431;Kobieta;30;1014;Occasional;2022-06-22
200432;Kobieta;34;1018;Regular;2023-05-19
200433;Kobieta;40;1003;Regular;2025-07-14
200434;Kobieta;34;1007;Regular;2021-10-08
200435;Kobieta;31;1009;Occasional;2024-03-02
200436;Mężczyzna;32;1004;Regular;2024-03-04
200437;Kobieta;33;1001;New;2026-04-25
200438;Kobieta;57;1003;Occasional;2023-04-06
200439;Kobieta;31;1018;New;2023-04-24
200440;Kobieta;44;1010;Regular;2021-11-09
200441;Kobieta;50;1013;Occasional;2024-04-26
200442;Kobieta;28;1004;New;2022-01-29
200443;Mężczyzna;28;1007;New;2025-04-08
200444;Kobieta;27;1008;Regular;2023-01-26
200445;Kobieta;26;1016;New;2023-02-17
200446;Kobieta;45;1004;Occasional;2024-06-17
200447;Kobieta;52;1002;Occasional;2023-03-12
200448;Mężczyzna;31;1012;Regular;2023-09-06
200449;Kobieta;46;1008;Regular;2021-03-29
200450;Mężczyzna;28;1002;Regular;2021-08-09
200451;Kobieta;37;1015;VIP;2025-12-20
200452;Kobieta;34;1005;Occasional;2021-10-22
200453;Mężczyzna;30;1017;Regular;2023-10-20
200454;Kobieta;21;1001;Regular;2022-04-07
200455;Kobieta;32;1002;Occasional;2024-11-10
200456;Kobieta;41;1004;Regular;2021-01-19
200457;Mężczyzna;26;1014;Regular;2024-05-25
200458;Kobieta;18;1006;Occasional;2022-12-09
200459;Kobieta;25;1009;Occasional;2025-05-09
200460;Kobieta;37;1014;Occasional;2026-02-23
200461;Kobieta;20;1010;Occasional;2021-11-15
200462;Kobieta;17;1014;Regular;2026-02-26
200463;Kobieta;39;1014;Regular;2025-09-23
200464;Kobieta;31;1013;VIP;2022-12-11
200465;Kobieta;26;1006;Regular;2021-01-04
200466;Kobieta;53;1002;VIP;2022-03-31
200467;Kobieta;16;1009;Regular;2024-12-14
200468;Mężczyzna;30;1013;Occasional;2021-08-01
200469;Kobieta;24;1002;Occasional;2026-05-17
200470;Kobieta;47;1001;Regular;2023-02-26
200471;Mężczyzna;27;1007;Regular;2025-05-14
200472;Kobieta;60;1007;Regular;2022-08-30
200473;Kobieta;40;1011;Occasional;2024-03-27
200474;Mężczyzna;47;1008;Occasional;2025-01-14
200475;Kobieta;27;1007;Regular;2026-05-05
200476;Kobieta;22;1014;Regular;2022-07-05
200477;Kobieta;50;1010;Regular;2023-04-23
200478;Kobieta;40;1013;Occasional;2021-10-11
200479;Kobieta;40;1004;VIP;2024-09-08
200480;Kobieta;21;1013;Occasional;2021-09-21
200481;Kobieta;35;1011;Regular;2023-04-18
200482;Kobieta;39;1010;Occasional;2021-09-10
200483;Kobieta;16;1004;New;2025-09-05
200484;Mężczyzna;34;1008;Occasional;2024-05-11
200485;Kobieta;48;1017;Regular;2024-01-30
200486;Mężczyzna;42;1016;Regular;2024-08-25
200487;Kobieta;46;1004;VIP;2022-11-29
200488;Kobieta;31;1002;Regular;2025-12-11
200489;Kobieta;19;1006;Occasional;2024-11-16
200490;Kobieta;38;1008;Occasional;2022-07-03
200491;Mężczyzna;42;1011;VIP;2021-05-22
200492;Kobieta;26;1017;VIP;2025-12-03
200493;Kobieta;29;1015;Regular;2024-12-09
200494;Kobieta;33;1015;Occasional;2024-04-02
200495;Mężczyzna;27;1017;Regular;2024-01-26
200496;Kobieta;60;1010;Regular;2025-04-25
200497;Kobieta;50;1008;Occasional;2022-08-16
200498;Kobieta;39;1013;Occasional;2021-07-28
200499;Kobieta;47;1003;Occasional;2025-05-09
200500;Kobieta;25;1014;Occasional;2025-06-08
200501;Kobieta;41;1002;Occasional;2023-02-19
200502;Kobieta;18;1002;New;2022-07-03
200503;Kobieta;17;1017;Regular;2025-11-05
200504;Kobieta;48;1011;Occasional;2025-12-05
200505;Mężczyzna;52;1006;Regular;2021-11-30
200506;Kobieta;46;1009;Occasional;2021-04-22
200507;Kobieta;41;1004;VIP;2024-05-06
200508;Kobieta;17;1018;Regular;2021-12-19
200509;Kobieta;41;1008;New;2023-07-09
200510;Kobieta;32;1018;Regular;2024-03-08
200511;Kobieta;20;1004;New;2025-08-30
200512;Kobieta;38;1013;Regular;2021-04-25
200513;Kobieta;29;1007;Regular;2024-07-30
200514;Kobieta;39;1003;Occasional;2025-04-02
200515;Kobieta;35;1013;Occasional;2023-10-26
200516;Kobieta;21;1017;Occasional;2022-03-08
200517;Kobieta;31;1015;Regular;2024-04-15
200518;Kobieta;29;1011;Regular;2022-02-03
200519;Kobieta;35;1013;Regular;2024-12-14
200520;Kobieta;19;1017;Occasional;2025-08-05
200521;Kobieta;46;1008;Occasional;2023-02-23
200522;Kobieta;33;1009;Regular;2025-03-14
200523;Kobieta;34;1017;VIP;2023-03-30
200524;Kobieta;23;1004;Regular;2021-02-13
200525;Kobieta;39;1003;Occasional;2023-05-05
200526;Kobieta;39;1008;Regular;2025-03-26
200527;Kobieta;21;1001;Occasional;2021-10-29
200528;Kobieta;23;1009;Regular;2022-12-27
200529;Kobieta;60;1008;Occasional;2021-01-28
200530;Kobieta;31;1012;Regular;2024-12-09
200531;Mężczyzna;16;1001;Occasional;2023-12-03
200532;Kobieta;52;1016;Regular;2023-03-20
200533;Mężczyzna;54;1017;VIP;2021-05-02
200534;Kobieta;25;1001;Occasional;2021-04-14
200535;Kobieta;32;1014;New;2022-02-28
200536;Kobieta;44;1012;Occasional;2024-05-10
200537;Kobieta;16;1015;Regular;2024-07-25
200538;Kobieta;24;1002;Regular;2021-07-16
200539;Kobieta;37;1006;VIP;2022-01-06
200540;Kobieta;22;1010;Regular;2024-06-24
200541;Kobieta;34;1016;Regular;2025-01-12
200542;Kobieta;44;1015;Regular;2024-03-09
200543;Kobieta;52;1015;VIP;2024-02-16
200544;Kobieta;26;1011;Occasional;2024-02-24
200545;Kobieta;43;1018;New;2021-07-17
200546;Kobieta;16;1012;Regular;2021-03-13
200547;Mężczyzna;63;1013;Occasional;2021-05-01
200548;Kobieta;22;1018;VIP;2023-11-12
200549;Kobieta;29;1011;Regular;2023-02-16
200550;Kobieta;32;1003;Regular;2022-04-13
200551;Kobieta;43;1006;Regular;2022-06-04
200552;Kobieta;24;1006;Occasional;2025-06-02
200553;Kobieta;28;1009;Regular;2026-03-22
200554;Kobieta;39;1007;Occasional;2021-04-24
200555;Kobieta;43;1009;Regular;2025-02-03
200556;Mężczyzna;40;1012;Occasional;2024-11-11
200557;Kobieta;27;1017;Regular;2021-06-15
200558;Kobieta;51;1013;Regular;2025-10-19
200559;Kobieta;47;1002;Regular;2025-01-24
200560;Kobieta;29;1008;Occasional;2023-03-11
200561;Mężczyzna;22;1013;Regular;2024-04-23
200562;Mężczyzna;37;1015;Occasional;2022-03-15
200563;Kobieta;16;1006;New;2026-02-24
200564;Kobieta;23;1017;Occasional;2024-11-17
200565;Kobieta;32;1003;Occasional;2022-12-14
200566;Kobieta;44;1015;Regular;2025-02-23
200567;Kobieta;35;1015;Occasional;2022-04-17
200568;Kobieta;36;1002;Regular;2022-07-06
200569;Kobieta;25;1014;Regular;2022-01-28
200570;Kobieta;25;1005;Occasional;2024-06-11
200571;Kobieta;21;1001;Regular;2024-10-10
200572;Kobieta;30;1007;VIP;2025-12-02
200573;Kobieta;25;1005;Occasional;2026-03-19
200574;Mężczyzna;33;1010;Regular;2023-06-11
200575;Kobieta;37;1015;Occasional;2022-03-16
200576;Kobieta;16;1014;Occasional;2026-02-23
200577;Kobieta;39;1013;Regular;2025-10-06
200578;Kobieta;22;1001;Occasional;2022-01-13
200579;Kobieta;52;1006;Regular;2022-07-08
200580;Mężczyzna;16;1014;Regular;2025-09-27
200581;Kobieta;39;1006;VIP;2022-02-11
200582;Kobieta;33;1008;VIP;2026-05-16
200583;Kobieta;18;1003;VIP;2021-01-09
200584;Kobieta;40;1016;Regular;2022-12-31
200585;Kobieta;54;1001;Regular;2025-08-04
200586;Kobieta;27;1008;New;2022-08-04
200587;Kobieta;16;1004;Occasional;2024-12-28
200588;Kobieta;47;1018;New;2026-05-29
200589;Kobieta;48;1017;Occasional;2023-07-02
200590;Kobieta;38;1016;Regular;2021-12-26
200591;Mężczyzna;25;1004;New;2025-09-15
200592;Kobieta;37;1008;Regular;2022-01-10
200593;Kobieta;27;1002;Regular;2024-09-07
200594;Kobieta;46;1013;Occasional;2023-12-16
200595;Mężczyzna;36;1014;Regular;2021-11-29
200596;Kobieta;50;1015;Occasional;2025-10-09
200597;Kobieta;16;1017;New;2025-09-16
200598;Kobieta;42;1016;Regular;2025-09-05
200599;Mężczyzna;34;1009;Regular;2024-02-22
200600;Kobieta;57;1007;Regular;2024-11-02
200601;Kobieta;48;1002;Regular;2024-04-17
200602;Kobieta;51;1018;New;2025-09-14
200603;Kobieta;41;1002;VIP;2026-01-13
200604;Kobieta;34;1010;Regular;2026-02-08
200605;Kobieta;39;1014;Regular;2023-04-14
200606;Kobieta;51;1017;VIP;2021-04-10
200607;Kobieta;30;1018;New;2024-02-14
200608;Mężczyzna;50;1014;Regular;2023-02-24
200609;Kobieta;25;1017;Occasional;2024-01-10
200610;Kobieta;16;1004;Regular;2026-05-25
200611;Mężczyzna;58;1006;New;2024-07-30
200612;Kobieta;17;1006;Occasional;2021-07-14
200613;Mężczyzna;45;1009;Regular;2024-11-14
200614;Mężczyzna;28;1017;Occasional;2021-11-28
200615;Kobieta;33;1002;New;2024-04-05
200616;Kobieta;18;1015;Occasional;2025-09-05
200617;Kobieta;71;1008;Regular;2026-02-14
200618;Kobieta;40;1002;Occasional;2022-06-23
200619;Kobieta;24;1010;Occasional;2022-02-16
200620;Kobieta;16;1012;Occasional;2024-10-01
200621;Mężczyzna;57;1005;Occasional;2022-09-17
200622;Kobieta;40;1015;Regular;2023-02-20
200623;Kobieta;18;1016;New;2023-02-26
200624;Kobieta;33;1013;Occasional;2025-03-13
200625;Mężczyzna;34;1011;Regular;2021-08-27
200626;Mężczyzna;22;1017;Regular;2021-12-30
200627;Kobieta;38;1011;Regular;2023-08-03
200628;Mężczyzna;16;1014;Regular;2022-01-25
200629;Kobieta;32;1018;VIP;2026-04-01
200630;Kobieta;46;1017;Regular;2026-05-26
200631;Mężczyzna;35;1015;VIP;2025-03-25
200632;Kobieta;39;1011;VIP;2022-11-21
200633;Kobieta;20;1002;Regular;2026-04-07
200634;Kobieta;16;1007;Regular;2026-04-07
200635;Kobieta;48;1007;Regular;2024-11-20
200636;Mężczyzna;21;1005;Regular;2022-04-24
200637;Kobieta;50;1007;Occasional;2021-11-08
200638;Kobieta;16;1016;Occasional;2024-06-20
200639;Kobieta;18;1011;Occasional;2025-05-03
200640;Kobieta;29;1003;Regular;2026-03-21
200641;Kobieta;59;1001;Occasional;2021-10-08
200642;Mężczyzna;24;1005;Occasional;2021-10-07
200643;Kobieta;19;1012;Regular;2024-01-01
200644;Kobieta;43;1018;Regular;2021-09-03
200645;Kobieta;32;1010;Occasional;2025-10-05
200646;Kobieta;22;1004;Occasional;2025-11-09
200647;Kobieta;43;1003;Regular;2022-07-12
200648;Kobieta;53;1007;Regular;2023-08-22
200649;Kobieta;43;1013;Regular;2022-11-06
200650;Kobieta;51;1001;Regular;2024-06-14
200651;Kobieta;35;1012;Regular;2021-10-17
200652;Kobieta;25;1005;VIP;2021-03-24
200653;Kobieta;43;1001;Occasional;2021-03-16
200654;Kobieta;40;1012;New;2023-11-30
200655;Kobieta;40;1007;VIP;2023-10-06
200656;Mężczyzna;16;1007;VIP;2022-03-14
200657;Kobieta;41;1016;Regular;2024-08-25
200658;Kobieta;44;1001;Regular;2025-03-09
200659;Kobieta;24;1004;Regular;2025-09-03
200660;Kobieta;38;1015;Regular;2025-01-06
200661;Kobieta;63;1003;Occasional;2026-03-13
200662;Kobieta;40;1004;VIP;2021-08-29
200663;Kobieta;21;1018;Occasional;2025-02-16
200664;Mężczyzna;30;1010;Regular;2024-02-28
200665;Kobieta;67;1017;Occasional;2025-02-22
200666;Kobieta;19;1013;VIP;2023-03-10
200667;Kobieta;28;1016;Occasional;2026-01-23
200668;Kobieta;44;1008;Regular;2026-01-03
200669;Kobieta;21;1011;Regular;2025-09-13
200670;Kobieta;29;1015;VIP;2023-04-12
200671;Kobieta;25;1005;Regular;2025-10-25
200672;Kobieta;38;1002;Regular;2022-02-22
200673;Mężczyzna;21;1002;Regular;2024-02-01
200674;Kobieta;42;1017;Regular;2023-04-05
200675;Kobieta;37;1003;Occasional;2023-06-26
200676;Kobieta;49;1010;Occasional;2023-05-24
200677;Kobieta;23;1001;VIP;2026-02-02
200678;Kobieta;33;1013;Regular;2025-04-09
200679;Kobieta;26;1012;Regular;2024-12-09
200680;Kobieta;23;1005;Occasional;2023-05-03
200681;Kobieta;45;1018;Occasional;2026-02-19
200682;Kobieta;36;1003;Regular;2024-11-05
200683;Kobieta;42;1010;Occasional;2023-07-13
200684;Kobieta;32;1006;Regular;2022-10-14
200685;Kobieta;56;1018;Regular;2023-07-08
200686;Kobieta;21;1011;Regular;2022-12-24
200687;Kobieta;46;1004;New;2025-09-22
200688;Mężczyzna;52;1011;VIP;2023-11-06
200689;Kobieta;33;1006;Regular;2022-10-23
200690;Kobieta;35;1015;Occasional;2024-05-10
200691;Kobieta;62;1008;Regular;2023-08-19
200692;Kobieta;16;1007;Regular;2024-08-15
200693;Kobieta;20;1013;VIP;2022-02-18
200694;Kobieta;35;1007;Regular;2021-06-14
200695;Kobieta;26;1003;Regular;2021-06-08
200696;Kobieta;30;1004;Regular;2021-08-05
200697;Kobieta;20;1011;Occasional;2021-12-23
200698;Kobieta;40;1005;Regular;2022-10-13
200699;Kobieta;49;1007;Occasional;2024-09-27
200700;Kobieta;28;1015;New;2022-08-20
200701;Kobieta;38;1004;VIP;2022-01-29
200702;Kobieta;27;1002;Regular;2023-10-17
200703;Kobieta;16;1012;Regular;2023-06-25
200704;Kobieta;44;1015;Occasional;2022-10-17
200705;Kobieta;39;1010;VIP;2023-09-30
200706;Kobieta;32;1009;Regular;2023-07-16
200707;Kobieta;28;1013;Regular;2024-08-30
200708;Kobieta;22;1002;Occasional;2023-06-02
200709;Kobieta;24;1003;Regular;2022-06-27
200710;Kobieta;29;1013;Regular;2025-08-29
200711;Kobieta;33;1006;Occasional;2026-05-27
200712;Kobieta;35;1009;VIP;2025-01-13
200713;Kobieta;46;1007;Regular;2024-06-26
200714;Kobieta;62;1005;Regular;2022-02-04
200715;Kobieta;16;1005;Regular;2022-03-31
200716;Kobieta;28;1015;Occasional;2021-09-02
200717;Kobieta;31;1012;VIP;2023-09-01
200718;Kobieta;67;1012;Regular;2022-02-12
200719;Kobieta;47;1011;Regular;2023-11-21
200720;Kobieta;41;1014;VIP;2025-06-14
200721;Mężczyzna;27;1018;Regular;2021-02-05
200722;Kobieta;22;1011;Regular;2025-10-23
200723;Kobieta;44;1009;New;2025-06-14
200724;Kobieta;43;1007;Occasional;2024-07-31
200725;Kobieta;40;1015;VIP;2021-07-09
200726;Kobieta;22;1010;Occasional;2021-02-06
200727;Kobieta;24;1015;New;2023-09-23
200728;Kobieta;24;1006;Regular;2025-08-24
200729;Kobieta;37;1015;Occasional;2025-07-25
200730;Kobieta;28;1008;Regular;2026-03-20
200731;Kobieta;18;1012;New;2026-05-02
200732;Mężczyzna;50;1006;Occasional;2022-03-21
200733;Kobieta;31;1008;Occasional;2025-10-16
200734;Kobieta;24;1008;Occasional;2022-07-25
200735;Kobieta;34;1003;Regular;2025-10-17
200736;Kobieta;20;1013;Regular;2023-11-13
200737;Kobieta;50;1017;VIP;2021-10-01
200738;Kobieta;16;1007;Occasional;2021-05-03
200739;Kobieta;21;1010;Regular;2021-11-02
200740;Kobieta;35;1001;Regular;2023-10-23
200741;Kobieta;35;1004;Regular;2024-09-15
200742;Kobieta;20;1018;Occasional;2024-08-18
200743;Kobieta;46;1003;Regular;2023-02-05
200744;Kobieta;38;1012;Regular;2022-04-27
200745;Kobieta;16;1015;Regular;2023-07-19
200746;Kobieta;40;1001;New;2022-12-24
200747;Kobieta;17;1011;Occasional;2023-09-25
200748;Mężczyzna;32;1001;Regular;2023-08-05
200749;Kobieta;16;1001;Regular;2025-06-07
200750;Kobieta;41;1008;VIP;2025-06-23
200751;Kobieta;30;1004;Regular;2025-04-30
200752;Mężczyzna;43;1001;Regular;2026-02-05
200753;Kobieta;21;1006;New;2025-05-02
200754;Kobieta;16;1017;Occasional;2024-06-07
200755;Kobieta;16;1018;Occasional;2023-11-07
200756;Mężczyzna;54;1009;Occasional;2021-07-11
200757;Mężczyzna;23;1012;Regular;2023-10-04
200758;Kobieta;45;1015;Occasional;2021-08-25
200759;Kobieta;29;1005;Occasional;2024-09-26
200760;Kobieta;20;1006;Regular;2023-12-27
200761;Kobieta;57;1014;New;2024-09-30
200762;Mężczyzna;33;1018;VIP;2024-09-18
200763;Kobieta;52;1014;VIP;2024-08-03
200764;Kobieta;34;1003;Occasional;2023-02-13
200765;Kobieta;37;1001;VIP;2024-03-05
200766;Kobieta;38;1012;Regular;2023-09-27
200767;Mężczyzna;35;1014;New;2025-03-29
200768;Mężczyzna;34;1013;Regular;2025-08-23
200769;Kobieta;40;1018;Occasional;2022-03-11
200770;Kobieta;30;1002;Occasional;2025-09-09
200771;Kobieta;33;1008;Occasional;2026-01-21
200772;Kobieta;38;1003;Occasional;2022-04-14
200773;Mężczyzna;39;1003;Occasional;2025-10-01
200774;Kobieta;47;1001;Regular;2023-06-08
200775;Kobieta;42;1016;Regular;2025-11-16
200776;Kobieta;28;1018;Occasional;2023-09-28
200777;Kobieta;32;1017;Occasional;2022-05-07
200778;Kobieta;52;1002;Regular;2021-08-02
200779;Kobieta;42;1017;Regular;2022-06-21
200780;Kobieta;46;1005;Regular;2022-07-12
200781;Kobieta;32;1004;Occasional;2025-04-29
200782;Kobieta;38;1002;Occasional;2021-08-19
200783;Kobieta;32;1018;Regular;2026-02-12
200784;Kobieta;48;1008;Occasional;2024-05-23
200785;Kobieta;34;1009;Occasional;2021-11-25
200786;Mężczyzna;16;1014;Occasional;2025-04-26
200787;Kobieta;43;1006;Regular;2025-03-12
200788;Kobieta;26;1003;Occasional;2021-04-30
200789;Kobieta;29;1013;Regular;2021-01-30
200790;Kobieta;39;1003;New;2022-05-12
200791;Kobieta;46;1011;New;2025-02-12
200792;Kobieta;32;1008;Occasional;2023-01-07
200793;Kobieta;37;1007;Regular;2021-01-20
200794;Kobieta;40;1003;Regular;2026-05-24
200795;Mężczyzna;33;1003;Occasional;2021-11-04
200796;Mężczyzna;26;1007;New;2022-08-28
200797;Kobieta;19;1009;Regular;2025-12-11
200798;Kobieta;36;1013;Regular;2023-11-07
200799;Kobieta;47;1010;Occasional;2021-06-04
200800;Kobieta;17;1013;Occasional;2025-09-17
200801;Kobieta;25;1017;Regular;2025-07-04
200802;Kobieta;23;1016;Regular;2025-09-30
200803;Kobieta;47;1004;VIP;2024-04-07
200804;Kobieta;41;1012;Regular;2025-04-27
200805;Kobieta;34;1010;New;2022-04-25
200806;Kobieta;51;1010;Occasional;2023-06-05
200807;Kobieta;25;1016;New;2024-02-15
200808;Kobieta;48;1008;Occasional;2021-09-02
200809;Kobieta;39;1007;Occasional;2021-02-17
200810;Kobieta;42;1018;Occasional;2026-03-07
200811;Mężczyzna;35;1004;Regular;2024-09-15
200812;Kobieta;30;1014;Occasional;2024-09-13
200813;Kobieta;37;1004;Occasional;2021-03-16
200814;Kobieta;30;1016;Occasional;2025-02-13
200815;Kobieta;39;1007;Regular;2023-01-09
200816;Kobieta;20;1002;Regular;2024-04-28
200817;Kobieta;47;1004;New;2024-11-18
200818;Kobieta;36;1015;Regular;2024-10-08
200819;Kobieta;37;1017;Occasional;2024-03-31
200820;Kobieta;58;1003;Regular;2025-11-30
200821;Kobieta;46;1001;Occasional;2025-06-09
200822;Kobieta;37;1008;Regular;2022-11-27
200823;Kobieta;32;1014;VIP;2024-09-09
200824;Kobieta;31;1012;Occasional;2023-04-04
200825;Mężczyzna;46;1010;Occasional;2025-12-26
200826;Kobieta;25;1003;Regular;2024-06-08
200827;Kobieta;42;1015;Regular;2022-04-09
200828;Mężczyzna;42;1007;Regular;2023-06-21
200829;Mężczyzna;39;1007;Occasional;2022-02-21
200830;Kobieta;28;1015;Occasional;2022-09-05
200831;Kobieta;28;1001;VIP;2025-10-28
200832;Mężczyzna;44;1011;Occasional;2021-10-21
200833;Kobieta;34;1011;Regular;2024-07-22
200834;Kobieta;54;1015;Occasional;2025-06-16
200835;Kobieta;35;1002;Regular;2025-03-07
200836;Kobieta;39;1016;Regular;2024-07-23
200837;Kobieta;32;1014;Regular;2024-12-02
200838;Mężczyzna;36;1014;Occasional;2025-12-25
200839;Kobieta;17;1008;VIP;2023-01-18
200840;Kobieta;44;1009;New;2025-09-03
200841;Mężczyzna;49;1012;Regular;2024-06-04
200842;Kobieta;21;1017;Regular;2024-05-18
200843;Kobieta;37;1002;Occasional;2022-02-24
200844;Kobieta;43;1006;Occasional;2023-07-07
200845;Kobieta;16;1008;Occasional;2021-08-08
200846;Mężczyzna;23;1015;New;2022-08-06
200847;Mężczyzna;31;1013;Regular;2021-11-05
200848;Kobieta;45;1018;Regular;2022-06-29
200849;Mężczyzna;41;1017;Regular;2023-10-11
200850;Kobieta;35;1003;VIP;2025-02-02
200851;Kobieta;24;1003;Regular;2023-02-06
200852;Kobieta;16;1014;Regular;2021-08-28
200853;Kobieta;16;1002;Occasional;2021-12-21
200854;Mężczyzna;37;1004;Regular;2023-06-08
200855;Mężczyzna;28;1017;Regular;2021-09-14
200856;Kobieta;29;1003;VIP;2021-06-09
200857;Kobieta;35;1007;Regular;2025-01-30
200858;Kobieta;49;1012;VIP;2024-07-30
200859;Kobieta;31;1010;Occasional;2025-03-22
200860;Kobieta;38;1017;Regular;2021-07-18
200861;Kobieta;23;1008;Occasional;2024-12-19
200862;Mężczyzna;29;1015;Occasional;2024-07-14
200863;Kobieta;53;1009;New;2024-10-10
200864;Kobieta;39;1005;Regular;2021-04-12
200865;Kobieta;32;1016;Regular;2024-07-02
200866;Kobieta;30;1002;Regular;2023-01-05
200867;Kobieta;24;1006;New;2026-05-10
200868;Kobieta;29;1016;Occasional;2023-05-03
200869;Kobieta;45;1002;Occasional;2023-09-09
200870;Kobieta;36;1002;New;2023-07-09
200871;Kobieta;38;1008;Regular;2023-08-18
200872;Mężczyzna;66;1011;New;2024-05-06
200873;Kobieta;27;1007;Regular;2024-01-22
200874;Kobieta;52;1003;Occasional;2026-02-11
200875;Kobieta;28;1004;Regular;2021-04-18
200876;Kobieta;34;1003;VIP;2021-04-26
200877;Kobieta;17;1009;Occasional;2025-08-18
200878;Kobieta;22;1010;Regular;2022-06-06
200879;Kobieta;31;1007;Regular;2026-03-06
200880;Mężczyzna;40;1017;Regular;2023-12-06
200881;Kobieta;62;1017;Regular;2023-08-24
200882;Mężczyzna;32;1001;VIP;2021-07-17
200883;Kobieta;40;1015;New;2022-12-20
200884;Kobieta;45;1018;VIP;2024-01-07
200885;Kobieta;38;1015;Occasional;2024-07-21
200886;Kobieta;46;1017;Regular;2021-01-17
200887;Kobieta;16;1003;Regular;2023-03-26
200888;Kobieta;24;1010;Occasional;2025-11-19
200889;Kobieta;35;1014;Occasional;2021-08-04
200890;Kobieta;41;1007;VIP;2026-01-09
200891;Kobieta;34;1010;Occasional;2023-01-20
200892;Kobieta;16;1010;Occasional;2023-11-03
200893;Kobieta;41;1013;Regular;2021-04-22
200894;Kobieta;29;1003;Occasional;2022-05-08
200895;Mężczyzna;28;1017;Regular;2026-01-19
200896;Kobieta;30;1005;Regular;2025-07-10
200897;Kobieta;17;1004;Regular;2023-03-14
200898;Kobieta;34;1005;Occasional;2024-05-07
200899;Kobieta;33;1002;Occasional;2024-04-03
200900;Kobieta;40;1005;Regular;2022-01-29
200901;Kobieta;28;1013;Occasional;2024-01-13
200902;Kobieta;44;1013;Occasional;2021-04-22
200903;Kobieta;16;1016;Regular;2025-12-24
200904;Kobieta;35;1012;VIP;2023-05-23
200905;Kobieta;21;1014;VIP;2021-06-26
200906;Kobieta;21;1013;Occasional;2024-11-04
200907;Kobieta;37;1006;VIP;2025-09-04
200908;Mężczyzna;31;1013;VIP;2021-11-28
200909;Mężczyzna;34;1014;Regular;2025-10-13
200910;Kobieta;58;1008;Occasional;2025-03-26
200911;Kobieta;19;1018;Occasional;2021-09-28
200912;Kobieta;52;1018;Regular;2023-03-17
200913;Mężczyzna;40;1009;Occasional;2022-10-19
200914;Kobieta;37;1011;Occasional;2022-03-12
200915;Kobieta;34;1018;New;2022-09-10
200916;Mężczyzna;32;1002;Regular;2023-09-20
200917;Kobieta;42;1014;Occasional;2021-02-27
200918;Kobieta;52;1009;Occasional;2026-01-26
200919;Kobieta;26;1018;Occasional;2023-01-09
200920;Kobieta;16;1017;Regular;2021-05-11
200921;Kobieta;44;1018;Regular;2025-10-26
200922;Mężczyzna;35;1016;Occasional;2025-08-08
200923;Kobieta;23;1006;Regular;2021-04-14
200924;Kobieta;36;1009;VIP;2025-04-20
200925;Kobieta;25;1005;Occasional;2024-07-25
200926;Kobieta;27;1017;VIP;2025-10-17
200927;Mężczyzna;45;1015;Regular;2023-03-18
200928;Kobieta;28;1002;Regular;2022-04-18
200929;Kobieta;40;1004;Occasional;2021-10-11
200930;Kobieta;18;1012;Occasional;2024-12-13
200931;Kobieta;48;1005;Regular;2023-07-14
200932;Mężczyzna;30;1018;Regular;2023-04-26
200933;Kobieta;26;1011;VIP;2025-06-09
200934;Kobieta;30;1016;Occasional;2022-10-07
200935;Kobieta;19;1011;Occasional;2021-07-17
200936;Kobieta;20;1010;New;2024-03-30
200937;Kobieta;43;1015;Regular;2024-03-01
200938;Kobieta;46;1005;Occasional;2025-07-18
200939;Kobieta;39;1002;Occasional;2022-04-20
200940;Kobieta;30;1014;Regular;2024-05-27
200941;Kobieta;21;1017;Regular;2024-07-04
200942;Kobieta;20;1012;Regular;2023-12-01
200943;Kobieta;35;1015;Occasional;2022-06-30
200944;Mężczyzna;29;1014;New;2024-08-24
200945;Kobieta;37;1013;Regular;2024-05-25
200946;Mężczyzna;22;1010;VIP;2026-04-25
200947;Kobieta;18;1010;Regular;2025-02-01
200948;Kobieta;36;1016;Regular;2025-02-26
200949;Kobieta;34;1011;Regular;2026-04-09
200950;Kobieta;50;1008;VIP;2025-04-09
200951;Kobieta;55;1012;Occasional;2023-03-17
200952;Kobieta;37;1012;Occasional;2024-07-29
200953;Kobieta;28;1018;VIP;2021-03-21
200954;Kobieta;16;1002;Occasional;2025-03-07
200955;Kobieta;48;1003;VIP;2023-11-22
200956;Kobieta;33;1015;Occasional;2026-03-29
200957;Kobieta;31;1010;Occasional;2024-08-14
200958;Kobieta;57;1011;Regular;2021-08-27
200959;Kobieta;33;1017;VIP;2023-11-18
200960;Kobieta;37;1013;Occasional;2024-04-14
200961;Kobieta;34;1007;Occasional;2021-09-23
200962;Kobieta;40;1018;Occasional;2025-03-12
200963;Kobieta;37;1002;Regular;2023-03-24
200964;Kobieta;29;1010;New;2024-01-30
200965;Kobieta;34;1006;Regular;2021-05-21
200966;Kobieta;50;1018;Occasional;2022-06-11
200967;Kobieta;23;1010;Occasional;2023-07-20
200968;Kobieta;36;1006;Occasional;2024-11-22
200969;Kobieta;49;1010;Regular;2025-11-07
200970;Kobieta;47;1013;Occasional;2021-06-11
200971;Kobieta;42;1003;Regular;2022-10-07
200972;Kobieta;16;1013;Regular;2023-12-07
200973;Kobieta;30;1009;Occasional;2024-04-23
200974;Mężczyzna;32;1012;Regular;2023-02-02
200975;Kobieta;22;1012;Regular;2023-02-10
200976;Kobieta;27;1003;Regular;2024-09-02
200977;Kobieta;24;1007;Regular;2024-04-14
200978;Kobieta;33;1005;Occasional;2022-04-21
200979;Kobieta;36;1006;Regular;2026-03-31
200980;Kobieta;34;1007;Regular;2021-07-30
200981;Mężczyzna;35;1005;Occasional;2021-02-03
200982;Kobieta;33;1009;VIP;2021-10-27
200983;Mężczyzna;36;1006;Occasional;2023-02-02
200984;Kobieta;28;1012;Regular;2021-09-29
200985;Kobieta;37;1009;Occasional;2025-08-06
200986;Kobieta;16;1004;Regular;2021-05-20
200987;Kobieta;35;1003;Regular;2023-07-05
200988;Kobieta;55;1009;Occasional;2026-05-04
200989;Kobieta;16;1009;Regular;2024-10-14
200990;Kobieta;41;1005;Regular;2024-04-01
200991;Kobieta;37;1006;Regular;2026-02-02
200992;Kobieta;51;1010;Occasional;2021-05-17
200993;Kobieta;42;1011;New;2025-06-17
200994;Kobieta;41;1012;Regular;2025-04-09
200995;Kobieta;48;1016;Regular;2023-07-25
200996;Kobieta;40;1010;Regular;2025-02-19
200997;Kobieta;32;1012;Regular;2024-11-02
200998;Kobieta;33;1014;New;2021-12-28
200999;Kobieta;16;1010;Regular;2025-07-19
201000;Kobieta;20;1004;Regular;2025-11-26
201001;Kobieta;49;1003;Occasional;2025-04-19
201002;Mężczyzna;51;1011;New;2025-08-19
201003;Kobieta;40;1006;Occasional;2021-07-25
201004;Kobieta;32;1015;Regular;2025-05-14
201005;Mężczyzna;34;1006;New;2021-05-04
201006;Kobieta;23;1015;Occasional;2023-07-04
201007;Kobieta;18;1007;Regular;2025-11-15
201008;Kobieta;23;1018;Occasional;2024-01-06
201009;Kobieta;38;1014;Regular;2022-10-19
201010;Kobieta;43;1010;Regular;2022-07-09
201011;Kobieta;17;1014;Regular;2022-06-11
201012;Kobieta;31;1015;Regular;2022-07-31
201013;Mężczyzna;20;1003;Occasional;2026-03-17
201014;Kobieta;34;1006;VIP;2023-06-25
201015;Kobieta;32;1002;VIP;2025-10-11
201016;Kobieta;39;1003;Regular;2023-10-12
201017;Kobieta;16;1002;New;2024-05-22
201018;Mężczyzna;59;1002;Occasional;2026-05-03
201019;Kobieta;52;1001;Regular;2022-11-10
201020;Mężczyzna;40;1007;New;2024-02-27
201021;Kobieta;41;1014;Regular;2025-08-04
201022;Kobieta;16;1018;Occasional;2023-07-03
201023;Mężczyzna;35;1015;Regular;2023-02-12
201024;Kobieta;45;1016;Occasional;2023-08-22
201025;Kobieta;20;1011;New;2021-12-16
201026;Mężczyzna;52;1014;Occasional;2021-09-23
201027;Mężczyzna;22;1003;Occasional;2023-12-01
201028;Kobieta;32;1015;Regular;2021-08-31
201029;Kobieta;46;1002;Occasional;2023-04-11
201030;Kobieta;28;1001;Occasional;2021-12-22
201031;Kobieta;57;1009;Regular;2025-02-28
201032;Kobieta;31;1004;Occasional;2024-08-11
201033;Kobieta;16;1001;Occasional;2025-03-30
201034;Mężczyzna;55;1005;New;2025-05-03
201035;Kobieta;30;1004;Regular;2022-08-24
201036;Mężczyzna;41;1012;VIP;2023-11-12
201037;Kobieta;37;1012;Regular;2023-04-30
201038;Mężczyzna;29;1005;Regular;2024-02-01
201039;Mężczyzna;33;1009;Occasional;2021-08-10
201040;Kobieta;30;1007;VIP;2024-07-01
201041;Kobieta;52;1001;Occasional;2022-09-01
201042;Mężczyzna;35;1007;New;2026-03-02
201043;Mężczyzna;36;1003;Regular;2022-05-08
201044;Mężczyzna;40;1017;VIP;2025-08-07
201045;Mężczyzna;46;1006;Occasional;2025-06-15
201046;Kobieta;27;1003;Regular;2022-05-07
201047;Mężczyzna;33;1009;VIP;2025-03-08
201048;Kobieta;41;1001;Occasional;2022-01-15
201049;Kobieta;31;1002;Occasional;2023-04-21
201050;Mężczyzna;29;1007;Regular;2026-05-20
201051;Mężczyzna;45;1013;Regular;2026-05-15
201052;Mężczyzna;33;1003;Occasional;2023-10-29
201053;Kobieta;45;1001;Regular;2026-01-19
201054;Mężczyzna;33;1016;Regular;2025-10-29
201055;Kobieta;20;1002;Occasional;2024-12-20
201056;Kobieta;35;1016;VIP;2026-02-14
201057;Kobieta;47;1012;Occasional;2022-04-28
201058;Kobieta;39;1007;Occasional;2023-05-20
201059;Kobieta;44;1002;Regular;2024-01-25
201060;Kobieta;44;1014;New;2026-03-23
201061;Kobieta;36;1009;Occasional;2022-10-24
201062;Kobieta;30;1004;Occasional;2022-11-23
201063;Kobieta;30;1016;VIP;2021-02-26
201064;Mężczyzna;38;1005;Regular;2025-09-30
201065;Mężczyzna;52;1007;Occasional;2025-05-06
201066;Kobieta;42;1006;Occasional;2023-09-10
201067;Kobieta;23;1012;New;2026-03-07
201068;Kobieta;30;1014;Regular;2025-12-30
201069;Kobieta;16;1018;Occasional;2022-06-07
201070;Kobieta;33;1007;Regular;2025-03-30
201071;Kobieta;31;1017;New;2022-01-31
201072;Kobieta;38;1006;Occasional;2023-11-10
201073;Kobieta;28;1016;Regular;2022-11-16
201074;Mężczyzna;24;1012;Occasional;2024-08-27
201075;Kobieta;33;1011;New;2024-03-09
201076;Mężczyzna;43;1017;New;2021-01-05
201077;Kobieta;46;1004;VIP;2023-07-08
201078;Kobieta;24;1009;Regular;2025-08-19
201079;Kobieta;37;1018;New;2021-08-15
201080;Mężczyzna;44;1003;Regular;2026-01-28
201081;Mężczyzna;34;1002;Regular;2021-06-01
201082;Mężczyzna;29;1010;Regular;2022-07-18
201083;Mężczyzna;37;1018;Occasional;2023-05-16
201084;Kobieta;41;1009;Occasional;2023-03-15
201085;Kobieta;31;1016;Regular;2025-08-20
201086;Kobieta;41;1016;Regular;2026-03-06
201087;Mężczyzna;26;1013;Regular;2024-05-14
201088;Kobieta;25;1013;Occasional;2022-07-07
201089;Kobieta;51;1009;Occasional;2024-11-08
201090;Kobieta;34;1007;Regular;2022-05-23
201091;Kobieta;31;1017;Occasional;2026-02-21
201092;Kobieta;65;1013;Occasional;2022-01-14
201093;Kobieta;34;1011;Occasional;2026-03-15
201094;Kobieta;24;1012;New;2022-06-09
201095;Kobieta;37;1014;Occasional;2022-06-22
201096;Kobieta;21;1017;Regular;2021-12-23
201097;Kobieta;28;1012;VIP;2023-10-20
201098;Kobieta;22;1005;Occasional;2022-11-14
201099;Kobieta;34;1009;New;2022-08-16
201100;Kobieta;23;1015;Regular;2025-04-20
201101;Kobieta;42;1014;Regular;2025-04-18
201102;Kobieta;51;1003;VIP;2024-03-02
201103;Kobieta;34;1012;Regular;2022-10-15
201104;Kobieta;30;1013;Regular;2025-07-29
201105;Kobieta;43;1012;Occasional;2022-01-12
201106;Kobieta;16;1012;Occasional;2022-06-25
201107;Kobieta;41;1015;Regular;2025-10-10
201108;Kobieta;26;1006;Regular;2021-08-06
201109;Kobieta;43;1011;Occasional;2023-11-30
201110;Kobieta;23;1003;Occasional;2023-12-12
201111;Kobieta;29;1010;Occasional;2026-05-29
201112;Kobieta;47;1008;Regular;2025-05-25
201113;Kobieta;22;1010;Occasional;2025-10-10
201114;Kobieta;33;1007;Occasional;2021-02-18
201115;Kobieta;38;1010;Occasional;2024-12-20
201116;Mężczyzna;16;1010;Occasional;2022-11-17
201117;Kobieta;38;1013;Occasional;2024-05-05
201118;Kobieta;35;1010;Regular;2025-01-01
201119;Kobieta;44;1011;Regular;2024-09-04
201120;Mężczyzna;44;1003;New;2021-01-17
201121;Kobieta;35;1005;Regular;2024-02-20
201122;Kobieta;51;1006;Occasional;2025-07-11
201123;Kobieta;39;1004;VIP;2024-11-25
201124;Kobieta;39;1018;Regular;2021-10-26
201125;Kobieta;31;1016;Occasional;2024-02-15
201126;Mężczyzna;30;1010;Regular;2021-06-03
201127;Mężczyzna;48;1017;Regular;2026-03-17
201128;Kobieta;29;1008;Occasional;2026-03-15
201129;Kobieta;25;1015;New;2024-09-04
201130;Kobieta;40;1014;Occasional;2022-09-29
201131;Kobieta;60;1016;VIP;2025-06-01
201132;Kobieta;18;1006;Regular;2025-05-17
201133;Mężczyzna;45;1004;Occasional;2021-09-28
201134;Kobieta;29;1004;New;2026-03-16
201135;Kobieta;29;1002;VIP;2023-01-16
201136;Kobieta;32;1003;Occasional;2022-05-09
201137;Kobieta;42;1003;Regular;2024-08-03
201138;Kobieta;31;1012;Occasional;2024-10-04
201139;Kobieta;30;1013;Regular;2024-07-12
201140;Mężczyzna;38;1015;Occasional;2021-10-22
201141;Kobieta;33;1016;Occasional;2022-05-16
201142;Kobieta;36;1004;Occasional;2026-04-10
201143;Kobieta;45;1011;Regular;2025-06-20
201144;Kobieta;24;1017;Occasional;2021-05-12
201145;Kobieta;30;1001;Regular;2025-09-16
201146;Kobieta;25;1004;VIP;2023-11-26
201147;Mężczyzna;31;1016;Occasional;2023-07-18
201148;Kobieta;35;1012;Occasional;2022-08-07
201149;Kobieta;35;1004;Occasional;2024-03-16
201150;Mężczyzna;23;1014;Occasional;2021-09-30
201151;Kobieta;43;1006;VIP;2025-10-23
201152;Kobieta;27;1005;Regular;2024-07-11
201153;Kobieta;37;1009;Occasional;2025-06-17
201154;Kobieta;51;1010;Regular;2022-12-27
201155;Mężczyzna;49;1004;Occasional;2021-05-27
201156;Mężczyzna;42;1008;Occasional;2023-07-18
201157;Kobieta;40;1004;VIP;2024-03-20
201158;Kobieta;56;1002;Occasional;2024-06-09
201159;Mężczyzna;25;1016;Regular;2023-04-07
201160;Kobieta;32;1003;Regular;2021-11-06
201161;Kobieta;39;1003;Regular;2025-06-27
201162;Kobieta;41;1005;Occasional;2022-05-21
201163;Kobieta;28;1008;Occasional;2024-04-20
201164;Kobieta;26;1008;Occasional;2023-05-25
201165;Kobieta;36;1013;Occasional;2025-08-12
201166;Kobieta;25;1017;Regular;2022-05-21
201167;Kobieta;29;1001;Regular;2024-09-02
201168;Kobieta;30;1015;Regular;2026-03-03
201169;Kobieta;41;1010;Regular;2025-07-21
201170;Mężczyzna;54;1005;Occasional;2025-11-23
201171;Kobieta;42;1006;VIP;2025-03-22
201172;Kobieta;40;1013;Regular;2021-12-21
201173;Kobieta;44;1004;Occasional;2026-05-06
201174;Kobieta;45;1004;Occasional;2022-02-07
201175;Kobieta;23;1017;Regular;2025-09-15
201176;Kobieta;36;1006;Occasional;2024-10-16
201177;Kobieta;21;1008;Occasional;2025-03-31
201178;Kobieta;53;1010;New;2021-12-11
201179;Kobieta;46;1005;Regular;2022-09-25
201180;Kobieta;29;1008;Occasional;2021-04-14
201181;Kobieta;29;1008;Occasional;2023-09-06
201182;Kobieta;48;1017;Occasional;2024-12-20
201183;Mężczyzna;43;1008;New;2023-02-23
201184;Kobieta;35;1014;Occasional;2024-03-03
201185;Kobieta;32;1007;VIP;2024-12-04
201186;Kobieta;28;1015;New;2025-02-14
201187;Kobieta;33;1006;Regular;2024-08-18
201188;Kobieta;42;1010;Regular;2024-08-18
201189;Kobieta;36;1007;Regular;2021-11-27
201190;Kobieta;27;1014;New;2023-06-20
201191;Kobieta;37;1017;Occasional;2025-11-26
201192;Kobieta;47;1010;Regular;2022-11-07
201193;Kobieta;29;1018;Occasional;2022-09-15
201194;Kobieta;55;1002;Occasional;2025-05-06
201195;Kobieta;35;1012;Regular;2025-09-24
201196;Kobieta;21;1017;VIP;2023-09-30
201197;Kobieta;49;1011;VIP;2021-04-15
201198;Mężczyzna;31;1018;Occasional;2021-06-04
201199;Kobieta;46;1001;VIP;2022-04-29
201200;Kobieta;37;1010;Regular;2021-07-14
201201;Kobieta;34;1009;VIP;2021-04-13
201202;Mężczyzna;26;1015;Occasional;2024-11-17
201203;Kobieta;45;1005;Regular;2022-07-29
201204;Kobieta;73;1002;Occasional;2025-06-05
201205;Kobieta;35;1010;Regular;2021-10-07
201206;Kobieta;32;1003;Occasional;2021-09-08
201207;Kobieta;38;1013;Occasional;2023-09-04
201208;Mężczyzna;41;1004;Regular;2025-11-25
201209;Mężczyzna;36;1006;New;2025-09-12
201210;Kobieta;32;1008;Regular;2022-07-10
201211;Kobieta;30;1014;Occasional;2021-02-18
201212;Kobieta;58;1010;Regular;2021-07-24
201213;Kobieta;20;1003;Occasional;2022-04-14
201214;Kobieta;42;1004;Regular;2023-06-14
201215;Kobieta;32;1002;Regular;2025-04-30
201216;Kobieta;25;1013;Occasional;2026-01-11
201217;Kobieta;44;1016;New;2022-03-01
201218;Mężczyzna;51;1008;Regular;2024-07-15
201219;Kobieta;43;1007;Occasional;2024-10-07
201220;Kobieta;52;1001;VIP;2023-06-05
201221;Kobieta;50;1013;Regular;2025-09-01
201222;Kobieta;39;1014;VIP;2023-09-11
201223;Kobieta;50;1014;Regular;2025-11-13
201224;Kobieta;30;1011;Regular;2026-01-30
201225;Kobieta;60;1002;VIP;2023-09-09
201226;Kobieta;28;1008;Regular;2026-05-14
201227;Kobieta;16;1007;Regular;2021-12-04
201228;Kobieta;36;1011;Regular;2025-04-29
201229;Kobieta;43;1006;New;2022-02-05
201230;Kobieta;26;1017;VIP;2024-03-28
201231;Kobieta;28;1009;Occasional;2025-09-21
201232;Kobieta;22;1004;New;2022-08-27
201233;Kobieta;20;1009;Regular;2024-12-25
201234;Kobieta;40;1014;New;2024-02-28
201235;Kobieta;40;1014;Regular;2021-08-26
201236;Kobieta;40;1005;Regular;2026-03-12
201237;Kobieta;35;1010;VIP;2025-08-16
201238;Mężczyzna;18;1016;Occasional;2022-11-26
201239;Mężczyzna;36;1015;Regular;2024-10-31
201240;Mężczyzna;16;1003;Occasional;2023-02-22
201241;Kobieta;45;1012;Occasional;2024-12-19
201242;Kobieta;41;1011;Regular;2022-11-07
201243;Kobieta;35;1009;VIP;2021-11-17
201244;Kobieta;34;1008;Regular;2022-03-16
201245;Mężczyzna;51;1016;Regular;2025-12-24
201246;Kobieta;20;1017;Regular;2025-04-28
201247;Kobieta;33;1012;VIP;2023-01-04
201248;Mężczyzna;19;1009;Regular;2025-05-11
201249;Kobieta;22;1009;Occasional;2022-11-07
201250;Kobieta;29;1013;Regular;2021-08-24
201251;Mężczyzna;36;1014;Regular;2022-11-09
201252;Kobieta;50;1001;New;2023-12-29
201253;Kobieta;20;1003;VIP;2024-06-06
201254;Kobieta;24;1010;Occasional;2023-10-17
201255;Kobieta;28;1002;Occasional;2025-04-07
201256;Kobieta;30;1005;Occasional;2024-05-27
201257;Kobieta;26;1004;Regular;2024-02-20
201258;Kobieta;41;1014;Regular;2021-11-14
201259;Kobieta;41;1010;Occasional;2025-01-17
201260;Kobieta;37;1006;Regular;2026-02-12
201261;Kobieta;34;1003;Regular;2024-09-19
201262;Kobieta;24;1013;Regular;2024-01-31
201263;Kobieta;47;1008;Regular;2025-03-19
201264;Kobieta;26;1012;New;2021-03-07
201265;Kobieta;29;1015;Regular;2024-08-20
201266;Kobieta;19;1018;Occasional;2024-04-22
201267;Kobieta;33;1015;Regular;2025-02-02
201268;Kobieta;28;1011;New;2023-10-17
201269;Kobieta;49;1013;Regular;2022-01-27
201270;Kobieta;20;1011;Regular;2024-09-27
201271;Mężczyzna;17;1013;Regular;2025-04-20
201272;Kobieta;43;1005;Occasional;2025-02-16
201273;Kobieta;26;1001;Occasional;2021-09-12
201274;Kobieta;18;1015;Regular;2024-06-05
201275;Mężczyzna;37;1011;Regular;2025-01-01
201276;Kobieta;51;1012;Regular;2021-08-03
201277;Kobieta;36;1007;Occasional;2021-07-20
201278;Kobieta;33;1005;Occasional;2021-10-09
201279;Kobieta;54;1010;Regular;2021-02-12
201280;Kobieta;25;1005;VIP;2021-09-09
201281;Kobieta;41;1011;Regular;2024-05-10
201282;Mężczyzna;51;1001;VIP;2021-05-23
201283;Kobieta;48;1013;Regular;2024-07-01
201284;Mężczyzna;52;1003;Regular;2024-05-09
201285;Kobieta;22;1002;Occasional;2022-04-24
201286;Kobieta;56;1002;VIP;2022-09-28
201287;Kobieta;34;1003;New;2024-03-11
201288;Kobieta;44;1014;Occasional;2023-06-13
201289;Mężczyzna;37;1016;Regular;2025-12-19
201290;Kobieta;31;1011;Regular;2023-05-01
201291;Mężczyzna;22;1001;New;2024-02-13
201292;Kobieta;62;1003;New;2024-09-24
201293;Kobieta;16;1003;New;2022-07-20
201294;Kobieta;22;1007;Occasional;2026-03-20
201295;Kobieta;44;1013;Regular;2022-05-13
201296;Kobieta;16;1011;Regular;2026-01-17
201297;Kobieta;16;1012;New;2021-06-28
201298;Kobieta;16;1013;Regular;2021-01-23
201299;Kobieta;46;1017;Regular;2022-04-15
201300;Kobieta;53;1007;Occasional;2021-12-08
201301;Kobieta;25;1003;Regular;2021-09-17
201302;Kobieta;18;1014;Occasional;2022-07-03
201303;Kobieta;16;1004;VIP;2025-05-27
201304;Kobieta;19;1015;Regular;2021-03-22
201305;Kobieta;16;1013;Regular;2024-12-05
201306;Kobieta;21;1011;Occasional;2024-04-11
201307;Kobieta;52;1002;Occasional;2025-08-08
201308;Kobieta;28;1003;Regular;2023-10-31
201309;Kobieta;63;1013;Regular;2023-06-09
201310;Kobieta;24;1018;New;2022-10-25
201311;Kobieta;26;1004;Regular;2021-04-10
201312;Kobieta;60;1001;Regular;2023-11-01
201313;Kobieta;55;1018;Occasional;2024-09-07
201314;Kobieta;34;1011;Regular;2023-07-09
201315;Kobieta;34;1002;Occasional;2022-07-22
201316;Kobieta;28;1002;New;2022-09-19
201317;Kobieta;39;1010;Occasional;2021-02-14
201318;Kobieta;33;1001;Regular;2022-06-29
201319;Kobieta;37;1017;Regular;2025-07-29
201320;Kobieta;23;1003;VIP;2022-12-29
201321;Kobieta;45;1006;Regular;2024-07-17
201322;Kobieta;42;1013;Occasional;2021-01-14
201323;Kobieta;26;1013;VIP;2023-12-14
201324;Kobieta;17;1001;VIP;2022-04-04
201325;Kobieta;41;1017;Regular;2025-10-30
201326;Kobieta;44;1018;Regular;2021-04-25
201327;Kobieta;46;1012;Occasional;2021-03-12
201328;Kobieta;45;1004;Regular;2025-05-26
201329;Kobieta;37;1005;Regular;2025-04-05
201330;Kobieta;21;1015;Occasional;2023-08-26
201331;Kobieta;36;1008;Occasional;2025-12-30
201332;Kobieta;16;1010;VIP;2022-04-18
201333;Kobieta;40;1011;Occasional;2021-01-10
201334;Kobieta;43;1009;Regular;2024-12-16
201335;Kobieta;30;1002;Regular;2025-08-21
201336;Kobieta;28;1007;Occasional;2023-12-01
201337;Kobieta;34;1017;Occasional;2021-08-23
201338;Kobieta;39;1018;Regular;2025-11-19
201339;Kobieta;36;1016;Regular;2024-02-13
201340;Kobieta;19;1011;Occasional;2024-07-22
201341;Kobieta;39;1015;Regular;2021-06-30
201342;Kobieta;41;1018;Occasional;2024-07-25
201343;Kobieta;27;1014;Regular;2022-11-23
201344;Kobieta;38;1012;Occasional;2023-08-05
201345;Kobieta;39;1003;Occasional;2026-01-10
201346;Kobieta;31;1015;Regular;2021-05-27
201347;Kobieta;47;1004;Regular;2024-05-15
201348;Kobieta;57;1004;Occasional;2023-05-01
201349;Kobieta;33;1005;Regular;2022-05-21
201350;Kobieta;34;1003;Regular;2025-03-27
201351;Kobieta;35;1014;VIP;2025-06-16
201352;Kobieta;50;1005;Regular;2024-05-28
201353;Kobieta;49;1009;New;2023-08-03
201354;Kobieta;24;1004;Regular;2023-03-22
201355;Kobieta;20;1016;Occasional;2025-08-22
201356;Kobieta;27;1006;Regular;2021-04-29
201357;Kobieta;16;1018;New;2023-07-10
201358;Kobieta;21;1011;Occasional;2025-06-19
201359;Kobieta;39;1005;New;2026-04-26
201360;Kobieta;34;1004;Occasional;2022-08-02
201361;Kobieta;33;1005;New;2022-11-21
201362;Kobieta;52;1003;Regular;2021-08-20
201363;Kobieta;24;1012;VIP;2025-01-13
201364;Kobieta;39;1001;Regular;2021-12-27
201365;Kobieta;31;1018;Occasional;2023-01-10
201366;Kobieta;44;1009;New;2021-12-10
201367;Kobieta;44;1005;Regular;2021-08-27
201368;Mężczyzna;23;1002;Regular;2025-01-27
201369;Kobieta;49;1009;Regular;2023-02-25
201370;Kobieta;44;1016;VIP;2022-02-27
201371;Kobieta;16;1017;Regular;2025-08-15
201372;Kobieta;16;1012;Regular;2024-01-24
201373;Kobieta;34;1012;Regular;2022-03-16
201374;Mężczyzna;34;1002;Occasional;2023-04-29
201375;Kobieta;35;1001;Occasional;2023-11-24
201376;Mężczyzna;27;1014;Regular;2023-08-15
201377;Kobieta;21;1018;Regular;2025-10-01
201378;Kobieta;22;1016;Occasional;2025-02-06
201379;Kobieta;29;1001;Occasional;2023-12-09
201380;Kobieta;32;1005;New;2022-07-24
201381;Kobieta;46;1013;Regular;2025-02-01
201382;Kobieta;48;1009;Regular;2021-06-09
201383;Kobieta;40;1012;Regular;2023-07-09
201384;Kobieta;36;1003;Regular;2023-03-06
201385;Kobieta;46;1014;Occasional;2025-09-20
201386;Kobieta;28;1008;New;2023-04-19
201387;Kobieta;18;1007;Occasional;2022-09-14
201388;Kobieta;24;1016;Occasional;2022-01-31
201389;Kobieta;52;1014;Regular;2023-04-29
201390;Kobieta;34;1006;Occasional;2023-04-07
201391;Mężczyzna;23;1012;New;2022-10-25
201392;Kobieta;27;1017;Regular;2023-08-01
201393;Kobieta;31;1018;Regular;2021-04-04
201394;Kobieta;30;1008;VIP;2022-06-10
201395;Kobieta;16;1007;Occasional;2023-12-18
201396;Kobieta;34;1002;Regular;2026-05-24
201397;Kobieta;26;1017;Regular;2022-02-02
201398;Kobieta;56;1015;Regular;2022-09-24
201399;Kobieta;47;1007;Regular;2025-12-15
201400;Kobieta;50;1004;Occasional;2025-02-09
201401;Kobieta;36;1015;Regular;2022-03-10
201402;Kobieta;21;1010;Occasional;2022-09-26
201403;Mężczyzna;20;1004;Regular;2024-10-25
201404;Kobieta;16;1004;Occasional;2025-11-03
201405;Mężczyzna;53;1018;Occasional;2021-08-04
201406;Kobieta;28;1007;Regular;2022-11-03
201407;Kobieta;28;1013;Regular;2024-12-26
201408;Kobieta;46;1013;Occasional;2023-06-03
201409;Kobieta;43;1013;Occasional;2024-10-13
201410;Kobieta;16;1006;New;2023-08-10
201411;Kobieta;43;1016;Regular;2024-11-06
201412;Kobieta;38;1017;Occasional;2022-10-26
201413;Mężczyzna;45;1002;VIP;2025-12-02
201414;Kobieta;43;1011;Occasional;2021-05-11
201415;Mężczyzna;32;1005;VIP;2022-03-29
201416;Mężczyzna;52;1013;Regular;2024-02-21
201417;Kobieta;50;1016;Occasional;2022-03-11
201418;Kobieta;43;1015;Regular;2023-10-01
201419;Mężczyzna;52;1016;Occasional;2025-04-24
201420;Kobieta;27;1005;Regular;2025-10-14
201421;Kobieta;16;1011;Occasional;2023-04-13
201422;Kobieta;38;1002;Regular;2025-11-21
201423;Kobieta;50;1014;VIP;2021-02-21
201424;Mężczyzna;34;1005;Regular;2026-01-22
201425;Kobieta;21;1016;New;2021-11-19
201426;Kobieta;37;1005;Occasional;2022-04-03
201427;Kobieta;28;1001;Regular;2022-11-16
201428;Kobieta;22;1013;Occasional;2024-08-17
201429;Kobieta;33;1008;Regular;2023-04-09
201430;Kobieta;34;1017;Occasional;2025-08-26
201431;Kobieta;56;1016;New;2023-03-10
201432;Kobieta;25;1015;New;2021-07-16
201433;Kobieta;19;1006;Occasional;2024-05-19
201434;Kobieta;31;1011;Occasional;2023-08-18
201435;Kobieta;25;1014;New;2024-07-30
201436;Kobieta;36;1008;Occasional;2023-07-14
201437;Kobieta;43;1015;Occasional;2025-10-31
201438;Kobieta;54;1006;Regular;2023-08-28
201439;Mężczyzna;52;1013;VIP;2025-05-28
201440;Kobieta;49;1003;Regular;2023-12-04
201441;Kobieta;22;1015;Occasional;2021-05-20
201442;Kobieta;40;1018;Regular;2023-11-13
201443;Mężczyzna;27;1015;New;2022-04-02
201444;Kobieta;45;1011;Regular;2022-11-12
201445;Kobieta;48;1001;Occasional;2025-11-09
201446;Kobieta;39;1004;New;2021-04-23
201447;Kobieta;61;1018;Regular;2022-02-11
201448;Mężczyzna;42;1004;Regular;2024-04-27
201449;Kobieta;36;1009;Occasional;2025-08-04
201450;Mężczyzna;51;1013;New;2022-03-24
201451;Mężczyzna;35;1016;Occasional;2022-05-03
201452;Kobieta;37;1002;Regular;2022-11-02
201453;Kobieta;27;1013;VIP;2021-11-28
201454;Kobieta;38;1007;VIP;2024-12-23
201455;Kobieta;27;1002;New;2023-03-28
201456;Mężczyzna;20;1012;Regular;2021-02-07
201457;Kobieta;46;1017;VIP;2026-02-26
201458;Kobieta;40;1017;Occasional;2021-07-18
201459;Kobieta;29;1009;Regular;2026-05-08
201460;Kobieta;52;1006;Regular;2022-05-05
201461;Mężczyzna;35;1008;Regular;2024-12-30
201462;Kobieta;46;1018;Regular;2024-08-16
201463;Kobieta;33;1018;New;2021-09-22
201464;Kobieta;48;1010;Occasional;2025-09-16
201465;Kobieta;16;1007;Regular;2024-12-05
201466;Kobieta;16;1015;Regular;2025-05-16
201467;Kobieta;18;1002;VIP;2025-02-05
201468;Kobieta;46;1008;Occasional;2022-05-20
201469;Kobieta;21;1016;Regular;2021-02-04
201470;Kobieta;38;1003;New;2024-04-26
201471;Kobieta;23;1008;Regular;2021-01-29
201472;Kobieta;45;1007;Regular;2023-01-06
201473;Kobieta;33;1003;Regular;2021-07-29
201474;Kobieta;48;1014;VIP;2024-01-04
201475;Kobieta;59;1005;New;2023-03-16
201476;Kobieta;62;1008;Regular;2024-06-03
201477;Mężczyzna;47;1003;Occasional;2024-05-07
201478;Kobieta;28;1016;VIP;2025-08-12
201479;Kobieta;35;1013;Regular;2024-05-04
201480;Kobieta;46;1017;Occasional;2022-02-06
201481;Kobieta;32;1006;Occasional;2025-12-05
201482;Kobieta;31;1017;Occasional;2025-01-20
201483;Mężczyzna;38;1002;Regular;2025-05-05
201484;Mężczyzna;34;1015;Regular;2025-04-22
201485;Kobieta;51;1009;Occasional;2024-05-21
201486;Kobieta;16;1012;VIP;2022-06-08
201487;Kobieta;49;1002;Regular;2023-08-07
201488;Kobieta;27;1004;New;2021-02-17
201489;Mężczyzna;55;1012;New;2025-11-18
201490;Kobieta;45;1016;Occasional;2024-04-13
201491;Kobieta;20;1013;New;2023-05-06
201492;Mężczyzna;31;1004;Occasional;2025-10-18
201493;Kobieta;50;1002;VIP;2022-05-24
201494;Kobieta;48;1014;Regular;2021-08-12
201495;Mężczyzna;33;1016;Occasional;2026-04-14
201496;Kobieta;27;1010;Regular;2023-09-16
201497;Kobieta;38;1002;Occasional;2025-03-19
201498;Kobieta;42;1012;Occasional;2022-02-12
201499;Kobieta;16;1007;Regular;2026-02-01
201500;Kobieta;49;1001;Occasional;2023-02-27
201501;Mężczyzna;23;1001;Occasional;2025-09-11
201502;Kobieta;39;1004;Regular;2021-01-07
201503;Kobieta;36;1014;Occasional;2022-03-05
201504;Kobieta;46;1017;Regular;2025-05-29
201505;Kobieta;16;1013;VIP;2023-02-04
201506;Kobieta;50;1006;Regular;2023-05-08
201507;Kobieta;32;1007;VIP;2026-01-15
201508;Kobieta;37;1010;Occasional;2024-03-01
201509;Kobieta;38;1016;Regular;2025-05-30
201510;Kobieta;20;1016;Regular;2022-07-06
201511;Kobieta;33;1016;Regular;2022-12-26
201512;Kobieta;30;1011;Regular;2025-08-19
201513;Kobieta;25;1012;Occasional;2023-07-31
201514;Kobieta;52;1007;Regular;2025-12-04
201515;Kobieta;40;1016;Occasional;2024-01-18
201516;Mężczyzna;59;1012;VIP;2022-10-29
201517;Kobieta;30;1005;Regular;2021-08-28
201518;Mężczyzna;38;1014;Occasional;2025-10-18
201519;Kobieta;42;1008;Regular;2026-03-12
201520;Kobieta;18;1016;Regular;2024-06-02
201521;Kobieta;39;1003;Regular;2025-10-08
201522;Kobieta;28;1011;Regular;2022-02-12
201523;Kobieta;16;1008;Regular;2023-01-03
201524;Kobieta;36;1014;Regular;2021-11-14
201525;Kobieta;33;1004;VIP;2025-08-29
201526;Kobieta;52;1015;Occasional;2022-10-23
201527;Kobieta;17;1015;New;2023-11-28
201528;Kobieta;39;1002;Regular;2024-04-01
201529;Kobieta;24;1007;Occasional;2022-01-20
201530;Kobieta;30;1010;New;2025-10-03
201531;Kobieta;37;1017;Regular;2021-03-18
201532;Kobieta;43;1011;Regular;2022-11-01
201533;Kobieta;49;1003;VIP;2025-04-26
201534;Kobieta;49;1016;New;2021-02-11
201535;Kobieta;25;1005;VIP;2022-01-19
201536;Kobieta;38;1018;Regular;2024-04-28
201537;Kobieta;16;1013;Regular;2023-07-16
201538;Mężczyzna;48;1005;Occasional;2026-03-11
201539;Kobieta;27;1001;Occasional;2023-04-18
201540;Kobieta;30;1010;Regular;2024-04-03
201541;Kobieta;28;1004;Occasional;2021-04-07
201542;Mężczyzna;39;1018;Regular;2024-07-05
201543;Kobieta;19;1016;Regular;2023-11-18
201544;Kobieta;41;1011;New;2025-12-18
201545;Mężczyzna;24;1009;Regular;2024-10-26
201546;Kobieta;26;1006;Regular;2022-01-11
201547;Kobieta;32;1009;Occasional;2024-11-16
201548;Kobieta;35;1003;Occasional;2023-10-31
201549;Kobieta;24;1001;Regular;2021-12-14
201550;Kobieta;24;1006;Occasional;2024-07-16
201551;Kobieta;27;1009;Occasional;2025-04-19
201552;Kobieta;47;1003;Occasional;2024-03-29
201553;Kobieta;24;1002;Regular;2021-01-07
201554;Kobieta;35;1015;Occasional;2022-03-14
201555;Kobieta;47;1012;Regular;2025-07-11
201556;Mężczyzna;29;1017;Regular;2025-03-14
201557;Kobieta;30;1002;Occasional;2023-04-10
201558;Kobieta;39;1016;Regular;2022-05-05
201559;Mężczyzna;23;1011;Occasional;2022-03-24
201560;Kobieta;31;1018;Occasional;2026-01-02
201561;Mężczyzna;52;1004;New;2023-05-17
201562;Kobieta;26;1001;Regular;2025-12-29
201563;Kobieta;33;1006;VIP;2025-06-13
201564;Kobieta;26;1009;Regular;2021-01-31
201565;Kobieta;32;1005;Regular;2024-08-26
201566;Kobieta;20;1018;Regular;2024-12-29
201567;Kobieta;51;1005;Regular;2023-04-14
201568;Mężczyzna;46;1009;VIP;2024-01-01
201569;Kobieta;31;1016;Regular;2022-11-20
201570;Kobieta;25;1006;Regular;2022-07-01
201571;Kobieta;46;1014;Regular;2024-11-23
201572;Kobieta;19;1006;Regular;2025-05-06
201573;Kobieta;24;1002;Occasional;2023-03-04
201574;Kobieta;44;1017;Occasional;2022-11-04
201575;Kobieta;23;1001;Occasional;2023-11-14
201576;Kobieta;52;1007;Regular;2021-04-23
201577;Kobieta;21;1006;VIP;2025-11-08
201578;Kobieta;25;1013;Occasional;2025-06-09
201579;Kobieta;16;1016;Occasional;2025-07-26
201580;Kobieta;21;1017;Regular;2025-10-15
201581;Kobieta;24;1017;New;2021-11-21
201582;Kobieta;41;1018;Regular;2023-10-04
201583;Kobieta;35;1016;Regular;2024-01-18
201584;Kobieta;23;1003;VIP;2022-08-18
201585;Mężczyzna;22;1017;Regular;2022-04-09
201586;Kobieta;37;1006;Occasional;2022-01-25
201587;Kobieta;29;1006;VIP;2023-07-19
201588;Kobieta;20;1004;New;2023-02-20
201589;Kobieta;37;1005;Regular;2023-12-07
201590;Kobieta;23;1004;Regular;2024-06-09
201591;Kobieta;45;1003;Regular;2022-11-29
201592;Kobieta;46;1005;Regular;2023-06-29
201593;Kobieta;29;1006;VIP;2024-08-12
201594;Kobieta;43;1005;New;2022-01-23
201595;Kobieta;33;1002;Regular;2024-09-19
201596;Kobieta;16;1005;Occasional;2022-02-07
201597;Mężczyzna;16;1015;Regular;2023-12-25
201598;Kobieta;47;1014;New;2025-05-25
201599;Kobieta;39;1002;Regular;2022-04-22
201600;Kobieta;35;1010;New;2026-05-18
201601;Kobieta;29;1017;Occasional;2024-04-19
201602;Kobieta;30;1011;Regular;2023-12-25
201603;Kobieta;16;1016;Regular;2025-03-15
201604;Kobieta;24;1016;Regular;2026-02-21
201605;Kobieta;36;1018;Regular;2021-03-21
201606;Kobieta;40;1007;Regular;2024-12-06
201607;Kobieta;44;1005;Occasional;2022-03-18
201608;Mężczyzna;24;1005;Regular;2025-12-07
201609;Kobieta;37;1008;New;2023-12-12
201610;Mężczyzna;45;1007;Occasional;2023-08-04
201611;Kobieta;52;1010;VIP;2023-08-09
201612;Kobieta;54;1004;Regular;2022-12-08
201613;Mężczyzna;40;1011;Regular;2024-08-05
201614;Mężczyzna;16;1001;Occasional;2024-07-16
201615;Kobieta;25;1014;VIP;2023-06-19
201616;Kobieta;25;1003;New;2022-02-21
201617;Kobieta;80;1012;New;2022-07-25
201618;Kobieta;44;1004;Regular;2026-01-14
201619;Kobieta;41;1008;Regular;2024-11-16
201620;Kobieta;25;1008;Occasional;2021-07-15
201621;Kobieta;41;1003;Regular;2024-01-04
201622;Kobieta;61;1010;Regular;2021-08-12
201623;Kobieta;53;1001;Occasional;2021-12-24
201624;Kobieta;16;1011;Regular;2024-08-19
201625;Kobieta;38;1005;New;2024-11-26
201626;Kobieta;31;1013;Regular;2026-01-25
201627;Kobieta;48;1010;VIP;2021-03-31
201628;Kobieta;44;1012;Occasional;2023-02-08
201629;Kobieta;16;1005;New;2023-05-25
201630;Kobieta;23;1014;Occasional;2022-06-14
201631;Kobieta;18;1011;New;2021-06-10
201632;Kobieta;54;1007;Regular;2025-01-03
201633;Kobieta;42;1015;Regular;2021-01-10
201634;Kobieta;18;1002;VIP;2023-07-13
201635;Kobieta;21;1004;Regular;2021-03-13
201636;Kobieta;36;1002;Occasional;2025-02-15
201637;Kobieta;30;1010;Occasional;2023-11-05
201638;Mężczyzna;35;1015;VIP;2024-09-09
201639;Mężczyzna;33;1002;Regular;2022-03-24
201640;Kobieta;37;1013;Regular;2023-02-28
201641;Kobieta;32;1005;Regular;2023-02-08
201642;Kobieta;16;1008;Occasional;2022-09-24
201643;Kobieta;28;1012;Regular;2021-03-11
201644;Mężczyzna;23;1005;Occasional;2023-05-22
201645;Kobieta;33;1012;VIP;2025-01-03
201646;Kobieta;37;1003;Regular;2021-09-16
201647;Kobieta;16;1008;New;2021-01-10
201648;Kobieta;19;1015;Occasional;2022-11-25
201649;Kobieta;24;1001;Occasional;2021-11-28
201650;Kobieta;41;1014;Regular;2021-09-10
201651;Kobieta;35;1010;Occasional;2022-10-08
201652;Kobieta;23;1006;Regular;2024-06-30
201653;Kobieta;26;1013;Occasional;2021-11-21
201654;Mężczyzna;34;1008;Regular;2021-12-24
201655;Kobieta;34;1007;VIP;2021-07-13
201656;Kobieta;30;1012;Occasional;2021-09-13
201657;Kobieta;20;1014;Regular;2021-01-21
201658;Kobieta;28;1001;Regular;2024-10-26
201659;Kobieta;31;1008;New;2025-03-01
201660;Kobieta;28;1012;New;2023-09-20
201661;Kobieta;61;1002;New;2021-07-07
201662;Kobieta;41;1003;Occasional;2026-02-20
201663;Kobieta;36;1007;VIP;2021-04-16
201664;Kobieta;31;1008;Occasional;2024-12-09
201665;Mężczyzna;64;1017;Occasional;2021-05-27
201666;Kobieta;38;1007;Occasional;2026-03-28
201667;Kobieta;49;1002;Regular;2021-07-17
201668;Kobieta;34;1003;Regular;2021-08-21
201669;Kobieta;40;1006;Occasional;2024-06-10
201670;Kobieta;60;1008;VIP;2025-09-04
201671;Kobieta;36;1001;Regular;2022-01-21
201672;Kobieta;42;1014;Regular;2025-02-26
201673;Kobieta;31;1011;Regular;2023-12-23
201674;Kobieta;37;1009;Regular;2026-01-25
201675;Mężczyzna;49;1005;Regular;2025-11-28
201676;Kobieta;39;1012;New;2021-03-22
201677;Kobieta;44;1016;Occasional;2023-01-10
201678;Kobieta;27;1002;Regular;2024-11-29
201679;Mężczyzna;31;1001;Regular;2022-03-25
201680;Kobieta;16;1003;VIP;2023-10-29
201681;Kobieta;27;1014;Occasional;2024-01-04
201682;Kobieta;31;1011;Regular;2021-02-15
201683;Kobieta;36;1009;VIP;2024-05-21
201684;Kobieta;20;1004;Regular;2025-03-10
201685;Mężczyzna;16;1012;Regular;2023-01-06
201686;Kobieta;21;1015;Occasional;2022-02-13
201687;Kobieta;26;1016;New;2023-02-12
201688;Kobieta;46;1005;Regular;2024-09-13
201689;Kobieta;19;1005;Occasional;2025-01-04
201690;Kobieta;47;1014;Occasional;2021-02-01
201691;Kobieta;51;1007;Regular;2024-11-14
201692;Kobieta;31;1013;Regular;2022-01-20
201693;Kobieta;21;1013;Regular;2022-09-11
201694;Kobieta;16;1002;Regular;2021-05-15
201695;Kobieta;47;1013;Occasional;2022-08-24
201696;Kobieta;45;1016;New;2021-04-30
201697;Kobieta;40;1007;Regular;2021-12-30
201698;Kobieta;18;1010;Regular;2022-09-13
201699;Kobieta;32;1011;Occasional;2021-06-23
201700;Kobieta;37;1010;Regular;2021-05-08
201701;Kobieta;25;1005;Regular;2025-02-25
201702;Kobieta;42;1011;Regular;2025-08-13
201703;Mężczyzna;38;1001;Occasional;2025-07-17
201704;Kobieta;41;1007;Regular;2022-11-08
201705;Kobieta;37;1017;Regular;2021-08-22
201706;Kobieta;30;1002;Occasional;2021-12-28
201707;Kobieta;32;1002;New;2024-05-20
201708;Kobieta;42;1011;Regular;2021-02-11
201709;Kobieta;59;1001;Occasional;2026-04-29
201710;Kobieta;31;1002;VIP;2022-05-18
201711;Kobieta;34;1015;Regular;2022-06-03
201712;Kobieta;37;1018;Regular;2021-09-23
201713;Kobieta;42;1004;Regular;2021-02-10
201714;Kobieta;55;1013;Regular;2023-07-26
201715;Kobieta;49;1018;New;2025-07-03
201716;Mężczyzna;53;1005;Regular;2022-12-11
201717;Kobieta;48;1001;VIP;2025-09-09
201718;Kobieta;27;1008;Occasional;2025-10-27
201719;Kobieta;46;1003;Regular;2021-01-27
201720;Kobieta;31;1014;VIP;2024-08-03
201721;Kobieta;22;1003;Regular;2023-05-16
201722;Kobieta;16;1015;VIP;2025-05-24
201723;Mężczyzna;16;1016;Occasional;2024-03-24
201724;Kobieta;17;1010;Occasional;2022-03-26
201725;Kobieta;23;1011;Occasional;2023-11-27
201726;Kobieta;33;1018;Regular;2023-09-06
201727;Kobieta;49;1011;New;2024-03-09
201728;Kobieta;46;1018;Regular;2021-05-20
201729;Kobieta;31;1002;Occasional;2021-09-03
201730;Kobieta;41;1007;Occasional;2025-03-16
201731;Kobieta;36;1008;VIP;2026-05-19
201732;Kobieta;41;1002;Occasional;2024-03-16
201733;Kobieta;33;1001;Regular;2021-11-02
201734;Kobieta;62;1008;Occasional;2022-10-12
201735;Kobieta;38;1001;Regular;2024-05-12
201736;Kobieta;49;1015;VIP;2022-09-16
201737;Kobieta;40;1018;Regular;2022-03-23
201738;Kobieta;51;1004;Occasional;2025-10-01
201739;Kobieta;43;1007;Occasional;2024-05-20
201740;Kobieta;37;1018;Regular;2024-02-25
201741;Kobieta;47;1004;Regular;2023-10-02
201742;Kobieta;40;1007;Regular;2024-01-05
201743;Mężczyzna;35;1005;Regular;2022-01-22
201744;Kobieta;44;1002;Occasional;2026-01-02
201745;Kobieta;37;1015;Regular;2023-11-11
201746;Kobieta;46;1005;New;2021-01-26
201747;Kobieta;54;1017;Regular;2022-09-14
201748;Kobieta;30;1012;Regular;2021-06-11
201749;Kobieta;16;1007;Regular;2022-08-20
201750;Kobieta;38;1006;Occasional;2023-11-10
201751;Mężczyzna;25;1003;VIP;2024-03-14
201752;Mężczyzna;50;1004;Regular;2025-11-09
201753;Kobieta;41;1017;Occasional;2023-02-18
201754;Kobieta;24;1017;Regular;2022-02-10
201755;Kobieta;21;1008;Occasional;2024-02-18
201756;Kobieta;37;1018;Occasional;2026-05-01
201757;Kobieta;25;1011;Regular;2025-12-22
201758;Kobieta;35;1017;Occasional;2026-04-25
201759;Kobieta;19;1006;Regular;2025-12-26
201760;Kobieta;59;1006;Occasional;2024-06-09
201761;Kobieta;40;1006;Regular;2024-11-21
201762;Kobieta;43;1011;New;2021-02-28
201763;Mężczyzna;53;1005;Regular;2021-03-09
201764;Kobieta;29;1008;Occasional;2022-05-17
201765;Kobieta;63;1011;Regular;2021-07-01
201766;Kobieta;44;1018;New;2026-05-17
201767;Kobieta;31;1009;Regular;2021-03-31
201768;Kobieta;27;1008;Regular;2025-04-16
201769;Mężczyzna;46;1010;Regular;2026-02-13
201770;Mężczyzna;34;1018;New;2025-12-20
201771;Kobieta;38;1017;VIP;2023-09-15
201772;Kobieta;19;1009;Regular;2021-07-27
201773;Mężczyzna;52;1011;VIP;2024-04-02
201774;Kobieta;19;1013;Occasional;2025-09-08
201775;Kobieta;17;1011;Regular;2023-05-18
201776;Kobieta;33;1009;Regular;2024-01-15
201777;Kobieta;32;1018;VIP;2021-10-22
201778;Kobieta;41;1018;Regular;2023-10-05
201779;Kobieta;40;1004;Regular;2021-06-20
201780;Kobieta;53;1017;Regular;2023-09-16
201781;Kobieta;38;1007;VIP;2022-03-31
201782;Kobieta;40;1003;Regular;2022-02-21
201783;Kobieta;22;1016;Regular;2023-12-31
201784;Kobieta;32;1009;Occasional;2023-12-07
201785;Mężczyzna;37;1003;Regular;2024-12-25
201786;Kobieta;17;1012;Regular;2023-07-27
201787;Kobieta;31;1002;Occasional;2022-03-01
201788;Kobieta;16;1016;Occasional;2025-05-31
201789;Kobieta;23;1001;Occasional;2022-05-08
201790;Kobieta;16;1015;Occasional;2026-01-22
201791;Mężczyzna;43;1008;Occasional;2021-06-06
201792;Kobieta;58;1005;Occasional;2023-07-10
201793;Kobieta;45;1015;New;2021-02-04
201794;Kobieta;32;1005;Regular;2024-10-01
201795;Kobieta;28;1011;Regular;2021-10-10
201796;Kobieta;31;1014;Occasional;2021-09-17
201797;Kobieta;36;1012;Regular;2024-05-10
201798;Kobieta;49;1007;Occasional;2023-08-28
201799;Kobieta;40;1007;New;2022-01-09
201800;Kobieta;24;1012;Regular;2022-03-07
201801;Mężczyzna;33;1001;Regular;2026-03-28
201802;Kobieta;39;1015;Occasional;2024-03-17
201803;Kobieta;21;1007;Regular;2022-04-25
201804;Mężczyzna;37;1017;Occasional;2022-06-11
201805;Kobieta;45;1003;Regular;2022-08-29
201806;Kobieta;26;1002;Regular;2023-10-29
201807;Kobieta;16;1008;Regular;2023-07-15
201808;Kobieta;29;1008;Occasional;2025-11-29
201809;Kobieta;24;1006;Regular;2025-06-11
201810;Mężczyzna;40;1001;VIP;2022-08-04
201811;Kobieta;45;1013;Occasional;2025-12-31
201812;Mężczyzna;37;1014;Occasional;2023-11-21
201813;Kobieta;35;1013;Occasional;2023-09-15
201814;Mężczyzna;17;1017;Regular;2025-12-02
201815;Kobieta;22;1014;Occasional;2021-04-04
201816;Kobieta;41;1011;Occasional;2021-05-16
201817;Kobieta;23;1013;Regular;2025-03-06
201818;Mężczyzna;38;1013;VIP;2025-08-25
201819;Kobieta;50;1006;Regular;2025-05-30
201820;Kobieta;25;1001;Occasional;2025-04-10
201821;Mężczyzna;37;1004;Regular;2024-04-22
201822;Kobieta;30;1012;VIP;2023-01-29
201823;Mężczyzna;58;1005;Regular;2023-03-27
201824;Kobieta;55;1006;Regular;2022-02-18
201825;Kobieta;26;1007;Occasional;2024-11-09
201826;Kobieta;17;1012;Regular;2024-06-13
201827;Kobieta;60;1009;Regular;2022-01-08
201828;Kobieta;25;1002;Regular;2024-04-27
201829;Kobieta;22;1001;Occasional;2022-08-03
201830;Kobieta;42;1006;Regular;2022-12-08
201831;Mężczyzna;57;1014;Regular;2024-12-05
201832;Kobieta;16;1007;VIP;2022-07-19
201833;Kobieta;35;1012;Regular;2023-09-04
201834;Kobieta;35;1008;New;2021-06-23
201835;Kobieta;26;1015;VIP;2023-09-18
201836;Mężczyzna;37;1013;Regular;2022-01-04
201837;Kobieta;40;1016;Regular;2022-06-26
201838;Kobieta;28;1005;VIP;2021-12-09
201839;Kobieta;37;1018;Regular;2021-03-31
201840;Kobieta;45;1008;Occasional;2021-04-28
201841;Kobieta;16;1004;Regular;2022-11-03
201842;Kobieta;45;1014;Occasional;2025-02-25
201843;Kobieta;32;1011;Regular;2025-12-21
201844;Kobieta;30;1015;Regular;2021-09-06
201845;Mężczyzna;35;1004;Regular;2021-08-04
201846;Mężczyzna;37;1016;Occasional;2021-07-12
201847;Kobieta;41;1007;Regular;2022-06-12
201848;Kobieta;30;1016;Occasional;2021-02-09
201849;Kobieta;16;1009;Regular;2022-02-05
201850;Mężczyzna;50;1014;Occasional;2023-09-14
201851;Kobieta;20;1012;New;2022-04-07
201852;Kobieta;30;1006;Regular;2023-03-09
201853;Kobieta;20;1005;Occasional;2025-10-10
201854;Kobieta;41;1010;Occasional;2021-12-23
201855;Mężczyzna;24;1012;Regular;2022-06-03
201856;Mężczyzna;50;1002;Occasional;2023-03-05
201857;Kobieta;31;1003;Regular;2024-03-09
201858;Kobieta;33;1014;Regular;2021-02-13
201859;Kobieta;28;1006;Occasional;2023-05-02
201860;Kobieta;23;1001;Occasional;2023-06-10
201861;Mężczyzna;52;1007;Regular;2024-10-14
201862;Kobieta;37;1003;New;2026-05-25
201863;Kobieta;28;1004;Regular;2025-10-09
201864;Kobieta;37;1002;VIP;2021-04-18
201865;Kobieta;16;1003;VIP;2024-05-24
201866;Kobieta;47;1003;VIP;2024-07-28
201867;Kobieta;23;1013;Occasional;2021-02-28
201868;Kobieta;25;1013;Occasional;2023-02-18
201869;Mężczyzna;40;1003;New;2024-09-05
201870;Kobieta;31;1001;Occasional;2025-07-26
201871;Kobieta;46;1018;Regular;2024-06-22
201872;Kobieta;34;1007;Regular;2025-08-08
201873;Mężczyzna;44;1005;Occasional;2025-08-18
201874;Mężczyzna;49;1009;Occasional;2025-11-05
201875;Kobieta;27;1001;New;2025-05-27
201876;Kobieta;39;1017;Regular;2025-02-16
201877;Kobieta;37;1002;VIP;2024-03-03
201878;Kobieta;29;1006;Regular;2021-04-21
201879;Kobieta;34;1010;Regular;2024-06-05
201880;Kobieta;45;1015;VIP;2021-03-01
201881;Kobieta;19;1001;Occasional;2024-09-29
201882;Kobieta;37;1011;Occasional;2023-10-29
201883;Kobieta;30;1003;New;2022-07-09
201884;Kobieta;30;1016;Occasional;2025-11-20
201885;Kobieta;31;1010;VIP;2026-02-17
201886;Kobieta;33;1005;Regular;2024-10-30
201887;Kobieta;32;1008;Occasional;2024-05-01
201888;Kobieta;40;1017;Regular;2022-05-26
201889;Kobieta;16;1007;VIP;2023-12-10
201890;Kobieta;46;1010;Regular;2025-09-27
201891;Kobieta;29;1011;Regular;2024-02-16
201892;Kobieta;22;1005;Occasional;2023-11-30
201893;Kobieta;48;1014;Occasional;2023-10-18
201894;Kobieta;40;1016;Occasional;2025-08-29
201895;Kobieta;28;1001;VIP;2021-07-09
201896;Kobieta;35;1017;Occasional;2025-04-21
201897;Kobieta;49;1010;Regular;2025-01-22
201898;Mężczyzna;45;1004;Regular;2021-03-10
201899;Kobieta;21;1004;Occasional;2025-05-01
201900;Kobieta;35;1006;VIP;2024-08-27
201901;Mężczyzna;35;1002;Occasional;2022-01-17
201902;Kobieta;31;1001;Regular;2025-11-07
201903;Kobieta;46;1001;Occasional;2021-06-03
201904;Kobieta;34;1008;Occasional;2025-06-02
201905;Kobieta;42;1013;VIP;2021-08-18
201906;Kobieta;16;1015;Regular;2024-05-30
201907;Kobieta;38;1012;Occasional;2021-04-05
201908;Kobieta;37;1014;Regular;2025-06-29
201909;Kobieta;19;1002;Regular;2023-03-28
201910;Kobieta;28;1012;VIP;2025-06-22
201911;Kobieta;42;1010;VIP;2026-04-25
201912;Kobieta;33;1002;Regular;2026-04-16
201913;Kobieta;27;1004;Regular;2025-09-19
201914;Kobieta;36;1004;Regular;2025-03-04
201915;Kobieta;28;1008;Regular;2023-02-02
201916;Mężczyzna;18;1006;Occasional;2026-05-26
201917;Kobieta;27;1006;VIP;2022-01-05
201918;Kobieta;37;1005;Regular;2023-08-17
201919;Kobieta;39;1012;Occasional;2023-11-05
201920;Kobieta;55;1007;Occasional;2021-06-28
201921;Kobieta;16;1015;VIP;2023-09-06
201922;Kobieta;37;1001;Occasional;2024-10-23
201923;Kobieta;27;1015;Regular;2024-06-19
201924;Kobieta;16;1014;Occasional;2023-11-19
201925;Kobieta;46;1014;Regular;2026-05-01
201926;Mężczyzna;16;1013;Occasional;2024-07-10
201927;Kobieta;45;1007;Regular;2026-05-28
201928;Kobieta;46;1014;Occasional;2024-11-28
201929;Mężczyzna;45;1002;Regular;2023-03-24
201930;Kobieta;31;1011;VIP;2024-05-05
201931;Kobieta;66;1017;VIP;2026-01-01
201932;Kobieta;38;1002;Regular;2021-10-26
201933;Kobieta;28;1011;Occasional;2025-09-04
201934;Kobieta;37;1004;Regular;2021-05-10
201935;Kobieta;34;1011;Occasional;2024-08-01
201936;Kobieta;58;1015;Occasional;2022-08-08
201937;Kobieta;51;1007;Regular;2022-11-11
201938;Kobieta;17;1018;Regular;2024-04-08
201939;Kobieta;16;1014;Occasional;2023-10-02
201940;Mężczyzna;28;1003;Regular;2025-07-19
201941;Mężczyzna;44;1006;Regular;2021-02-08
201942;Mężczyzna;31;1011;Regular;2022-04-23
201943;Kobieta;50;1007;Occasional;2023-11-09
201944;Kobieta;23;1007;Occasional;2021-11-07
201945;Kobieta;31;1011;Regular;2022-09-25
201946;Kobieta;28;1018;Occasional;2025-02-18
201947;Kobieta;39;1005;Regular;2026-02-28
201948;Kobieta;41;1015;Regular;2021-08-11
201949;Kobieta;66;1017;Regular;2025-02-17
201950;Kobieta;42;1014;New;2022-11-17
201951;Kobieta;48;1004;Regular;2024-04-15
201952;Kobieta;45;1009;Occasional;2022-08-19
201953;Kobieta;27;1017;Occasional;2021-03-28
201954;Kobieta;35;1008;Occasional;2024-06-20
201955;Kobieta;28;1013;Occasional;2021-04-19
201956;Kobieta;45;1009;Occasional;2025-03-05
201957;Kobieta;31;1013;VIP;2022-02-28
201958;Kobieta;42;1016;New;2023-03-28
201959;Kobieta;16;1006;VIP;2022-01-08
201960;Kobieta;49;1017;Regular;2021-04-21
201961;Kobieta;42;1001;Regular;2024-02-17
201962;Kobieta;22;1012;Regular;2024-09-12
201963;Kobieta;28;1011;New;2023-06-01
201964;Kobieta;37;1016;Occasional;2025-05-27
201965;Kobieta;36;1016;New;2025-02-09
201966;Kobieta;50;1006;New;2021-01-18
201967;Kobieta;35;1005;Regular;2022-01-22
201968;Mężczyzna;31;1004;VIP;2022-07-20
201969;Mężczyzna;42;1011;Regular;2022-10-02
201970;Kobieta;16;1016;Occasional;2023-05-21
201971;Kobieta;60;1012;Regular;2021-10-11
201972;Mężczyzna;37;1009;Regular;2025-01-11
201973;Kobieta;16;1010;Regular;2025-12-15
201974;Kobieta;46;1006;New;2021-06-15
201975;Kobieta;48;1016;Regular;2021-06-14
201976;Kobieta;16;1010;Occasional;2022-01-19
201977;Mężczyzna;29;1011;Occasional;2026-01-02
201978;Kobieta;40;1009;Regular;2025-03-27
201979;Kobieta;16;1008;Occasional;2024-04-11
201980;Kobieta;46;1009;VIP;2023-12-10
201981;Kobieta;30;1016;Regular;2021-02-24
201982;Mężczyzna;25;1009;Regular;2026-01-09
201983;Kobieta;39;1013;Regular;2021-07-27
201984;Kobieta;80;1018;Occasional;2023-08-09
201985;Kobieta;19;1005;Occasional;2021-03-15
201986;Kobieta;19;1009;VIP;2021-12-13
201987;Kobieta;47;1010;Regular;2021-12-15
201988;Kobieta;32;1011;Occasional;2025-03-24
201989;Kobieta;31;1011;New;2021-03-29
201990;Mężczyzna;46;1001;Regular;2022-09-08
201991;Kobieta;32;1006;Regular;2023-10-18
201992;Kobieta;43;1001;Regular;2024-03-13
201993;Kobieta;25;1004;Regular;2023-08-03
201994;Kobieta;31;1007;Regular;2021-01-30
201995;Kobieta;37;1006;VIP;2024-11-29
201996;Kobieta;27;1010;Regular;2023-08-05
201997;Kobieta;52;1006;Regular;2026-04-02
201998;Kobieta;30;1007;Occasional;2023-05-25
201999;Kobieta;32;1014;VIP;2022-06-08
202000;Kobieta;21;1008;Regular;2021-03-14
202001;Kobieta;43;1015;VIP;2024-11-13
202002;Kobieta;39;1003;Occasional;2026-02-10
202003;Kobieta;41;1016;Regular;2025-02-27
202004;Kobieta;43;1004;Occasional;2024-09-24
202005;Kobieta;33;1014;Regular;2024-04-24
202006;Kobieta;31;1015;Regular;2024-01-08
202007;Kobieta;37;1017;Occasional;2023-03-21
202008;Kobieta;50;1003;Occasional;2021-01-13
202009;Mężczyzna;48;1008;Occasional;2021-10-28
202010;Kobieta;19;1015;VIP;2021-06-10
202011;Kobieta;44;1003;Regular;2023-08-30
202012;Kobieta;38;1005;Occasional;2022-04-17
202013;Kobieta;33;1011;Regular;2022-03-17
202014;Kobieta;43;1003;Occasional;2022-01-13
202015;Mężczyzna;40;1004;Regular;2025-05-12
202016;Kobieta;39;1017;Occasional;2023-12-28
202017;Kobieta;26;1011;Occasional;2023-06-28
202018;Kobieta;16;1014;Regular;2025-09-04
202019;Kobieta;59;1011;Occasional;2024-03-09
202020;Kobieta;28;1001;New;2023-03-21
202021;Kobieta;31;1011;Occasional;2022-01-13
202022;Kobieta;61;1009;VIP;2026-04-13
202023;Kobieta;16;1012;Occasional;2025-09-10
202024;Kobieta;44;1005;Occasional;2022-06-10
202025;Mężczyzna;39;1011;New;2022-01-17
202026;Kobieta;25;1015;Regular;2025-06-16
202027;Kobieta;27;1016;Occasional;2023-02-16
202028;Kobieta;23;1012;New;2023-09-14
202029;Mężczyzna;16;1007;New;2025-09-21
202030;Kobieta;36;1003;Regular;2023-03-13
202031;Kobieta;37;1011;Regular;2022-07-11
202032;Kobieta;50;1009;Regular;2021-12-03
202033;Kobieta;39;1008;VIP;2026-05-13
202034;Kobieta;56;1012;Occasional;2023-09-02
202035;Kobieta;36;1012;Occasional;2021-10-05
202036;Mężczyzna;46;1002;New;2021-06-18
202037;Kobieta;44;1007;Regular;2023-10-03
202038;Mężczyzna;53;1013;Regular;2023-05-24
202039;Kobieta;30;1009;Occasional;2022-01-16
202040;Kobieta;29;1007;Regular;2021-01-30
202041;Kobieta;20;1013;Regular;2021-09-24
202042;Kobieta;28;1018;Regular;2024-09-17
202043;Kobieta;35;1002;Occasional;2022-01-24
202044;Kobieta;50;1007;Regular;2022-07-10
202045;Kobieta;31;1009;Regular;2024-07-08
202046;Mężczyzna;33;1017;Occasional;2024-06-15
202047;Kobieta;23;1009;Regular;2024-07-27
202048;Kobieta;16;1014;VIP;2025-08-07
202049;Kobieta;36;1004;Regular;2024-03-10
202050;Kobieta;50;1002;Occasional;2025-10-04
202051;Kobieta;26;1016;Regular;2021-01-01
202052;Kobieta;62;1002;Regular;2022-03-03
202053;Mężczyzna;47;1002;New;2023-03-14
202054;Kobieta;37;1007;Occasional;2021-11-26
202055;Mężczyzna;53;1018;Regular;2024-09-30
202056;Kobieta;25;1012;Occasional;2022-08-31
202057;Kobieta;44;1018;Regular;2022-10-31
202058;Kobieta;28;1009;Occasional;2023-04-16
202059;Kobieta;27;1011;Regular;2022-09-18
202060;Kobieta;39;1012;Regular;2021-05-31
202061;Kobieta;20;1012;Occasional;2021-07-21
202062;Kobieta;50;1018;Regular;2025-05-29
202063;Kobieta;45;1010;VIP;2021-02-09
202064;Kobieta;31;1012;Regular;2022-12-26
202065;Kobieta;42;1004;Regular;2025-11-26
202066;Kobieta;46;1010;Regular;2025-07-19
202067;Kobieta;31;1013;VIP;2024-02-22
202068;Kobieta;40;1013;Occasional;2022-10-11
202069;Mężczyzna;39;1008;Occasional;2022-04-12
202070;Kobieta;37;1015;Occasional;2024-05-29
202071;Mężczyzna;46;1013;Occasional;2024-07-13
202072;Kobieta;22;1017;Regular;2022-10-07
202073;Kobieta;43;1011;Regular;2023-06-04
202074;Kobieta;45;1012;Occasional;2021-09-25
202075;Kobieta;16;1018;New;2021-09-06
202076;Kobieta;44;1001;Occasional;2026-02-10
202077;Kobieta;36;1018;Occasional;2021-09-08
202078;Kobieta;50;1013;New;2026-01-23
202079;Kobieta;46;1004;New;2022-06-08
202080;Kobieta;29;1010;Regular;2023-07-15
202081;Kobieta;54;1016;Occasional;2022-10-15
202082;Kobieta;46;1007;Occasional;2026-02-03
202083;Kobieta;44;1002;Occasional;2022-06-06
202084;Kobieta;19;1002;Regular;2021-01-24
202085;Kobieta;45;1010;New;2024-12-19
202086;Mężczyzna;46;1015;Regular;2024-10-27
202087;Kobieta;42;1006;Occasional;2021-12-26
202088;Kobieta;51;1015;New;2025-11-15
202089;Kobieta;31;1005;VIP;2021-04-15
202090;Kobieta;31;1015;Regular;2025-02-14
202091;Kobieta;45;1018;Occasional;2023-06-25
202092;Kobieta;41;1001;Regular;2025-11-24
202093;Kobieta;37;1015;New;2022-06-22
202094;Kobieta;44;1018;Occasional;2022-06-19
202095;Kobieta;39;1011;Regular;2025-06-15
202096;Kobieta;46;1008;Occasional;2025-01-05
202097;Kobieta;36;1004;Regular;2025-09-22
202098;Kobieta;37;1008;Regular;2021-11-13
202099;Kobieta;51;1018;Regular;2024-10-17
202100;Mężczyzna;21;1010;VIP;2025-08-27
202101;Kobieta;28;1009;New;2021-03-30
202102;Kobieta;33;1015;VIP;2024-02-06
202103;Kobieta;35;1007;Occasional;2025-05-03
202104;Kobieta;27;1016;Regular;2024-02-09
202105;Kobieta;32;1004;Occasional;2024-10-15
202106;Kobieta;16;1018;Regular;2023-01-24
202107;Kobieta;57;1007;Regular;2025-12-15
202108;Kobieta;36;1018;Regular;2022-07-22
202109;Kobieta;20;1011;Occasional;2025-02-02
202110;Kobieta;30;1004;Occasional;2023-05-02
202111;Kobieta;29;1014;New;2021-01-19
202112;Kobieta;41;1017;New;2023-05-21
202113;Kobieta;27;1002;VIP;2023-05-14
202114;Kobieta;58;1001;Regular;2023-04-16
202115;Kobieta;23;1008;New;2023-08-06
202116;Kobieta;33;1014;Regular;2026-04-07
202117;Kobieta;39;1010;Occasional;2023-06-27
202118;Kobieta;38;1001;New;2023-06-07
202119;Kobieta;51;1004;Occasional;2024-08-12
202120;Kobieta;30;1017;Occasional;2021-06-25
202121;Kobieta;47;1014;Regular;2021-08-26
202122;Kobieta;51;1007;Occasional;2024-10-09
202123;Kobieta;34;1014;Occasional;2021-04-30
202124;Kobieta;30;1015;Occasional;2021-05-31
202125;Kobieta;35;1007;Occasional;2022-05-20
202126;Kobieta;27;1018;Occasional;2023-08-15
202127;Kobieta;25;1003;Regular;2021-12-29
202128;Kobieta;27;1002;Occasional;2025-05-26
202129;Kobieta;30;1012;Regular;2021-09-07
202130;Kobieta;25;1010;New;2022-02-13
202131;Kobieta;29;1004;New;2021-04-08
202132;Kobieta;23;1018;Regular;2022-08-23
202133;Kobieta;26;1013;VIP;2022-02-13
202134;Kobieta;36;1011;Occasional;2024-07-07
202135;Kobieta;22;1010;Regular;2024-11-19
202136;Kobieta;21;1015;Regular;2025-04-06
202137;Kobieta;42;1002;Regular;2025-05-22
202138;Kobieta;42;1013;Regular;2023-04-12
202139;Kobieta;32;1018;VIP;2021-02-25
202140;Mężczyzna;38;1007;Occasional;2024-09-24
202141;Kobieta;33;1001;Regular;2025-07-07
202142;Kobieta;36;1005;Regular;2023-08-13
202143;Kobieta;16;1001;Regular;2025-09-17
202144;Kobieta;29;1008;Occasional;2024-09-23
202145;Kobieta;29;1012;Regular;2021-03-04
202146;Kobieta;43;1007;Regular;2025-01-02
202147;Kobieta;16;1002;New;2022-08-02
202148;Kobieta;26;1003;VIP;2024-03-01
202149;Kobieta;16;1001;Occasional;2025-12-04
202150;Mężczyzna;60;1008;Regular;2024-10-25
202151;Kobieta;18;1001;Regular;2024-01-28
202152;Mężczyzna;59;1002;Regular;2022-10-20
202153;Kobieta;36;1016;Regular;2023-05-14
202154;Kobieta;51;1014;Regular;2023-01-08
202155;Mężczyzna;29;1012;Regular;2022-06-16
202156;Kobieta;53;1005;Occasional;2021-11-12
202157;Kobieta;36;1010;VIP;2024-04-24
202158;Kobieta;35;1013;Occasional;2023-02-19
202159;Kobieta;34;1008;Regular;2026-04-20
202160;Kobieta;41;1007;Occasional;2024-11-21
202161;Kobieta;37;1011;VIP;2026-03-14
202162;Kobieta;27;1014;Regular;2023-11-21
202163;Kobieta;20;1013;Regular;2024-07-19
202164;Kobieta;36;1013;VIP;2022-05-12
202165;Kobieta;25;1002;Occasional;2022-09-21
202166;Kobieta;31;1003;VIP;2024-06-29
202167;Kobieta;39;1005;VIP;2024-07-17
202168;Kobieta;44;1003;Regular;2025-03-26
202169;Kobieta;52;1010;Regular;2024-02-12
202170;Kobieta;38;1005;Regular;2025-04-29
202171;Kobieta;19;1006;Regular;2021-04-17
202172;Mężczyzna;19;1003;Occasional;2024-02-16
202173;Kobieta;48;1018;Regular;2025-08-11
202174;Kobieta;62;1001;Occasional;2022-03-05
202175;Kobieta;42;1003;Regular;2022-06-15
202176;Kobieta;30;1001;New;2025-09-02
202177;Kobieta;16;1017;New;2022-06-20
202178;Kobieta;31;1017;Occasional;2021-05-13
202179;Kobieta;40;1004;Regular;2022-11-27
202180;Kobieta;42;1018;Regular;2022-10-16
202181;Kobieta;16;1014;Regular;2022-09-23
202182;Kobieta;46;1007;Regular;2022-07-04
202183;Kobieta;39;1002;Occasional;2022-09-25
202184;Kobieta;48;1007;Regular;2024-10-25
202185;Kobieta;34;1009;VIP;2022-09-21
202186;Kobieta;23;1011;Regular;2025-06-10
202187;Kobieta;45;1008;Regular;2024-11-28
202188;Kobieta;27;1011;Occasional;2021-03-09
202189;Mężczyzna;38;1015;Regular;2024-09-05
202190;Kobieta;38;1013;New;2022-06-27
202191;Kobieta;27;1010;VIP;2022-04-19
202192;Kobieta;52;1002;Occasional;2021-06-22
202193;Kobieta;20;1014;Regular;2021-06-13
202194;Kobieta;32;1008;Regular;2025-10-13
202195;Kobieta;31;1003;Regular;2024-05-31
202196;Kobieta;33;1012;New;2023-02-15
202197;Mężczyzna;16;1004;VIP;2022-09-25
202198;Kobieta;16;1017;Regular;2021-12-07
202199;Mężczyzna;21;1006;Occasional;2021-12-13
202200;Kobieta;51;1015;Regular;2025-08-20
202201;Mężczyzna;29;1004;Regular;2023-05-20
202202;Kobieta;29;1002;Occasional;2026-01-22
202203;Kobieta;47;1003;Occasional;2026-01-20
202204;Kobieta;55;1008;Regular;2021-09-20
202205;Kobieta;33;1005;Occasional;2026-02-24
202206;Kobieta;31;1001;Occasional;2025-06-04
202207;Kobieta;48;1011;VIP;2023-03-18
202208;Mężczyzna;59;1010;Occasional;2024-07-18
202209;Kobieta;33;1016;Regular;2026-04-06
202210;Kobieta;22;1002;VIP;2024-03-25
202211;Mężczyzna;25;1010;Regular;2024-05-02
202212;Kobieta;36;1006;Regular;2022-06-08
202213;Kobieta;37;1008;Regular;2025-06-08
202214;Kobieta;33;1017;VIP;2022-10-29
202215;Kobieta;25;1016;Regular;2021-06-20
202216;Kobieta;16;1012;Occasional;2021-09-09
202217;Kobieta;30;1008;Occasional;2024-10-19
202218;Kobieta;25;1008;Regular;2023-08-31
202219;Kobieta;42;1005;New;2024-05-16
202220;Kobieta;27;1004;Occasional;2025-11-17
202221;Kobieta;47;1012;New;2024-05-21
202222;Mężczyzna;33;1017;Regular;2025-10-02
202223;Kobieta;39;1014;Regular;2022-10-12
202224;Kobieta;33;1014;Regular;2025-08-20
202225;Kobieta;26;1015;Regular;2024-05-27
202226;Kobieta;40;1014;VIP;2022-05-14
202227;Kobieta;42;1017;New;2021-05-01
202228;Kobieta;47;1011;New;2023-09-05
202229;Kobieta;46;1011;Occasional;2021-06-11
202230;Mężczyzna;34;1008;Occasional;2026-01-01
202231;Kobieta;20;1013;Regular;2025-05-04
202232;Kobieta;34;1002;Occasional;2022-12-06
202233;Kobieta;31;1014;Occasional;2026-03-20
202234;Kobieta;42;1018;Occasional;2022-08-12
202235;Kobieta;42;1018;Regular;2023-08-29
202236;Kobieta;21;1009;Regular;2023-05-26
202237;Kobieta;52;1016;Regular;2022-12-17
202238;Kobieta;41;1007;Regular;2025-09-12
202239;Kobieta;29;1013;Regular;2024-10-28
202240;Kobieta;30;1003;Occasional;2022-11-17
202241;Kobieta;30;1005;Regular;2024-12-15
202242;Kobieta;24;1006;Regular;2024-09-20
202243;Kobieta;33;1018;Occasional;2025-12-23
202244;Mężczyzna;41;1017;Occasional;2025-10-05
202245;Kobieta;29;1016;Regular;2026-05-11
202246;Kobieta;34;1010;Regular;2025-08-19
202247;Kobieta;35;1018;Regular;2024-06-30
202248;Mężczyzna;44;1007;Regular;2022-06-02
202249;Mężczyzna;47;1007;Regular;2026-01-05
202250;Kobieta;36;1006;Regular;2025-12-09
202251;Kobieta;44;1012;New;2022-07-24
202252;Kobieta;16;1011;Regular;2025-10-03
202253;Kobieta;42;1013;Regular;2021-02-19
202254;Kobieta;20;1009;Occasional;2023-08-16
202255;Kobieta;35;1013;New;2021-01-10
202256;Kobieta;36;1018;Regular;2021-10-25
202257;Mężczyzna;39;1008;Occasional;2022-08-28
202258;Kobieta;47;1004;Occasional;2024-03-26
202259;Kobieta;34;1014;Occasional;2022-12-27
202260;Mężczyzna;21;1012;Regular;2023-09-17
202261;Kobieta;29;1015;Regular;2026-01-31
202262;Kobieta;39;1017;Occasional;2021-12-01
202263;Kobieta;25;1013;Occasional;2024-01-13
202264;Kobieta;57;1013;Regular;2023-02-28
202265;Kobieta;50;1016;VIP;2024-06-13
202266;Kobieta;32;1010;Occasional;2025-08-16
202267;Kobieta;40;1005;Regular;2021-03-14
202268;Kobieta;31;1002;Regular;2021-02-19
202269;Mężczyzna;58;1006;Occasional;2023-12-13
202270;Kobieta;16;1003;Occasional;2021-11-22
202271;Kobieta;47;1002;Occasional;2021-04-03
202272;Mężczyzna;19;1012;Regular;2021-04-06
202273;Kobieta;37;1003;Occasional;2023-05-15
202274;Kobieta;48;1006;Occasional;2024-07-19
202275;Kobieta;29;1009;VIP;2021-03-05
202276;Kobieta;25;1014;VIP;2021-06-30
202277;Kobieta;26;1009;Occasional;2023-01-03
202278;Kobieta;35;1002;Occasional;2021-07-25
202279;Kobieta;34;1014;Regular;2021-08-06
202280;Kobieta;20;1001;Occasional;2021-02-11
202281;Kobieta;17;1010;Regular;2022-01-16
202282;Kobieta;27;1015;Occasional;2024-03-21
202283;Kobieta;28;1013;New;2022-11-15
202284;Mężczyzna;33;1003;Regular;2021-04-24
202285;Kobieta;38;1014;Regular;2023-06-10
202286;Kobieta;25;1001;Regular;2024-06-21
202287;Mężczyzna;55;1001;Regular;2022-08-13
202288;Kobieta;61;1010;VIP;2024-03-12
202289;Kobieta;43;1006;Regular;2021-03-07
202290;Kobieta;38;1004;VIP;2022-05-10
202291;Kobieta;22;1009;Regular;2024-06-26
202292;Kobieta;40;1017;Regular;2022-08-02
202293;Kobieta;31;1015;VIP;2023-06-03
202294;Kobieta;39;1005;Regular;2024-02-20
202295;Kobieta;25;1004;Regular;2023-09-20
202296;Kobieta;32;1013;Regular;2023-08-04
202297;Kobieta;25;1003;Regular;2023-01-23
202298;Kobieta;26;1001;VIP;2023-09-21
202299;Kobieta;21;1001;New;2025-07-01
202300;Kobieta;39;1013;Regular;2025-08-22
202301;Mężczyzna;43;1006;Occasional;2023-09-21
202302;Kobieta;16;1012;Regular;2023-04-16
202303;Kobieta;16;1002;Occasional;2023-03-25
202304;Kobieta;42;1014;Occasional;2021-04-16
202305;Kobieta;40;1005;Occasional;2024-06-17
202306;Kobieta;50;1006;Regular;2022-09-05
202307;Kobieta;21;1011;Occasional;2026-02-02
202308;Kobieta;53;1009;Occasional;2021-06-13
202309;Kobieta;73;1017;Occasional;2021-12-21
202310;Kobieta;29;1010;Regular;2021-02-15
202311;Kobieta;16;1006;Occasional;2025-09-01
202312;Kobieta;17;1018;Regular;2022-07-11
202313;Kobieta;47;1001;Regular;2023-03-03
202314;Kobieta;49;1018;New;2022-03-28
202315;Kobieta;25;1002;Occasional;2026-01-12
202316;Kobieta;16;1009;Regular;2025-07-12
202317;Kobieta;16;1009;Regular;2023-06-06
202318;Kobieta;18;1010;New;2022-04-16
202319;Kobieta;31;1018;Regular;2024-12-07
202320;Kobieta;30;1002;New;2023-03-07
202321;Kobieta;17;1018;Occasional;2021-04-13
202322;Kobieta;27;1003;Regular;2022-12-13
202323;Kobieta;30;1014;Occasional;2025-05-06
202324;Kobieta;22;1016;Regular;2021-10-04
202325;Kobieta;16;1015;VIP;2021-06-09
202326;Mężczyzna;35;1012;Regular;2022-03-20
202327;Kobieta;16;1006;Occasional;2022-07-15
202328;Kobieta;40;1011;New;2023-08-30
202329;Kobieta;46;1013;New;2022-02-25
202330;Mężczyzna;33;1017;Occasional;2021-04-24
202331;Kobieta;43;1010;VIP;2022-11-24
202332;Kobieta;50;1010;VIP;2025-04-10
202333;Kobieta;45;1001;Occasional;2022-04-26
202334;Kobieta;27;1016;Occasional;2023-12-05
202335;Mężczyzna;42;1008;Occasional;2022-07-08
202336;Kobieta;33;1015;Regular;2025-10-24
202337;Kobieta;34;1012;Occasional;2021-01-04
202338;Kobieta;30;1012;Occasional;2021-12-14
202339;Mężczyzna;32;1003;Occasional;2021-07-21
202340;Mężczyzna;42;1018;Regular;2021-04-28
202341;Kobieta;16;1004;Regular;2021-04-27
202342;Kobieta;33;1014;Occasional;2025-09-07
202343;Kobieta;25;1008;Regular;2025-11-02
202344;Kobieta;36;1008;Occasional;2022-12-23
202345;Kobieta;27;1016;Regular;2024-05-24
202346;Kobieta;52;1016;Occasional;2024-10-11
202347;Kobieta;48;1012;Occasional;2024-04-29
202348;Kobieta;47;1001;Regular;2024-01-21
202349;Kobieta;36;1017;Occasional;2026-04-11
202350;Kobieta;37;1005;Regular;2023-04-30
202351;Kobieta;40;1006;Regular;2025-12-06
202352;Kobieta;52;1017;Regular;2022-02-01
202353;Kobieta;46;1004;Regular;2021-02-17
202354;Kobieta;28;1013;Occasional;2023-07-21
202355;Kobieta;51;1006;Occasional;2022-06-25
202356;Kobieta;62;1001;Occasional;2024-06-07
202357;Kobieta;20;1003;Regular;2021-08-03
202358;Kobieta;44;1007;Occasional;2022-05-14
202359;Kobieta;18;1008;Occasional;2025-05-21
202360;Kobieta;30;1004;New;2026-05-16
202361;Kobieta;32;1011;VIP;2025-07-09
202362;Kobieta;31;1018;Occasional;2024-01-26
202363;Kobieta;39;1018;Regular;2021-06-11
202364;Kobieta;31;1018;Occasional;2021-09-15
202365;Kobieta;31;1018;Occasional;2022-09-30
202366;Kobieta;20;1008;VIP;2026-04-08
202367;Kobieta;22;1002;Occasional;2023-08-10
202368;Kobieta;35;1014;Regular;2023-11-03
202369;Kobieta;38;1014;Regular;2026-03-23
202370;Kobieta;32;1018;Regular;2023-06-09
202371;Mężczyzna;16;1001;Regular;2024-10-11
202372;Kobieta;47;1012;Regular;2025-10-29
202373;Kobieta;36;1015;Regular;2023-01-21
202374;Mężczyzna;31;1010;Regular;2022-10-16
202375;Kobieta;45;1018;VIP;2021-05-04
202376;Kobieta;34;1006;New;2025-05-13
202377;Kobieta;33;1011;VIP;2022-08-25
202378;Kobieta;40;1018;Regular;2021-03-15
202379;Kobieta;53;1018;Occasional;2024-11-06
202380;Kobieta;33;1015;New;2022-03-30
202381;Kobieta;55;1013;Regular;2023-05-16
202382;Kobieta;46;1017;Regular;2024-11-26
202383;Kobieta;23;1004;Regular;2025-11-23
202384;Kobieta;40;1004;Occasional;2023-12-15
202385;Kobieta;23;1006;Regular;2022-12-22
202386;Kobieta;36;1007;Regular;2021-01-17
202387;Kobieta;32;1003;Occasional;2021-12-23
202388;Kobieta;25;1002;Occasional;2023-05-09
202389;Kobieta;50;1009;VIP;2024-03-25
202390;Kobieta;37;1005;Regular;2025-11-05
202391;Kobieta;45;1003;VIP;2021-11-27
202392;Kobieta;37;1015;Regular;2021-12-22
202393;Kobieta;31;1010;Regular;2025-12-22
202394;Kobieta;32;1005;New;2024-08-23
202395;Mężczyzna;25;1016;Occasional;2022-02-20
202396;Kobieta;51;1013;Regular;2022-06-26
202397;Kobieta;44;1013;Occasional;2021-04-14
202398;Mężczyzna;16;1013;Occasional;2021-06-19
202399;Mężczyzna;34;1004;Occasional;2023-10-31
202400;Kobieta;21;1012;Regular;2025-06-21
202401;Kobieta;24;1009;Regular;2023-06-22
202402;Kobieta;33;1017;Regular;2025-07-06
202403;Kobieta;35;1017;Occasional;2025-06-01
202404;Kobieta;31;1013;Occasional;2021-11-01
202405;Mężczyzna;39;1013;Regular;2024-08-13
202406;Kobieta;37;1003;VIP;2024-12-17
202407;Kobieta;40;1010;Occasional;2022-05-25
202408;Kobieta;33;1004;Regular;2025-09-23
202409;Kobieta;31;1005;Occasional;2022-06-23
202410;Kobieta;37;1010;Regular;2023-06-04
202411;Mężczyzna;53;1013;Regular;2022-04-04
202412;Kobieta;47;1007;Occasional;2022-06-04
202413;Kobieta;26;1014;Regular;2021-05-30
202414;Mężczyzna;46;1008;Regular;2022-03-09
202415;Kobieta;35;1005;Occasional;2024-11-18
202416;Kobieta;16;1015;VIP;2022-03-10
202417;Kobieta;37;1009;Occasional;2022-10-02
202418;Kobieta;38;1013;New;2021-08-10
202419;Kobieta;20;1009;Regular;2023-03-24
202420;Kobieta;39;1015;Regular;2024-06-23
202421;Mężczyzna;63;1012;Occasional;2022-03-07
202422;Kobieta;56;1008;Regular;2022-12-12
202423;Kobieta;34;1003;Occasional;2024-08-13
202424;Kobieta;32;1013;Regular;2025-01-18
202425;Mężczyzna;46;1008;Occasional;2021-11-07
202426;Kobieta;47;1012;Regular;2022-04-05
202427;Kobieta;27;1012;New;2023-05-13
202428;Kobieta;44;1010;Occasional;2022-04-30
202429;Kobieta;43;1017;Occasional;2026-02-17
202430;Kobieta;20;1009;Occasional;2022-12-17
202431;Mężczyzna;35;1008;Occasional;2023-12-20
202432;Kobieta;41;1018;VIP;2026-02-17
202433;Kobieta;44;1017;Regular;2021-12-08
202434;Mężczyzna;45;1018;Occasional;2021-08-13
202435;Kobieta;40;1006;Regular;2021-03-20
202436;Kobieta;29;1017;Occasional;2021-01-25
202437;Kobieta;41;1004;New;2023-12-22
202438;Kobieta;29;1012;Regular;2022-10-30
202439;Kobieta;48;1002;Regular;2025-11-01
202440;Kobieta;38;1014;Occasional;2024-10-21
202441;Kobieta;33;1013;Regular;2025-04-16
202442;Kobieta;27;1003;Regular;2023-03-15
202443;Kobieta;21;1007;Regular;2022-01-01
202444;Mężczyzna;55;1007;Regular;2022-04-24
202445;Kobieta;61;1006;VIP;2022-11-10
202446;Kobieta;42;1001;Regular;2025-08-11
202447;Kobieta;37;1009;Regular;2022-09-18
202448;Kobieta;23;1013;Regular;2023-03-30
202449;Mężczyzna;21;1016;Regular;2025-01-28
202450;Kobieta;39;1012;VIP;2021-11-12
202451;Mężczyzna;41;1016;Regular;2026-01-04
202452;Kobieta;40;1015;Regular;2023-09-24
202453;Kobieta;32;1011;Regular;2026-01-24
202454;Kobieta;35;1013;Regular;2021-05-29
202455;Kobieta;30;1002;Regular;2021-01-03
202456;Mężczyzna;35;1010;VIP;2023-11-26
202457;Kobieta;29;1017;Occasional;2023-10-02
202458;Mężczyzna;42;1003;VIP;2022-05-06
202459;Mężczyzna;27;1006;VIP;2025-12-28
202460;Kobieta;40;1011;Regular;2022-08-02
202461;Kobieta;16;1011;Regular;2021-10-24
202462;Mężczyzna;32;1012;Occasional;2023-08-11
202463;Kobieta;26;1017;Regular;2026-03-31
202464;Kobieta;27;1010;Regular;2025-02-24
202465;Kobieta;41;1011;VIP;2025-07-25
202466;Kobieta;22;1001;New;2024-03-01
202467;Kobieta;44;1001;Occasional;2024-11-12
202468;Mężczyzna;37;1017;Occasional;2023-06-12
202469;Kobieta;19;1018;Regular;2025-05-03
202470;Kobieta;24;1012;Occasional;2022-03-03
202471;Kobieta;35;1008;Occasional;2025-05-28
202472;Kobieta;40;1017;Regular;2021-07-06
202473;Kobieta;48;1004;Regular;2022-09-28
202474;Kobieta;31;1012;Occasional;2022-10-30
202475;Kobieta;20;1007;Regular;2023-02-03
202476;Kobieta;46;1009;Regular;2022-08-11
202477;Mężczyzna;37;1012;Regular;2022-01-18
202478;Kobieta;21;1009;Occasional;2026-01-27
202479;Kobieta;47;1015;Occasional;2026-03-02
202480;Kobieta;32;1003;Regular;2022-07-11
202481;Kobieta;54;1003;Regular;2021-01-31
202482;Kobieta;31;1016;Occasional;2021-01-17
202483;Kobieta;17;1017;Occasional;2025-03-16
202484;Kobieta;29;1003;Occasional;2023-11-29
202485;Kobieta;29;1001;Regular;2024-08-26
202486;Kobieta;16;1003;Occasional;2022-07-28
202487;Kobieta;51;1014;Regular;2021-04-07
202488;Kobieta;44;1018;Regular;2023-06-13
202489;Kobieta;31;1016;Regular;2026-04-28
202490;Kobieta;33;1016;Occasional;2026-02-18
202491;Kobieta;16;1007;Occasional;2025-06-04
202492;Kobieta;38;1001;Regular;2026-03-28
202493;Kobieta;38;1006;Regular;2024-03-05
202494;Kobieta;28;1013;Regular;2022-09-23
202495;Mężczyzna;43;1012;VIP;2024-08-07
202496;Kobieta;17;1015;Occasional;2022-01-31
202497;Kobieta;47;1018;Regular;2022-01-07
202498;Kobieta;52;1010;Occasional;2025-02-13
202499;Kobieta;37;1006;Occasional;2025-11-01
202500;Kobieta;32;1001;Regular;2025-11-23
202501;Kobieta;45;1004;Occasional;2021-03-26
202502;Kobieta;31;1005;Occasional;2021-07-04
202503;Kobieta;33;1001;Occasional;2021-07-23
202504;Kobieta;56;1003;Occasional;2022-04-18
202505;Kobieta;37;1014;Occasional;2022-06-08
202506;Kobieta;41;1003;Regular;2021-06-09
202507;Mężczyzna;34;1011;Regular;2021-01-15
202508;Kobieta;45;1014;Occasional;2022-09-08
202509;Kobieta;23;1016;New;2024-01-22
202510;Mężczyzna;46;1009;Occasional;2025-01-05
202511;Mężczyzna;33;1013;Regular;2021-06-15
202512;Mężczyzna;20;1002;New;2025-12-12
202513;Kobieta;56;1005;Occasional;2022-05-27
202514;Mężczyzna;43;1017;Occasional;2023-03-17
202515;Kobieta;46;1013;Occasional;2024-09-25
202516;Kobieta;16;1010;Occasional;2026-05-02
202517;Kobieta;43;1010;Occasional;2026-04-28
202518;Kobieta;39;1010;Occasional;2024-12-14
202519;Kobieta;37;1001;Regular;2021-01-15
202520;Mężczyzna;38;1016;Regular;2023-10-09
202521;Kobieta;24;1003;New;2022-12-01
202522;Kobieta;25;1014;Occasional;2025-11-30
202523;Kobieta;46;1009;New;2021-08-11
202524;Kobieta;45;1007;VIP;2023-02-10
202525;Kobieta;47;1001;VIP;2024-02-29
202526;Kobieta;47;1002;Regular;2022-09-16
202527;Kobieta;33;1012;New;2025-03-10
202528;Kobieta;16;1013;Regular;2022-04-06
202529;Kobieta;31;1014;VIP;2025-08-17
202530;Kobieta;53;1012;Regular;2026-03-02
202531;Kobieta;39;1015;Regular;2025-05-30
202532;Kobieta;20;1013;Regular;2024-11-12
202533;Kobieta;16;1012;Occasional;2024-05-03
202534;Mężczyzna;37;1012;VIP;2022-06-07
202535;Kobieta;32;1003;New;2026-03-14
202536;Mężczyzna;38;1010;Regular;2021-09-13
202537;Kobieta;49;1011;Regular;2022-07-01
202538;Kobieta;22;1011;Occasional;2022-10-09
202539;Kobieta;47;1006;VIP;2025-01-29
202540;Kobieta;40;1017;Regular;2025-11-21
202541;Mężczyzna;46;1010;Occasional;2024-04-09
202542;Kobieta;27;1017;Regular;2022-05-22
202543;Kobieta;43;1001;Regular;2022-10-24
202544;Kobieta;24;1002;Occasional;2023-10-27
202545;Kobieta;43;1001;VIP;2024-05-31
202546;Kobieta;44;1014;Regular;2025-04-27
202547;Kobieta;49;1009;Occasional;2026-03-09
202548;Kobieta;23;1008;Occasional;2026-01-18
202549;Kobieta;36;1004;Regular;2024-11-18
202550;Kobieta;44;1010;VIP;2022-04-13
202551;Kobieta;33;1007;New;2026-05-20
202552;Kobieta;36;1004;VIP;2022-10-24
202553;Kobieta;16;1015;Regular;2024-07-11
202554;Kobieta;32;1015;Regular;2025-02-11
202555;Kobieta;36;1002;Occasional;2024-11-02
202556;Kobieta;39;1018;Regular;2022-06-09
202557;Kobieta;42;1013;Occasional;2024-02-23
202558;Mężczyzna;45;1016;New;2023-09-17
202559;Kobieta;50;1009;Regular;2023-12-02
202560;Mężczyzna;26;1002;Occasional;2025-05-06
202561;Kobieta;53;1004;Occasional;2023-06-24
202562;Kobieta;31;1009;Regular;2025-03-25
202563;Mężczyzna;55;1014;Occasional;2024-08-07
202564;Mężczyzna;49;1006;Regular;2025-04-07
202565;Kobieta;29;1005;Regular;2022-04-05
202566;Kobieta;57;1017;Regular;2022-11-25
202567;Kobieta;36;1015;Regular;2024-04-06
202568;Mężczyzna;28;1001;Regular;2022-01-07
202569;Kobieta;45;1002;Occasional;2022-01-20
202570;Kobieta;36;1010;Occasional;2021-03-29
202571;Kobieta;22;1007;Occasional;2023-02-25
202572;Kobieta;46;1016;New;2025-04-18
202573;Kobieta;18;1004;Regular;2025-09-27
202574;Kobieta;16;1018;Regular;2023-05-18
202575;Kobieta;33;1011;Occasional;2023-09-15
202576;Kobieta;32;1002;Occasional;2024-03-22
202577;Kobieta;39;1008;Occasional;2024-01-28
202578;Kobieta;35;1012;VIP;2022-11-17
202579;Mężczyzna;27;1001;Regular;2026-01-15
202580;Kobieta;25;1007;Regular;2022-02-23
202581;Kobieta;32;1006;Occasional;2025-01-13
202582;Mężczyzna;35;1006;Occasional;2024-12-16
202583;Kobieta;28;1007;Occasional;2023-12-19
202584;Kobieta;42;1007;Occasional;2021-03-12
202585;Kobieta;47;1015;VIP;2023-04-05
202586;Kobieta;37;1012;Occasional;2022-02-08
202587;Kobieta;40;1002;Occasional;2026-03-03
202588;Kobieta;30;1013;Regular;2023-08-03
202589;Kobieta;16;1005;Regular;2024-04-11
202590;Kobieta;31;1008;Occasional;2021-06-17
202591;Kobieta;42;1010;Regular;2025-01-08
202592;Kobieta;23;1007;Regular;2024-08-09
202593;Kobieta;28;1012;Occasional;2024-02-06
202594;Kobieta;38;1014;Regular;2025-11-25
202595;Kobieta;34;1001;Occasional;2022-07-30
202596;Kobieta;46;1005;Occasional;2021-03-26
202597;Kobieta;28;1002;Regular;2025-03-12
202598;Kobieta;32;1015;Occasional;2023-02-07
202599;Kobieta;16;1004;Regular;2021-06-23
202600;Kobieta;37;1005;Regular;2022-03-05
202601;Kobieta;22;1007;Occasional;2025-05-08
202602;Kobieta;45;1006;Occasional;2021-05-07
202603;Mężczyzna;38;1008;Regular;2026-04-18
202604;Kobieta;25;1002;Occasional;2022-11-13
202605;Kobieta;30;1015;Regular;2023-01-25
202606;Kobieta;16;1001;New;2022-01-11
202607;Kobieta;27;1011;Regular;2025-10-28
202608;Mężczyzna;48;1014;Occasional;2022-05-29
202609;Kobieta;39;1009;Occasional;2021-03-22
202610;Kobieta;23;1007;Occasional;2023-04-19
202611;Kobieta;25;1016;Occasional;2022-03-30
202612;Kobieta;43;1010;Occasional;2021-10-16
202613;Kobieta;16;1017;Regular;2025-02-15
202614;Kobieta;38;1015;Occasional;2021-04-26
202615;Kobieta;45;1012;Regular;2021-09-27
202616;Kobieta;44;1002;Occasional;2023-05-18
202617;Kobieta;29;1013;Occasional;2024-03-30
202618;Mężczyzna;54;1007;New;2023-03-13
202619;Kobieta;47;1014;Regular;2023-06-11
202620;Kobieta;52;1004;Occasional;2022-03-05
202621;Kobieta;49;1001;Regular;2022-02-19
202622;Kobieta;33;1005;Regular;2021-12-06
202623;Kobieta;16;1001;New;2026-02-24
202624;Kobieta;33;1018;Regular;2025-07-19
202625;Kobieta;16;1011;Occasional;2022-07-02
202626;Kobieta;24;1004;VIP;2023-01-22
202627;Kobieta;41;1008;Occasional;2022-03-22
202628;Mężczyzna;25;1012;VIP;2021-08-18
202629;Kobieta;41;1012;Regular;2021-09-05
202630;Mężczyzna;33;1015;Regular;2022-04-23
202631;Kobieta;35;1005;Occasional;2021-02-27
202632;Kobieta;32;1004;Regular;2023-10-19
202633;Kobieta;47;1018;Regular;2023-03-04
202634;Mężczyzna;44;1005;VIP;2025-07-26
202635;Kobieta;37;1010;Regular;2023-11-28
202636;Kobieta;28;1005;Regular;2026-04-02
202637;Kobieta;50;1001;VIP;2021-10-27
202638;Kobieta;30;1014;Occasional;2022-09-29
202639;Kobieta;27;1002;Regular;2022-06-24
202640;Kobieta;35;1015;Regular;2021-12-17
202641;Kobieta;37;1011;Regular;2025-09-02
202642;Kobieta;28;1010;VIP;2026-04-11
202643;Mężczyzna;34;1005;Regular;2023-05-12
202644;Kobieta;44;1004;Regular;2025-03-07
202645;Kobieta;19;1004;Regular;2023-12-12
202646;Kobieta;36;1008;Regular;2024-02-12
202647;Mężczyzna;23;1004;Regular;2025-07-17
202648;Kobieta;33;1004;Regular;2022-08-13
202649;Kobieta;52;1008;Regular;2025-11-24
202650;Kobieta;46;1016;Occasional;2021-05-05
202651;Kobieta;52;1005;Regular;2023-03-12
202652;Kobieta;28;1002;VIP;2024-10-03
202653;Kobieta;44;1014;Occasional;2021-06-01
202654;Kobieta;42;1008;Regular;2023-06-23
202655;Kobieta;44;1001;New;2023-12-17
202656;Kobieta;36;1004;Regular;2026-03-13
202657;Mężczyzna;29;1017;Regular;2023-04-17
202658;Kobieta;54;1010;Occasional;2022-09-29
202659;Kobieta;34;1007;Regular;2024-01-22
202660;Kobieta;52;1010;Regular;2024-10-05
202661;Mężczyzna;46;1015;Regular;2024-08-22
202662;Kobieta;35;1018;Occasional;2025-10-26
202663;Mężczyzna;22;1011;New;2025-02-19
202664;Kobieta;51;1009;Regular;2024-12-15
202665;Kobieta;50;1009;Regular;2025-09-17
202666;Kobieta;17;1015;Occasional;2022-06-03
202667;Kobieta;18;1003;Occasional;2024-02-21
202668;Kobieta;34;1012;VIP;2023-04-22
202669;Kobieta;29;1010;New;2023-08-28
202670;Kobieta;23;1014;Occasional;2025-11-08
202671;Kobieta;54;1005;Regular;2021-03-11
202672;Kobieta;23;1012;Occasional;2024-09-05
202673;Mężczyzna;26;1009;New;2022-10-11
202674;Kobieta;16;1002;New;2024-10-31
202675;Kobieta;61;1017;Regular;2023-10-16
202676;Kobieta;38;1017;Regular;2025-09-29
202677;Mężczyzna;30;1017;New;2025-08-18
202678;Kobieta;46;1012;Regular;2021-04-21
202679;Mężczyzna;37;1018;New;2024-05-02
202680;Kobieta;52;1018;Regular;2023-04-19
202681;Kobieta;33;1003;Regular;2023-09-07
202682;Mężczyzna;17;1018;Occasional;2024-02-18
202683;Kobieta;42;1012;Occasional;2024-09-01
202684;Kobieta;51;1008;Occasional;2024-04-10
202685;Kobieta;49;1009;Occasional;2022-01-14
202686;Kobieta;26;1003;Regular;2022-02-09
202687;Kobieta;16;1003;Regular;2022-01-27
202688;Kobieta;52;1017;Regular;2021-07-22
202689;Kobieta;16;1001;Regular;2022-10-31
202690;Kobieta;63;1007;Occasional;2024-10-29
202691;Kobieta;23;1006;Regular;2026-01-30
202692;Kobieta;36;1016;Regular;2023-05-04
202693;Kobieta;40;1007;Regular;2024-03-15
202694;Kobieta;32;1001;Regular;2025-06-07
202695;Mężczyzna;25;1016;Occasional;2024-08-20
202696;Kobieta;43;1004;New;2022-01-25
202697;Kobieta;55;1007;Regular;2025-01-30
202698;Mężczyzna;29;1004;VIP;2024-05-01
202699;Kobieta;34;1001;New;2023-07-25
202700;Kobieta;26;1017;Occasional;2024-08-05
202701;Kobieta;24;1002;Regular;2022-01-18
202702;Kobieta;29;1010;Occasional;2022-03-27
202703;Kobieta;30;1008;Regular;2021-12-18
202704;Kobieta;30;1001;VIP;2022-05-26
202705;Kobieta;34;1016;Regular;2022-02-18
202706;Kobieta;44;1015;Regular;2022-03-09
202707;Kobieta;38;1017;Occasional;2023-12-28
202708;Kobieta;29;1016;Regular;2022-04-01
202709;Kobieta;45;1018;Regular;2024-10-08
202710;Kobieta;31;1006;Regular;2021-11-15
202711;Kobieta;46;1010;Occasional;2021-11-29
202712;Kobieta;35;1013;Regular;2021-04-17
202713;Kobieta;21;1001;Occasional;2024-12-09
202714;Kobieta;52;1011;Occasional;2025-06-29
202715;Kobieta;36;1018;Regular;2025-08-16
202716;Kobieta;58;1009;Occasional;2025-05-16
202717;Kobieta;44;1010;Regular;2025-11-23
202718;Kobieta;40;1005;Regular;2022-09-09
202719;Kobieta;20;1010;Regular;2021-06-21
202720;Mężczyzna;49;1015;Regular;2025-08-13
202721;Kobieta;43;1007;New;2022-09-10
202722;Kobieta;42;1008;Regular;2024-02-04
202723;Mężczyzna;20;1012;New;2022-07-08
202724;Kobieta;27;1010;Occasional;2023-01-04
202725;Kobieta;47;1008;VIP;2022-04-22
202726;Kobieta;39;1008;Occasional;2025-05-12
202727;Kobieta;39;1014;Regular;2026-05-28
202728;Kobieta;33;1002;New;2025-12-11
202729;Kobieta;47;1001;Occasional;2025-05-28
202730;Kobieta;25;1011;VIP;2024-10-05
202731;Kobieta;34;1009;Regular;2023-02-24
202732;Mężczyzna;42;1016;Regular;2024-09-13
202733;Kobieta;29;1010;Occasional;2022-07-13
202734;Kobieta;38;1012;Regular;2022-02-19
202735;Kobieta;33;1017;Regular;2023-09-08
202736;Kobieta;27;1009;Regular;2024-08-20
202737;Mężczyzna;23;1016;Occasional;2026-02-22
202738;Kobieta;35;1016;Occasional;2023-04-25
202739;Kobieta;24;1009;Occasional;2022-05-18
202740;Kobieta;54;1006;Regular;2021-01-03
202741;Kobieta;26;1014;Regular;2024-10-23
202742;Kobieta;48;1001;VIP;2025-07-07
202743;Kobieta;39;1003;New;2025-12-06
202744;Kobieta;33;1005;Regular;2026-05-17
202745;Kobieta;50;1014;Occasional;2025-07-26
202746;Kobieta;31;1006;Regular;2022-08-05
202747;Kobieta;50;1005;Regular;2024-10-22
202748;Kobieta;25;1006;Regular;2026-01-15
202749;Kobieta;38;1017;Regular;2026-03-15
202750;Kobieta;54;1001;Occasional;2021-03-18
202751;Kobieta;53;1009;Regular;2023-03-31
202752;Kobieta;16;1003;New;2025-07-11
202753;Kobieta;34;1005;Regular;2025-03-19
202754;Kobieta;59;1002;Occasional;2022-02-09
202755;Kobieta;31;1011;Regular;2025-01-05
202756;Kobieta;28;1001;Regular;2026-02-13
202757;Kobieta;16;1010;Regular;2022-10-29
202758;Mężczyzna;19;1005;Regular;2021-12-20
202759;Kobieta;41;1008;Regular;2026-03-02
202760;Kobieta;31;1010;Occasional;2021-05-30
202761;Kobieta;43;1004;New;2021-04-21
202762;Mężczyzna;18;1017;New;2024-03-08
202763;Mężczyzna;36;1002;VIP;2024-08-14
202764;Mężczyzna;36;1005;Regular;2021-07-25
202765;Kobieta;30;1002;Regular;2023-02-15
202766;Kobieta;50;1011;VIP;2023-12-25
202767;Kobieta;43;1002;New;2024-01-21
202768;Kobieta;31;1003;Regular;2021-10-16
202769;Kobieta;41;1006;VIP;2024-09-25
202770;Kobieta;56;1008;Occasional;2026-01-27
202771;Kobieta;22;1013;New;2023-08-01
202772;Kobieta;52;1002;Occasional;2023-04-15
202773;Kobieta;38;1008;VIP;2021-05-06
202774;Kobieta;33;1012;New;2021-08-30
202775;Kobieta;28;1005;Regular;2021-03-05
202776;Kobieta;30;1010;New;2025-08-17
202777;Kobieta;29;1014;Occasional;2025-09-29
202778;Kobieta;16;1017;Occasional;2022-11-26
202779;Mężczyzna;26;1001;Occasional;2021-04-18
202780;Kobieta;30;1004;Regular;2022-12-22
202781;Kobieta;25;1012;Regular;2026-04-04
202782;Kobieta;38;1005;Regular;2022-05-19
202783;Kobieta;37;1017;Regular;2022-03-03
202784;Kobieta;49;1010;New;2026-05-26
202785;Kobieta;22;1007;Regular;2022-09-07
202786;Kobieta;42;1010;Regular;2023-08-23
202787;Kobieta;31;1013;Regular;2025-02-20
202788;Kobieta;37;1012;VIP;2025-03-23
202789;Kobieta;40;1007;Regular;2023-09-28
202790;Kobieta;26;1015;Regular;2021-11-02
202791;Kobieta;37;1004;Occasional;2022-02-03
202792;Kobieta;29;1014;Occasional;2021-11-08
202793;Kobieta;45;1003;Occasional;2024-03-28
202794;Kobieta;36;1014;Occasional;2023-08-02
202795;Mężczyzna;45;1016;Occasional;2023-07-24
202796;Kobieta;22;1003;New;2021-12-31
202797;Mężczyzna;41;1006;Regular;2025-08-08
202798;Kobieta;32;1012;Regular;2026-01-24
202799;Kobieta;48;1008;New;2024-09-27
202800;Kobieta;41;1007;Regular;2023-10-06
202801;Kobieta;23;1001;Occasional;2025-12-18
202802;Kobieta;39;1007;Occasional;2024-07-05
202803;Kobieta;16;1010;VIP;2022-06-20
202804;Kobieta;33;1015;Regular;2024-02-07
202805;Kobieta;39;1002;New;2024-11-20
202806;Kobieta;19;1017;New;2021-03-30
202807;Kobieta;44;1017;Occasional;2024-01-02
202808;Kobieta;40;1002;Regular;2024-09-29
202809;Kobieta;27;1002;Occasional;2023-10-12
202810;Kobieta;53;1017;New;2024-10-27
202811;Kobieta;21;1014;Regular;2023-03-19
202812;Mężczyzna;23;1014;Occasional;2022-03-07
202813;Kobieta;26;1001;Regular;2025-08-23
202814;Kobieta;24;1006;Regular;2021-05-05
202815;Kobieta;53;1017;Regular;2022-10-08
202816;Kobieta;44;1006;Regular;2024-08-14
202817;Mężczyzna;16;1004;VIP;2023-03-09
202818;Kobieta;34;1006;VIP;2023-05-13
202819;Kobieta;33;1007;Regular;2022-12-04
202820;Kobieta;40;1012;Regular;2021-11-07
202821;Kobieta;28;1015;Regular;2024-08-08
202822;Kobieta;48;1007;Regular;2026-01-06
202823;Kobieta;41;1006;Occasional;2026-03-11
202824;Kobieta;26;1003;Regular;2021-01-16
202825;Kobieta;25;1018;Regular;2022-12-06
202826;Mężczyzna;33;1017;Occasional;2021-01-25
202827;Kobieta;16;1010;Occasional;2021-09-01
202828;Kobieta;56;1004;Regular;2025-10-15
202829;Mężczyzna;28;1014;Occasional;2025-11-04
202830;Kobieta;39;1008;Occasional;2022-11-19
202831;Kobieta;52;1007;Regular;2021-03-14
202832;Kobieta;25;1004;Regular;2021-05-10
202833;Kobieta;42;1017;New;2022-06-25
202834;Kobieta;26;1002;Occasional;2026-01-03
202835;Kobieta;49;1014;Occasional;2023-05-17
202836;Kobieta;54;1016;VIP;2025-01-15
202837;Kobieta;59;1013;Regular;2026-04-01
202838;Kobieta;27;1005;Regular;2022-12-05
202839;Kobieta;37;1016;Regular;2022-06-13
202840;Kobieta;25;1003;Occasional;2021-11-04
202841;Kobieta;40;1004;VIP;2024-03-28
202842;Mężczyzna;47;1016;New;2022-11-21
202843;Kobieta;36;1013;Regular;2025-01-09
202844;Kobieta;56;1004;Regular;2021-06-14
202845;Kobieta;16;1012;Regular;2024-01-27
202846;Kobieta;45;1007;Occasional;2023-09-09
202847;Mężczyzna;27;1016;Occasional;2022-10-14
202848;Kobieta;27;1012;Regular;2022-01-14
202849;Kobieta;16;1007;New;2023-05-30
202850;Kobieta;30;1012;Occasional;2025-01-21
202851;Kobieta;44;1014;Occasional;2021-05-07
202852;Kobieta;34;1003;Regular;2021-03-27
202853;Mężczyzna;55;1017;Regular;2025-08-21
202854;Kobieta;43;1016;Regular;2022-04-07
202855;Kobieta;24;1005;Occasional;2023-05-13
202856;Kobieta;24;1002;Regular;2023-10-21
202857;Kobieta;31;1018;Regular;2024-12-03
202858;Kobieta;38;1011;Regular;2025-12-20
202859;Mężczyzna;25;1005;Occasional;2024-03-04
202860;Mężczyzna;55;1007;New;2021-12-09
202861;Kobieta;36;1006;New;2025-10-25
202862;Kobieta;16;1012;VIP;2025-11-01
202863;Kobieta;33;1014;Regular;2025-02-15
202864;Kobieta;34;1001;VIP;2026-01-10
202865;Kobieta;34;1009;Occasional;2023-01-30
202866;Kobieta;54;1003;Regular;2024-05-20
202867;Kobieta;34;1001;Regular;2024-11-27
202868;Kobieta;35;1017;Occasional;2022-07-15
202869;Kobieta;19;1002;Occasional;2022-09-12
202870;Kobieta;16;1015;Regular;2024-05-03
202871;Mężczyzna;42;1009;Regular;2024-03-08
202872;Kobieta;45;1007;Occasional;2025-02-10
202873;Kobieta;56;1015;Regular;2024-08-31
202874;Kobieta;28;1017;Occasional;2024-11-22
202875;Kobieta;45;1016;New;2023-07-19
202876;Kobieta;29;1010;Occasional;2021-01-23
202877;Kobieta;29;1010;Occasional;2023-01-22
202878;Kobieta;35;1018;New;2024-10-02
202879;Mężczyzna;31;1007;Occasional;2024-01-12
202880;Kobieta;36;1002;Occasional;2022-06-01
202881;Kobieta;28;1017;Regular;2026-01-23
202882;Kobieta;16;1002;Occasional;2023-06-24
202883;Kobieta;23;1018;New;2025-08-31
202884;Kobieta;16;1015;Occasional;2021-05-25
202885;Kobieta;23;1003;Occasional;2025-01-24
202886;Mężczyzna;32;1014;Occasional;2021-04-26
202887;Kobieta;25;1009;New;2023-08-07
202888;Kobieta;32;1016;Occasional;2023-06-07
202889;Kobieta;30;1015;Regular;2023-01-24
202890;Kobieta;22;1002;VIP;2026-05-06
202891;Kobieta;40;1007;Occasional;2021-02-21
202892;Mężczyzna;46;1018;Occasional;2023-10-09
202893;Kobieta;31;1005;Regular;2024-05-26
202894;Kobieta;35;1002;Regular;2024-06-01
202895;Kobieta;27;1017;Occasional;2025-01-01
202896;Kobieta;33;1002;Regular;2026-02-24
202897;Kobieta;44;1007;Occasional;2022-05-05
202898;Kobieta;34;1017;Regular;2025-09-30
202899;Kobieta;29;1002;Regular;2025-12-16
202900;Kobieta;38;1015;New;2026-02-03
202901;Kobieta;35;1015;New;2024-02-26
202902;Kobieta;16;1013;Occasional;2024-11-08
202903;Kobieta;40;1009;Regular;2023-08-07
202904;Kobieta;39;1009;New;2025-01-08
202905;Mężczyzna;52;1007;Regular;2021-09-25
202906;Kobieta;31;1015;New;2025-06-27
202907;Kobieta;35;1015;Occasional;2025-08-10
202908;Kobieta;38;1002;Regular;2025-08-25
202909;Kobieta;38;1003;Regular;2023-05-30
202910;Kobieta;25;1002;Occasional;2021-03-08
202911;Kobieta;24;1011;Regular;2026-03-28
202912;Kobieta;42;1008;Regular;2024-04-07
202913;Kobieta;20;1002;Regular;2022-10-18
202914;Kobieta;36;1001;Regular;2021-01-03
202915;Kobieta;41;1015;Regular;2025-04-02
202916;Mężczyzna;30;1014;Occasional;2022-06-16
202917;Kobieta;37;1009;Occasional;2025-04-13
202918;Kobieta;24;1015;VIP;2022-09-19
202919;Kobieta;36;1005;Regular;2021-10-31
202920;Kobieta;48;1006;Occasional;2022-10-04
202921;Kobieta;39;1001;Regular;2026-04-19
202922;Kobieta;39;1008;Occasional;2024-05-15
202923;Kobieta;16;1013;VIP;2023-04-23
202924;Kobieta;26;1017;New;2021-12-05
202925;Kobieta;31;1006;New;2024-08-24
202926;Kobieta;21;1017;Regular;2023-10-24
202927;Kobieta;43;1016;Regular;2022-04-04
202928;Kobieta;39;1013;Regular;2026-04-17
202929;Kobieta;44;1017;Occasional;2021-03-26
202930;Kobieta;34;1011;VIP;2022-01-16
202931;Kobieta;37;1004;Occasional;2021-11-16
202932;Kobieta;22;1015;Regular;2025-06-19
202933;Mężczyzna;41;1011;Regular;2022-01-01
202934;Kobieta;26;1005;VIP;2024-07-31
202935;Kobieta;29;1009;Regular;2022-07-23
202936;Kobieta;23;1007;Regular;2021-11-07
202937;Kobieta;33;1014;VIP;2023-12-15
202938;Kobieta;16;1004;New;2022-07-03
202939;Kobieta;27;1016;Regular;2024-04-25
202940;Kobieta;31;1007;Regular;2024-05-05
202941;Kobieta;37;1002;Regular;2022-12-11
202942;Kobieta;20;1002;Regular;2024-05-24
202943;Kobieta;16;1005;VIP;2021-01-11
202944;Kobieta;16;1008;Regular;2022-04-21
202945;Kobieta;43;1009;Occasional;2024-06-29
202946;Mężczyzna;25;1017;Regular;2025-03-20
202947;Kobieta;33;1002;Occasional;2026-04-12
202948;Kobieta;34;1003;Regular;2022-06-30
202949;Kobieta;29;1018;Occasional;2021-08-25
202950;Kobieta;31;1003;Occasional;2023-08-23
202951;Kobieta;32;1010;New;2021-03-23
202952;Kobieta;26;1016;Occasional;2025-07-02
202953;Kobieta;25;1008;Occasional;2025-02-26
202954;Kobieta;30;1008;Regular;2024-12-15
202955;Kobieta;26;1010;Regular;2025-10-20
202956;Mężczyzna;32;1016;Regular;2022-07-20
202957;Kobieta;55;1013;Occasional;2024-02-22
202958;Kobieta;37;1001;VIP;2023-06-02
202959;Kobieta;40;1004;Occasional;2024-07-12
202960;Kobieta;46;1003;Regular;2021-04-30
202961;Kobieta;31;1003;Regular;2025-09-28
202962;Kobieta;38;1011;New;2024-02-04
202963;Kobieta;26;1009;Regular;2024-04-24
202964;Kobieta;20;1005;Occasional;2021-08-17
202965;Kobieta;32;1008;Occasional;2024-07-11
202966;Kobieta;38;1018;Occasional;2021-06-06
202967;Mężczyzna;35;1005;Regular;2024-09-01
202968;Kobieta;33;1010;Occasional;2025-10-25
202969;Kobieta;26;1010;Regular;2022-03-07
202970;Kobieta;16;1018;Occasional;2024-10-03
202971;Kobieta;47;1004;Regular;2021-07-26
202972;Kobieta;35;1004;New;2023-04-11
202973;Kobieta;29;1013;Regular;2026-03-04
202974;Kobieta;59;1001;Regular;2025-02-28
202975;Kobieta;38;1015;New;2026-01-21
202976;Kobieta;37;1004;VIP;2024-03-22
202977;Kobieta;23;1011;Regular;2021-01-01
202978;Mężczyzna;32;1018;Regular;2022-07-04
202979;Kobieta;16;1001;Regular;2026-03-31
202980;Mężczyzna;49;1011;VIP;2024-08-08
202981;Mężczyzna;27;1014;Regular;2021-03-07
202982;Kobieta;38;1014;Occasional;2024-10-12
202983;Kobieta;35;1015;Regular;2021-05-06
202984;Kobieta;36;1003;Regular;2024-03-20
202985;Kobieta;55;1018;VIP;2021-11-17
202986;Kobieta;18;1016;Regular;2023-03-29
202987;Kobieta;38;1003;Occasional;2023-02-24
202988;Kobieta;49;1014;New;2025-11-03
202989;Kobieta;34;1007;Occasional;2022-09-27
202990;Kobieta;31;1010;Regular;2022-04-02
202991;Mężczyzna;58;1016;Occasional;2025-06-28
202992;Kobieta;45;1001;Regular;2021-12-03
202993;Mężczyzna;35;1001;Occasional;2021-06-14
202994;Kobieta;21;1001;Regular;2021-09-22
202995;Mężczyzna;35;1007;Occasional;2022-05-02
202996;Kobieta;39;1011;Occasional;2023-08-25
202997;Kobieta;43;1005;Regular;2021-12-13
202998;Kobieta;42;1004;Occasional;2023-06-18
202999;Mężczyzna;32;1010;Occasional;2023-09-11
203000;Kobieta;16;1007;New;2023-09-05
203001;Kobieta;46;1012;Regular;2021-06-24
203002;Kobieta;50;1003;VIP;2022-09-30
203003;Kobieta;22;1018;Occasional;2021-10-15
203004;Kobieta;20;1016;New;2022-12-16
203005;Kobieta;26;1006;Occasional;2021-12-16
203006;Mężczyzna;38;1012;Occasional;2025-07-22
203007;Kobieta;19;1005;Occasional;2021-08-08
203008;Kobieta;38;1012;Occasional;2023-08-17
203009;Mężczyzna;39;1004;Occasional;2021-10-31
203010;Kobieta;27;1014;Regular;2021-09-21
203011;Kobieta;56;1016;Occasional;2026-02-06
203012;Kobieta;41;1004;Occasional;2023-05-21
203013;Kobieta;47;1010;New;2022-08-12
203014;Mężczyzna;23;1016;Regular;2021-06-30
203015;Kobieta;57;1003;Occasional;2026-03-22
203016;Kobieta;57;1013;Occasional;2023-03-07
203017;Kobieta;45;1006;Occasional;2022-03-06
203018;Kobieta;34;1015;Regular;2026-02-26
203019;Kobieta;49;1013;Occasional;2023-10-16
203020;Kobieta;21;1007;Regular;2022-09-07
203021;Mężczyzna;43;1011;Occasional;2022-09-09
203022;Mężczyzna;31;1013;VIP;2024-08-03
203023;Kobieta;35;1004;Occasional;2024-09-11
203024;Mężczyzna;24;1002;New;2025-07-31
203025;Kobieta;36;1008;Regular;2023-05-06
203026;Kobieta;33;1018;Regular;2025-09-06
203027;Kobieta;44;1018;Occasional;2025-07-14
203028;Mężczyzna;40;1010;Occasional;2024-07-21
203029;Kobieta;66;1016;Regular;2021-05-30
203030;Kobieta;46;1016;Regular;2023-12-28
203031;Kobieta;49;1015;Regular;2025-01-29
203032;Kobieta;29;1005;Occasional;2022-08-21
203033;Mężczyzna;44;1012;VIP;2023-10-27
203034;Mężczyzna;50;1003;Occasional;2023-12-31
203035;Kobieta;27;1013;Regular;2024-11-25
203036;Kobieta;22;1009;Regular;2026-04-18
203037;Kobieta;45;1002;Regular;2024-02-10
203038;Mężczyzna;29;1007;Occasional;2021-05-25
203039;Kobieta;44;1004;New;2021-02-02
203040;Kobieta;39;1018;VIP;2024-05-01
203041;Kobieta;26;1013;Occasional;2021-06-11
203042;Kobieta;51;1003;Occasional;2021-02-28
203043;Kobieta;39;1009;Occasional;2024-12-31
203044;Kobieta;55;1012;VIP;2022-01-28
203045;Kobieta;34;1001;VIP;2024-10-25
203046;Kobieta;29;1009;VIP;2022-02-14
203047;Mężczyzna;46;1018;Regular;2022-10-26
203048;Kobieta;28;1014;Regular;2021-02-10
203049;Kobieta;57;1005;Occasional;2025-04-28
203050;Kobieta;39;1007;Regular;2024-07-15
203051;Kobieta;38;1007;Occasional;2022-01-08
203052;Kobieta;50;1001;Occasional;2025-05-07
203053;Kobieta;23;1012;New;2021-05-17
203054;Kobieta;23;1006;Occasional;2025-04-24
203055;Kobieta;35;1010;Regular;2025-09-24
203056;Kobieta;42;1011;Occasional;2023-05-21
203057;Mężczyzna;38;1008;Regular;2025-08-30
203058;Mężczyzna;30;1013;Regular;2021-03-16
203059;Kobieta;32;1012;Regular;2025-10-05
203060;Kobieta;46;1017;Occasional;2024-05-05
203061;Kobieta;27;1014;New;2023-01-25
203062;Mężczyzna;18;1007;Occasional;2023-01-25
203063;Kobieta;49;1007;Occasional;2021-06-04
203064;Kobieta;22;1005;Occasional;2022-05-10
203065;Kobieta;47;1006;Regular;2023-05-29
203066;Kobieta;26;1010;Occasional;2021-09-02
203067;Kobieta;31;1001;Regular;2021-06-30
203068;Kobieta;26;1015;Occasional;2022-11-28
203069;Mężczyzna;18;1006;New;2025-09-24
203070;Mężczyzna;42;1006;Regular;2022-11-23
203071;Kobieta;37;1009;Regular;2023-05-14
203072;Kobieta;28;1015;Occasional;2025-09-27
203073;Kobieta;36;1002;Occasional;2024-08-11
203074;Mężczyzna;41;1017;New;2024-09-21
203075;Kobieta;22;1002;Regular;2021-07-31
203076;Kobieta;16;1014;Regular;2021-09-12
203077;Kobieta;28;1002;Occasional;2025-02-18
203078;Kobieta;39;1018;VIP;2023-10-21
203079;Kobieta;32;1002;Occasional;2025-03-27
203080;Kobieta;31;1018;VIP;2023-11-01
203081;Mężczyzna;32;1004;Regular;2025-10-19
203082;Kobieta;39;1015;VIP;2023-10-08
203083;Kobieta;18;1004;Occasional;2023-03-18
203084;Kobieta;16;1017;Occasional;2023-02-27
203085;Kobieta;54;1005;Regular;2021-08-05
203086;Kobieta;31;1018;Regular;2022-03-27
203087;Mężczyzna;22;1017;VIP;2022-02-16
203088;Kobieta;45;1007;VIP;2024-08-14
203089;Kobieta;20;1012;Occasional;2025-08-26
203090;Kobieta;46;1005;Occasional;2024-08-02
203091;Kobieta;21;1012;Regular;2025-08-14
203092;Kobieta;40;1008;Regular;2026-03-07
203093;Kobieta;25;1006;Occasional;2024-08-01
203094;Mężczyzna;40;1015;Regular;2026-01-29
203095;Kobieta;46;1017;Regular;2022-04-07
203096;Kobieta;39;1014;Occasional;2022-02-10
203097;Kobieta;20;1013;Regular;2025-03-15
203098;Mężczyzna;35;1001;Regular;2022-06-25
203099;Kobieta;32;1007;Occasional;2025-09-08
203100;Kobieta;16;1017;Occasional;2023-12-31
203101;Kobieta;42;1005;VIP;2025-05-29
203102;Kobieta;29;1007;Occasional;2025-01-02
203103;Kobieta;27;1004;Occasional;2021-12-15
203104;Kobieta;35;1014;Occasional;2026-04-03
203105;Kobieta;49;1015;Regular;2026-02-03
203106;Kobieta;39;1010;New;2022-04-05
203107;Kobieta;30;1016;Regular;2024-08-28
203108;Kobieta;18;1010;Occasional;2022-06-19
203109;Mężczyzna;27;1017;VIP;2023-05-18
203110;Kobieta;16;1010;Occasional;2021-02-16
203111;Kobieta;32;1011;Regular;2025-09-05
203112;Mężczyzna;51;1008;Occasional;2025-10-04
203113;Mężczyzna;54;1018;Regular;2024-05-18
203114;Kobieta;40;1015;Occasional;2025-12-13
203115;Kobieta;16;1012;Occasional;2022-09-26
203116;Kobieta;45;1012;VIP;2021-07-19
203117;Kobieta;27;1009;VIP;2025-01-19
203118;Mężczyzna;16;1010;VIP;2026-04-03
203119;Kobieta;41;1009;Occasional;2023-01-11
203120;Kobieta;48;1007;Regular;2022-04-16
203121;Kobieta;28;1005;VIP;2025-02-06
203122;Kobieta;31;1005;Occasional;2023-04-03
203123;Mężczyzna;41;1017;Occasional;2022-12-20
203124;Kobieta;38;1010;Occasional;2025-08-25
203125;Kobieta;19;1002;Occasional;2025-03-21
203126;Kobieta;23;1015;Regular;2022-06-13
203127;Kobieta;25;1002;Regular;2022-01-02
203128;Mężczyzna;21;1002;Regular;2025-03-29
203129;Mężczyzna;26;1003;New;2025-07-08
203130;Mężczyzna;48;1015;Regular;2026-02-15
203131;Kobieta;31;1006;Regular;2021-03-21
203132;Kobieta;28;1003;Occasional;2025-06-05
203133;Mężczyzna;64;1010;Occasional;2023-12-30
203134;Kobieta;20;1011;Occasional;2022-12-22
203135;Kobieta;26;1017;Regular;2025-02-11
203136;Kobieta;30;1009;Regular;2022-10-30
203137;Kobieta;36;1013;Occasional;2021-12-12
203138;Kobieta;37;1018;Regular;2024-08-27
203139;Kobieta;35;1012;Regular;2021-12-15
203140;Kobieta;40;1014;New;2023-07-14
203141;Kobieta;30;1001;Occasional;2023-04-22
203142;Kobieta;37;1016;Occasional;2021-11-11
203143;Kobieta;16;1017;VIP;2021-10-24
203144;Kobieta;31;1006;Occasional;2025-02-07
203145;Kobieta;21;1015;New;2022-08-27
203146;Kobieta;36;1001;New;2026-04-26
203147;Kobieta;39;1001;New;2023-04-29
203148;Kobieta;30;1003;New;2024-11-08
203149;Kobieta;27;1017;Regular;2025-10-27
203150;Kobieta;42;1001;Regular;2023-03-05
203151;Kobieta;37;1017;Occasional;2025-03-12
203152;Mężczyzna;19;1012;Occasional;2023-02-18
203153;Kobieta;44;1001;Regular;2025-09-07
203154;Kobieta;61;1004;Occasional;2024-03-06
203155;Kobieta;37;1007;Regular;2021-04-28
203156;Kobieta;19;1013;Occasional;2024-09-22
203157;Mężczyzna;38;1008;Regular;2021-10-19
203158;Mężczyzna;52;1016;Occasional;2025-11-13
203159;Kobieta;24;1013;Occasional;2021-08-26
203160;Kobieta;31;1008;Regular;2023-05-23
203161;Mężczyzna;42;1005;Occasional;2022-09-17
203162;Kobieta;39;1008;Occasional;2023-12-11
203163;Kobieta;50;1001;Regular;2025-08-28
203164;Kobieta;40;1018;New;2025-02-08
203165;Mężczyzna;28;1011;Regular;2024-03-07
203166;Kobieta;40;1018;Regular;2022-04-29
203167;Kobieta;43;1002;VIP;2022-11-27
203168;Mężczyzna;25;1001;Occasional;2025-12-03
203169;Mężczyzna;41;1003;Occasional;2022-11-21
203170;Kobieta;37;1011;New;2022-05-09
203171;Kobieta;52;1006;Occasional;2021-05-08
203172;Mężczyzna;29;1015;Occasional;2022-02-03
203173;Kobieta;55;1001;Regular;2021-01-29
203174;Kobieta;47;1015;Regular;2022-12-03
203175;Kobieta;33;1004;Occasional;2021-03-08
203176;Mężczyzna;27;1009;Occasional;2024-06-29
203177;Kobieta;26;1007;New;2022-09-12
203178;Kobieta;42;1006;Regular;2025-08-01
203179;Kobieta;31;1009;New;2022-08-19
203180;Kobieta;44;1005;Regular;2025-05-05
203181;Kobieta;55;1007;Occasional;2021-09-06
203182;Mężczyzna;57;1010;Occasional;2024-08-04
203183;Kobieta;47;1002;Regular;2023-12-09
203184;Kobieta;32;1015;Occasional;2024-07-23
203185;Kobieta;21;1004;New;2026-05-24
203186;Kobieta;16;1009;Occasional;2021-11-08
203187;Kobieta;51;1009;Occasional;2022-09-10
203188;Kobieta;37;1009;Occasional;2022-12-19
203189;Kobieta;24;1009;Occasional;2024-04-08
203190;Kobieta;50;1015;Regular;2023-03-07
203191;Mężczyzna;17;1018;VIP;2024-12-24
203192;Kobieta;18;1004;Occasional;2025-08-06
203193;Kobieta;57;1018;Regular;2025-09-01
203194;Mężczyzna;16;1004;Regular;2021-12-14
203195;Kobieta;37;1003;Regular;2023-12-31
203196;Kobieta;23;1017;Regular;2025-03-10
203197;Kobieta;50;1013;Occasional;2022-01-31
203198;Kobieta;35;1004;VIP;2024-01-25
203199;Kobieta;32;1005;VIP;2025-12-16
203200;Kobieta;32;1013;Occasional;2026-01-11
203201;Kobieta;47;1013;Occasional;2025-11-18
203202;Kobieta;47;1002;Regular;2022-11-07
203203;Kobieta;34;1014;New;2023-07-26
203204;Kobieta;24;1013;VIP;2025-09-12
203205;Kobieta;18;1002;Regular;2022-02-26
203206;Kobieta;34;1016;Occasional;2025-04-05
203207;Kobieta;35;1013;VIP;2024-05-03
203208;Mężczyzna;49;1011;Regular;2024-07-16
203209;Kobieta;46;1015;Regular;2023-03-11
203210;Mężczyzna;43;1010;Regular;2023-12-26
203211;Mężczyzna;38;1002;Regular;2026-02-18
203212;Mężczyzna;29;1006;Regular;2023-01-21
203213;Kobieta;34;1004;Regular;2022-10-20
203214;Kobieta;41;1001;Occasional;2021-09-30
203215;Kobieta;27;1001;Regular;2024-01-29
203216;Kobieta;29;1005;Regular;2025-12-23
203217;Kobieta;40;1014;Occasional;2021-07-18
203218;Kobieta;38;1005;Occasional;2024-07-05
203219;Kobieta;48;1012;Occasional;2023-09-24
203220;Mężczyzna;29;1011;Occasional;2022-08-17
203221;Kobieta;25;1016;Occasional;2024-10-18
203222;Kobieta;33;1004;VIP;2024-08-19
203223;Kobieta;30;1017;Occasional;2022-01-04
203224;Kobieta;63;1008;Regular;2025-03-25
203225;Kobieta;28;1018;Occasional;2021-04-14
203226;Kobieta;52;1008;Regular;2022-07-08
203227;Kobieta;38;1010;Regular;2024-11-13
203228;Kobieta;30;1001;New;2026-04-19
203229;Kobieta;36;1003;Occasional;2024-06-08
203230;Kobieta;25;1008;Regular;2026-05-04
203231;Kobieta;49;1012;Occasional;2022-12-03
203232;Mężczyzna;32;1014;VIP;2023-01-31
203233;Mężczyzna;34;1018;New;2023-08-11
203234;Kobieta;48;1013;New;2022-01-25
203235;Kobieta;37;1003;Occasional;2024-03-11
203236;Mężczyzna;51;1014;Regular;2023-02-03
203237;Mężczyzna;47;1004;Regular;2025-08-01
203238;Kobieta;42;1003;Regular;2022-03-29
203239;Kobieta;59;1017;New;2022-09-12
203240;Kobieta;36;1014;Regular;2024-10-04
203241;Kobieta;39;1011;Regular;2022-03-27
203242;Kobieta;19;1013;Regular;2023-06-16
203243;Kobieta;27;1001;Regular;2023-11-17
203244;Kobieta;58;1005;Regular;2021-03-03
203245;Mężczyzna;48;1002;New;2021-05-24
203246;Mężczyzna;16;1011;Regular;2022-12-25
203247;Mężczyzna;43;1016;Occasional;2023-03-17
203248;Kobieta;52;1011;Regular;2021-03-18
203249;Kobieta;64;1016;Regular;2023-07-06
203250;Kobieta;42;1002;Regular;2025-10-15
203251;Kobieta;39;1014;Regular;2025-09-09
203252;Mężczyzna;43;1015;Regular;2025-04-12
203253;Kobieta;47;1015;Regular;2021-12-24
203254;Kobieta;31;1014;Occasional;2025-01-19
203255;Kobieta;43;1008;Regular;2022-06-17
203256;Mężczyzna;37;1006;VIP;2023-07-22
203257;Kobieta;32;1007;VIP;2021-03-20
203258;Kobieta;37;1002;VIP;2022-02-05
203259;Kobieta;23;1009;VIP;2025-09-10
203260;Kobieta;49;1008;Regular;2021-03-06
203261;Kobieta;19;1004;Regular;2021-11-04
203262;Mężczyzna;34;1002;Occasional;2024-12-11
203263;Mężczyzna;41;1012;VIP;2023-07-30
203264;Mężczyzna;49;1003;Regular;2022-03-23
203265;Mężczyzna;28;1017;Regular;2026-04-03
203266;Kobieta;36;1009;Regular;2023-12-24
203267;Kobieta;26;1009;Occasional;2026-02-04
203268;Mężczyzna;41;1004;Regular;2021-03-28
203269;Kobieta;41;1007;Regular;2025-12-26
203270;Kobieta;29;1014;Occasional;2023-01-30
203271;Kobieta;36;1005;Regular;2025-07-30
203272;Mężczyzna;23;1002;Regular;2025-10-03
203273;Kobieta;29;1008;Regular;2025-05-21
203274;Kobieta;45;1013;Regular;2025-08-29
203275;Kobieta;30;1018;Regular;2022-05-15
203276;Kobieta;38;1012;Regular;2021-11-10
203277;Kobieta;25;1011;Regular;2021-09-04
203278;Mężczyzna;47;1010;VIP;2021-11-26
203279;Mężczyzna;43;1016;New;2026-05-03
203280;Kobieta;34;1011;Regular;2025-11-25
203281;Kobieta;41;1008;VIP;2023-04-21
203282;Kobieta;37;1018;Occasional;2021-01-19
203283;Kobieta;16;1010;Regular;2024-08-31
203284;Kobieta;39;1009;VIP;2022-11-19
203285;Mężczyzna;54;1016;VIP;2022-04-06
203286;Mężczyzna;16;1007;Regular;2023-03-02
203287;Kobieta;29;1004;VIP;2021-10-03
203288;Kobieta;44;1015;Regular;2024-08-02
203289;Kobieta;38;1015;Regular;2026-01-04
203290;Kobieta;29;1003;Regular;2024-11-01
203291;Mężczyzna;39;1007;Regular;2025-07-28
203292;Kobieta;21;1013;Regular;2021-05-22
203293;Mężczyzna;33;1012;Regular;2021-06-05
203294;Kobieta;39;1004;Regular;2025-07-04
203295;Mężczyzna;22;1010;Occasional;2024-08-02
203296;Kobieta;33;1008;Regular;2021-11-18
203297;Mężczyzna;22;1005;Regular;2022-07-05
203298;Kobieta;35;1013;Regular;2023-02-14
203299;Kobieta;28;1017;Regular;2024-04-30
203300;Kobieta;26;1013;VIP;2022-07-18
203301;Kobieta;34;1005;Regular;2025-04-29
203302;Mężczyzna;46;1003;Regular;2022-06-26
203303;Kobieta;36;1004;Regular;2023-11-20
203304;Mężczyzna;47;1001;VIP;2022-11-01
203305;Kobieta;44;1016;Regular;2026-04-03
203306;Kobieta;28;1005;New;2023-09-21
203307;Kobieta;32;1014;Regular;2025-06-18
203308;Kobieta;29;1003;Regular;2021-11-17
203309;Kobieta;47;1009;Occasional;2023-09-14
203310;Kobieta;48;1018;VIP;2022-09-02
203311;Kobieta;39;1011;Regular;2023-09-28
203312;Mężczyzna;27;1007;New;2023-11-25
203313;Kobieta;17;1006;VIP;2026-03-11
203314;Kobieta;16;1008;Occasional;2023-10-23
203315;Kobieta;56;1015;VIP;2023-04-22
203316;Kobieta;23;1013;Regular;2026-03-29
203317;Kobieta;42;1011;Regular;2021-01-14
203318;Kobieta;29;1017;New;2024-08-31
203319;Mężczyzna;34;1018;Occasional;2023-07-25
203320;Kobieta;51;1012;New;2025-12-25
203321;Kobieta;42;1006;New;2024-11-09
203322;Kobieta;26;1006;Occasional;2023-11-06
203323;Kobieta;34;1002;Occasional;2025-05-18
203324;Mężczyzna;36;1016;Regular;2023-04-01
203325;Kobieta;57;1006;Regular;2023-08-14
203326;Kobieta;16;1008;Occasional;2022-06-17
203327;Kobieta;24;1013;Regular;2021-12-14
203328;Kobieta;36;1005;Regular;2025-07-30
203329;Kobieta;24;1001;New;2024-05-11
203330;Kobieta;36;1017;VIP;2023-04-07
203331;Kobieta;26;1005;Occasional;2025-01-07
203332;Kobieta;26;1015;Occasional;2021-10-18
203333;Mężczyzna;25;1017;Regular;2021-12-13
203334;Kobieta;51;1007;Occasional;2024-07-12
203335;Kobieta;40;1011;Regular;2025-11-02
203336;Kobieta;31;1013;New;2024-10-14
203337;Kobieta;51;1007;Occasional;2024-06-15
203338;Kobieta;30;1002;Occasional;2025-07-22
203339;Kobieta;16;1009;Regular;2021-03-17
203340;Kobieta;43;1015;Regular;2023-08-06
203341;Mężczyzna;48;1004;New;2024-01-06
203342;Kobieta;25;1005;Occasional;2022-07-04
203343;Kobieta;34;1017;VIP;2023-03-02
203344;Kobieta;44;1004;New;2022-09-19
203345;Kobieta;34;1010;Occasional;2026-02-25
203346;Mężczyzna;46;1006;Occasional;2026-05-01
203347;Kobieta;25;1001;Occasional;2023-06-27
203348;Kobieta;25;1009;VIP;2024-01-21
203349;Mężczyzna;38;1013;Regular;2026-02-10
203350;Kobieta;16;1014;New;2021-01-13
203351;Kobieta;42;1002;Regular;2023-04-22
203352;Kobieta;30;1001;Regular;2021-01-16
203353;Kobieta;29;1005;VIP;2021-08-11
203354;Kobieta;34;1009;Regular;2025-08-05
203355;Kobieta;31;1015;New;2024-09-08
203356;Mężczyzna;35;1009;Regular;2021-06-28
203357;Mężczyzna;32;1015;Occasional;2023-12-19
203358;Kobieta;16;1002;New;2025-12-29
203359;Kobieta;16;1004;Regular;2024-01-17
203360;Mężczyzna;34;1004;Regular;2021-02-20
203361;Kobieta;47;1010;VIP;2023-09-03
203362;Kobieta;55;1001;Regular;2024-07-13
203363;Kobieta;39;1002;New;2026-02-22
203364;Kobieta;42;1016;Regular;2023-12-11
203365;Kobieta;27;1016;Regular;2021-10-18
203366;Kobieta;34;1008;New;2025-12-28
203367;Kobieta;26;1013;Regular;2024-03-30
203368;Mężczyzna;18;1009;New;2024-05-30
203369;Kobieta;16;1011;Regular;2023-07-24
203370;Kobieta;25;1014;Occasional;2025-03-18
203371;Kobieta;34;1004;Regular;2025-09-26
203372;Mężczyzna;25;1010;Occasional;2024-01-25
203373;Mężczyzna;42;1016;Regular;2022-11-12
203374;Kobieta;16;1002;Regular;2021-05-12
203375;Kobieta;53;1015;Occasional;2024-09-10
203376;Kobieta;57;1016;Occasional;2021-07-20
203377;Kobieta;48;1005;Regular;2023-10-22
203378;Kobieta;27;1012;New;2025-04-04
203379;Kobieta;44;1005;Occasional;2023-06-07
203380;Kobieta;32;1010;New;2025-07-11
203381;Kobieta;61;1015;Occasional;2025-01-03
203382;Kobieta;32;1018;Occasional;2024-06-19
203383;Kobieta;16;1018;Regular;2025-06-01
203384;Kobieta;32;1010;Regular;2021-06-27
203385;Mężczyzna;18;1018;Occasional;2023-03-06
203386;Kobieta;43;1016;New;2023-05-03
203387;Kobieta;64;1001;Occasional;2022-01-16
203388;Kobieta;34;1001;Occasional;2022-03-06
203389;Kobieta;44;1013;Regular;2026-05-06
203390;Kobieta;16;1005;Regular;2021-04-04
203391;Kobieta;44;1002;Regular;2024-11-07
203392;Mężczyzna;40;1002;Occasional;2023-09-27
203393;Kobieta;26;1015;Regular;2025-06-24
203394;Kobieta;28;1004;Occasional;2025-10-19
203395;Mężczyzna;41;1005;Occasional;2025-08-05
203396;Kobieta;19;1003;Occasional;2025-05-23
203397;Kobieta;20;1018;Regular;2025-04-19
203398;Mężczyzna;36;1008;New;2024-01-20
203399;Kobieta;38;1016;Occasional;2024-10-23
203400;Kobieta;33;1004;Occasional;2023-03-19
203401;Kobieta;46;1004;Occasional;2024-02-23
203402;Kobieta;32;1005;Occasional;2021-01-04
203403;Kobieta;29;1004;New;2026-05-29
203404;Mężczyzna;28;1018;Occasional;2024-05-28
203405;Kobieta;27;1013;Regular;2024-05-20
203406;Kobieta;41;1006;Occasional;2024-03-14
203407;Mężczyzna;16;1008;Regular;2024-08-13
203408;Kobieta;26;1007;Regular;2026-01-14
203409;Kobieta;33;1015;Regular;2025-04-25
203410;Kobieta;16;1015;Regular;2023-12-27
203411;Kobieta;22;1009;New;2024-09-10
203412;Mężczyzna;26;1003;Regular;2025-07-07
203413;Kobieta;16;1004;New;2025-12-21
203414;Kobieta;45;1005;Occasional;2021-03-02
203415;Kobieta;24;1016;Occasional;2023-01-22
203416;Kobieta;61;1014;Regular;2021-05-09
203417;Kobieta;38;1006;Occasional;2021-08-27
203418;Kobieta;16;1016;Occasional;2021-06-03
203419;Kobieta;36;1004;Regular;2023-06-01
203420;Kobieta;35;1018;Occasional;2022-02-27
203421;Kobieta;18;1001;Occasional;2021-04-29
203422;Kobieta;23;1002;Occasional;2024-12-22
203423;Kobieta;65;1015;Occasional;2022-03-04
203424;Kobieta;16;1010;Regular;2022-05-02
203425;Kobieta;48;1015;Occasional;2021-12-25
203426;Kobieta;37;1016;Regular;2026-03-04
203427;Kobieta;47;1009;Regular;2022-04-14
203428;Kobieta;45;1006;New;2025-03-31
203429;Kobieta;30;1015;Regular;2022-07-26
203430;Kobieta;55;1018;VIP;2023-08-27
203431;Kobieta;50;1016;Occasional;2025-11-04
203432;Kobieta;16;1012;Occasional;2021-12-02
203433;Kobieta;22;1011;Regular;2025-09-22
203434;Kobieta;40;1016;Regular;2023-10-13
203435;Kobieta;42;1014;Occasional;2023-12-08
203436;Kobieta;32;1015;Regular;2022-03-22
203437;Mężczyzna;41;1018;Occasional;2021-07-14
203438;Kobieta;35;1004;Regular;2025-12-18
203439;Kobieta;52;1007;Occasional;2023-03-23
203440;Mężczyzna;47;1003;Regular;2023-11-18
203441;Kobieta;27;1014;New;2025-07-26
203442;Kobieta;16;1016;Regular;2023-07-05
203443;Kobieta;38;1005;Regular;2025-04-12
203444;Kobieta;31;1017;Regular;2023-09-26
203445;Kobieta;16;1005;Occasional;2021-12-29
203446;Kobieta;35;1008;Regular;2021-07-11
203447;Kobieta;45;1008;Regular;2021-01-08
203448;Kobieta;44;1014;Occasional;2022-01-21
203449;Kobieta;39;1017;Regular;2025-07-30
203450;Kobieta;38;1014;Occasional;2025-06-28
203451;Kobieta;36;1013;Occasional;2022-10-26
203452;Kobieta;24;1008;New;2025-05-17
203453;Kobieta;44;1006;Occasional;2025-01-22
203454;Kobieta;16;1002;Regular;2024-08-15
203455;Kobieta;44;1004;Regular;2025-02-27
203456;Kobieta;24;1014;Regular;2022-11-21
203457;Kobieta;38;1017;Occasional;2021-05-31
203458;Kobieta;32;1018;Occasional;2021-11-06
203459;Mężczyzna;32;1001;Regular;2023-10-11
203460;Kobieta;50;1018;Regular;2022-10-01
203461;Kobieta;40;1005;Occasional;2025-05-16
203462;Kobieta;31;1005;VIP;2023-03-03
203463;Kobieta;34;1005;New;2025-10-29
203464;Kobieta;25;1009;Regular;2021-09-17
203465;Kobieta;40;1005;Occasional;2024-08-27
203466;Kobieta;24;1013;Occasional;2025-07-02
203467;Kobieta;50;1013;Occasional;2022-10-31
203468;Mężczyzna;45;1003;Occasional;2022-08-26
203469;Mężczyzna;54;1003;Regular;2025-06-13
203470;Mężczyzna;19;1014;Regular;2021-06-14
203471;Kobieta;34;1009;VIP;2023-02-14
203472;Kobieta;40;1003;Occasional;2023-01-23
203473;Kobieta;39;1006;Regular;2023-10-04
203474;Kobieta;38;1016;Regular;2022-01-29
203475;Kobieta;44;1003;Regular;2025-07-09
203476;Kobieta;32;1007;Regular;2021-04-21
203477;Kobieta;38;1017;Regular;2021-03-04
203478;Kobieta;33;1001;New;2025-07-08
203479;Kobieta;16;1008;VIP;2024-08-01
203480;Kobieta;47;1001;Occasional;2024-04-10
203481;Mężczyzna;46;1015;New;2024-01-14
203482;Kobieta;52;1001;Regular;2021-04-16
203483;Kobieta;39;1001;Regular;2025-10-11
203484;Kobieta;22;1003;Occasional;2022-09-05
203485;Kobieta;29;1005;Occasional;2022-09-12
203486;Kobieta;41;1016;Regular;2026-01-12
203487;Kobieta;24;1008;Occasional;2025-10-11
203488;Mężczyzna;37;1001;VIP;2021-08-29
203489;Kobieta;44;1008;Regular;2023-09-03
203490;Kobieta;51;1012;Regular;2024-06-21
203491;Kobieta;41;1014;Regular;2025-11-29
203492;Kobieta;27;1012;VIP;2022-07-31
203493;Mężczyzna;18;1009;Occasional;2022-04-11
203494;Kobieta;23;1015;Occasional;2024-06-05
203495;Kobieta;27;1018;Regular;2025-04-01
203496;Kobieta;52;1005;Occasional;2025-06-23
203497;Kobieta;16;1010;Occasional;2022-08-27
203498;Kobieta;40;1017;New;2022-04-30
203499;Kobieta;33;1016;Regular;2023-07-15
203500;Kobieta;36;1012;Occasional;2024-10-31
203501;Kobieta;47;1004;Regular;2021-05-05
203502;Kobieta;46;1012;Regular;2025-01-28
203503;Kobieta;52;1010;Occasional;2021-01-11
203504;Kobieta;34;1016;Regular;2026-03-22
203505;Mężczyzna;27;1009;Regular;2026-04-15
203506;Kobieta;28;1009;Occasional;2023-06-07
203507;Kobieta;37;1002;New;2024-02-27
203508;Kobieta;41;1015;New;2023-06-17
203509;Kobieta;18;1016;Regular;2023-12-19
203510;Kobieta;38;1006;Occasional;2025-03-26
203511;Kobieta;39;1001;Occasional;2023-07-08
203512;Kobieta;52;1012;Regular;2026-05-11
203513;Kobieta;25;1011;Occasional;2024-08-11
203514;Kobieta;51;1018;New;2025-09-19
203515;Kobieta;56;1016;Regular;2025-06-12
203516;Mężczyzna;32;1007;Regular;2024-12-11
203517;Kobieta;19;1015;Occasional;2021-03-30
203518;Kobieta;34;1001;New;2023-10-14
203519;Kobieta;26;1013;Regular;2024-11-05
203520;Kobieta;32;1018;Regular;2021-07-14
203521;Kobieta;55;1004;Occasional;2025-01-21
203522;Kobieta;16;1005;Occasional;2022-02-10
203523;Mężczyzna;41;1010;Regular;2023-02-13
203524;Kobieta;16;1011;Regular;2024-07-22
203525;Kobieta;46;1002;Regular;2025-07-01
203526;Kobieta;26;1009;Occasional;2025-02-17
203527;Kobieta;31;1015;Occasional;2023-04-02
203528;Kobieta;44;1001;Occasional;2022-12-24
203529;Mężczyzna;46;1014;Occasional;2023-04-28
203530;Kobieta;35;1016;Occasional;2024-08-06
203531;Kobieta;25;1018;Occasional;2021-05-05
203532;Kobieta;41;1004;New;2021-07-19
203533;Kobieta;25;1015;Regular;2022-01-26
203534;Kobieta;24;1006;Regular;2023-07-24
203535;Kobieta;37;1016;Regular;2021-02-12
203536;Kobieta;36;1003;Regular;2024-10-07
203537;Kobieta;49;1008;Occasional;2022-10-21
203538;Kobieta;61;1017;Occasional;2022-05-30
203539;Kobieta;39;1005;Regular;2024-01-15
203540;Kobieta;64;1012;VIP;2022-12-27
203541;Kobieta;46;1011;Regular;2024-01-24
203542;Kobieta;29;1017;Regular;2025-02-27
203543;Kobieta;28;1005;Regular;2023-08-27
203544;Mężczyzna;20;1004;New;2022-08-04
203545;Mężczyzna;16;1010;Regular;2024-12-12
203546;Kobieta;60;1001;VIP;2024-04-27
203547;Kobieta;21;1009;New;2022-05-29
203548;Kobieta;42;1013;Occasional;2022-10-05
203549;Kobieta;35;1007;Occasional;2026-02-05
203550;Kobieta;42;1005;Occasional;2021-02-18
203551;Kobieta;21;1015;Occasional;2021-01-20
203552;Kobieta;49;1017;New;2023-03-08
203553;Kobieta;30;1011;Occasional;2022-12-18
203554;Kobieta;48;1006;Occasional;2024-01-08
203555;Kobieta;35;1015;New;2021-06-08
203556;Kobieta;53;1015;Regular;2024-12-03
203557;Mężczyzna;64;1015;Occasional;2022-12-21
203558;Kobieta;28;1014;Regular;2025-10-13
203559;Kobieta;37;1015;Regular;2025-05-19
203560;Kobieta;50;1006;Occasional;2024-12-07
203561;Kobieta;24;1015;Regular;2024-03-14
203562;Kobieta;47;1012;Occasional;2024-09-04
203563;Mężczyzna;26;1014;Regular;2023-09-25
203564;Kobieta;24;1001;Occasional;2022-06-15
203565;Kobieta;22;1011;VIP;2026-01-29
203566;Kobieta;43;1002;Occasional;2022-11-06
203567;Kobieta;50;1006;Regular;2024-04-17
203568;Kobieta;41;1009;VIP;2023-05-10
203569;Kobieta;47;1014;Occasional;2025-10-06
203570;Kobieta;35;1005;Occasional;2021-04-09
203571;Kobieta;47;1003;Regular;2026-03-22
203572;Kobieta;33;1012;Regular;2025-10-20
203573;Mężczyzna;26;1004;VIP;2023-09-12
203574;Kobieta;43;1016;Regular;2025-01-29
203575;Mężczyzna;30;1007;VIP;2021-02-14
203576;Kobieta;47;1008;Occasional;2022-10-11
203577;Mężczyzna;31;1007;Regular;2025-10-21
203578;Mężczyzna;37;1017;Occasional;2025-06-29
203579;Kobieta;23;1006;Occasional;2022-02-02
203580;Kobieta;25;1015;Occasional;2021-02-27
203581;Kobieta;16;1014;Occasional;2026-03-26
203582;Kobieta;38;1018;Occasional;2024-01-03
203583;Kobieta;33;1014;VIP;2024-01-06
203584;Kobieta;52;1013;Regular;2024-03-07
203585;Kobieta;31;1016;New;2021-09-21
203586;Kobieta;24;1016;Regular;2022-07-26
203587;Kobieta;16;1013;VIP;2024-05-26
203588;Kobieta;16;1014;Regular;2023-02-25
203589;Kobieta;27;1018;Occasional;2026-02-01
203590;Kobieta;27;1013;Regular;2021-07-13
203591;Kobieta;32;1005;Occasional;2022-08-23
203592;Kobieta;25;1007;Regular;2024-07-18
203593;Kobieta;32;1001;VIP;2021-12-10
203594;Kobieta;35;1012;New;2024-11-25
203595;Kobieta;28;1016;Occasional;2023-05-15
203596;Kobieta;47;1008;Regular;2026-01-17
203597;Kobieta;46;1005;Occasional;2021-07-06
203598;Kobieta;18;1004;Regular;2025-03-03
203599;Mężczyzna;36;1006;Occasional;2022-03-16
203600;Kobieta;61;1002;New;2021-06-02
203601;Kobieta;18;1001;Regular;2021-04-28
203602;Kobieta;49;1013;Occasional;2025-06-24
203603;Kobieta;49;1007;Regular;2024-10-10
203604;Kobieta;31;1004;Occasional;2021-10-21
203605;Mężczyzna;28;1006;Regular;2024-12-06
203606;Kobieta;35;1018;New;2026-01-03
203607;Kobieta;21;1017;New;2022-08-08
203608;Kobieta;30;1013;Regular;2024-01-03
203609;Kobieta;37;1011;Regular;2023-04-11
203610;Kobieta;33;1003;Regular;2024-12-29
203611;Mężczyzna;29;1002;Regular;2023-03-26
203612;Mężczyzna;26;1013;Occasional;2024-07-20
203613;Kobieta;44;1017;Regular;2023-01-19
203614;Kobieta;30;1008;Regular;2021-02-06
203615;Kobieta;24;1011;Regular;2022-07-10
203616;Kobieta;21;1015;Regular;2023-10-23
203617;Kobieta;39;1015;Occasional;2024-04-29
203618;Kobieta;45;1006;Regular;2021-12-26
203619;Kobieta;19;1001;New;2023-08-07
203620;Mężczyzna;40;1005;Regular;2024-10-21
203621;Kobieta;34;1009;Occasional;2022-09-21
203622;Mężczyzna;52;1001;New;2025-12-10
203623;Kobieta;39;1011;Regular;2021-07-05
203624;Mężczyzna;35;1009;Occasional;2025-06-28
203625;Kobieta;36;1009;VIP;2024-12-04
203626;Kobieta;28;1004;Occasional;2024-11-20
203627;Mężczyzna;33;1009;Regular;2022-08-21
203628;Mężczyzna;36;1002;New;2021-12-18
203629;Kobieta;37;1011;Occasional;2023-10-21
203630;Kobieta;28;1009;Occasional;2024-03-05
203631;Mężczyzna;49;1011;Occasional;2022-11-04
203632;Kobieta;27;1016;Regular;2024-08-06
203633;Kobieta;16;1005;Regular;2026-04-28
203634;Mężczyzna;23;1017;Regular;2025-07-03
203635;Kobieta;51;1008;Regular;2024-12-21
203636;Kobieta;26;1010;Occasional;2024-02-03
203637;Kobieta;31;1016;Occasional;2023-08-24
203638;Kobieta;44;1001;Regular;2022-04-10
203639;Mężczyzna;41;1013;Regular;2024-08-24
203640;Kobieta;32;1003;Occasional;2024-05-29
203641;Kobieta;44;1014;New;2024-07-24
203642;Kobieta;47;1005;Occasional;2022-12-15
203643;Mężczyzna;24;1018;Regular;2024-01-16
203644;Mężczyzna;40;1014;VIP;2021-12-30
203645;Mężczyzna;42;1002;Occasional;2024-06-03
203646;Mężczyzna;40;1002;New;2022-12-20
203647;Kobieta;38;1003;Occasional;2021-12-01
203648;Kobieta;43;1017;Occasional;2026-05-22
203649;Kobieta;30;1017;Regular;2022-10-25
203650;Kobieta;32;1012;Occasional;2026-04-29
203651;Mężczyzna;58;1012;VIP;2021-10-23
203652;Kobieta;64;1007;Occasional;2021-08-10
203653;Kobieta;46;1004;Occasional;2025-03-01
203654;Mężczyzna;28;1018;Regular;2025-03-20
203655;Kobieta;51;1011;Regular;2024-01-27
203656;Kobieta;26;1005;Regular;2023-03-23
203657;Mężczyzna;38;1002;Occasional;2021-08-14
203658;Kobieta;41;1009;Regular;2022-05-29
203659;Kobieta;30;1008;Regular;2022-02-17
203660;Mężczyzna;32;1016;Regular;2026-05-26
203661;Kobieta;16;1018;Occasional;2022-05-11
203662;Kobieta;32;1014;Regular;2024-12-28
203663;Kobieta;29;1003;Regular;2023-09-01
203664;Kobieta;31;1010;New;2025-07-07
203665;Kobieta;51;1006;Regular;2024-12-11
203666;Kobieta;29;1002;Regular;2021-11-01
203667;Kobieta;45;1004;Occasional;2024-03-21
203668;Kobieta;27;1017;Regular;2024-12-18
203669;Kobieta;36;1007;Regular;2024-07-26
203670;Mężczyzna;16;1015;Regular;2025-03-25
203671;Kobieta;38;1008;Regular;2022-07-28
203672;Kobieta;45;1015;Occasional;2021-03-25
203673;Kobieta;21;1014;Occasional;2022-07-28
203674;Kobieta;72;1014;Regular;2021-03-11
203675;Kobieta;28;1010;Regular;2022-05-20
203676;Kobieta;18;1004;Regular;2025-12-03
203677;Kobieta;29;1002;New;2024-06-23
203678;Kobieta;21;1012;Regular;2022-09-03
203679;Kobieta;35;1013;Occasional;2021-03-17
203680;Mężczyzna;16;1013;New;2025-10-23
203681;Mężczyzna;39;1006;Regular;2024-08-11
203682;Mężczyzna;29;1010;Regular;2026-05-23
203683;Kobieta;54;1011;New;2024-05-02
203684;Kobieta;37;1006;VIP;2026-04-10
203685;Kobieta;33;1002;Occasional;2025-05-21
203686;Mężczyzna;43;1004;Occasional;2023-06-20
203687;Kobieta;33;1009;Occasional;2021-06-16
203688;Kobieta;18;1002;Regular;2025-12-30
203689;Kobieta;36;1018;Occasional;2024-03-03
203690;Kobieta;18;1010;Regular;2023-07-13
203691;Kobieta;45;1012;VIP;2021-10-15
203692;Kobieta;38;1010;Regular;2022-07-11
203693;Kobieta;16;1001;Regular;2025-04-12
203694;Kobieta;36;1018;Regular;2021-07-06
203695;Mężczyzna;35;1015;Occasional;2021-11-27
203696;Kobieta;58;1013;Occasional;2023-01-09
203697;Kobieta;31;1016;Regular;2023-12-05
203698;Kobieta;19;1007;Occasional;2022-10-19
203699;Kobieta;26;1010;New;2025-07-06
203700;Mężczyzna;32;1004;Occasional;2026-04-22
203701;Kobieta;41;1004;Regular;2025-03-19
203702;Kobieta;29;1013;New;2026-01-07
203703;Kobieta;22;1006;Regular;2022-12-15
203704;Kobieta;16;1001;Occasional;2022-04-08
203705;Kobieta;29;1014;New;2023-03-01
203706;Kobieta;39;1002;Regular;2023-03-24
203707;Mężczyzna;34;1004;Regular;2023-01-12
203708;Kobieta;28;1012;Regular;2024-10-27
203709;Kobieta;33;1002;Regular;2025-02-23
203710;Mężczyzna;44;1001;Regular;2024-10-29
203711;Kobieta;39;1001;Regular;2021-03-16
203712;Kobieta;37;1010;VIP;2025-04-03
203713;Kobieta;50;1013;Regular;2024-04-20
203714;Kobieta;45;1013;Regular;2023-10-20
203715;Mężczyzna;44;1004;New;2021-07-25
203716;Kobieta;16;1018;VIP;2026-03-24
203717;Kobieta;33;1013;Regular;2022-05-09
203718;Kobieta;37;1014;New;2025-05-15
203719;Kobieta;61;1016;Occasional;2021-03-29
203720;Kobieta;36;1016;Regular;2022-05-28
203721;Kobieta;55;1004;Regular;2022-01-01
203722;Kobieta;32;1012;Regular;2023-10-26
203723;Kobieta;44;1009;Regular;2023-11-11
203724;Kobieta;47;1016;Occasional;2022-12-18
203725;Kobieta;50;1012;Occasional;2023-11-15
203726;Kobieta;29;1014;Regular;2026-03-21
203727;Mężczyzna;26;1018;Regular;2023-04-18
203728;Kobieta;22;1005;Occasional;2023-03-27
203729;Kobieta;41;1009;Occasional;2022-03-06
203730;Kobieta;49;1013;New;2024-09-11
203731;Kobieta;33;1013;Occasional;2023-01-23
203732;Kobieta;35;1014;New;2026-05-20
203733;Kobieta;30;1012;VIP;2024-04-13
203734;Mężczyzna;20;1010;New;2024-07-07
203735;Kobieta;29;1012;Regular;2023-04-15
203736;Kobieta;23;1012;New;2025-05-24
203737;Kobieta;20;1004;Occasional;2026-05-14
203738;Kobieta;43;1008;Occasional;2025-02-09
203739;Kobieta;32;1004;Regular;2022-01-20
203740;Kobieta;33;1004;Occasional;2024-09-08
203741;Mężczyzna;29;1007;Regular;2021-08-15
203742;Kobieta;27;1016;Regular;2025-02-20
203743;Kobieta;19;1018;VIP;2022-02-19
203744;Kobieta;53;1003;Regular;2023-11-11
203745;Kobieta;47;1008;Regular;2026-02-06
203746;Kobieta;16;1007;Regular;2023-07-29
203747;Kobieta;26;1006;New;2026-04-14
203748;Kobieta;43;1011;Occasional;2024-10-08
203749;Mężczyzna;25;1014;Occasional;2021-09-20
203750;Kobieta;40;1013;Regular;2024-10-22
203751;Kobieta;23;1002;New;2024-05-19
203752;Kobieta;44;1017;Occasional;2022-08-16
203753;Kobieta;43;1002;New;2025-02-21
203754;Mężczyzna;60;1004;New;2025-11-07
203755;Mężczyzna;29;1018;Regular;2021-04-12
203756;Kobieta;16;1001;Regular;2025-04-21
203757;Kobieta;40;1006;Regular;2022-08-05
203758;Kobieta;40;1011;Occasional;2022-07-19
203759;Kobieta;38;1013;New;2021-12-30
203760;Mężczyzna;23;1010;Occasional;2022-11-20
203761;Kobieta;29;1010;Occasional;2021-10-31
203762;Kobieta;47;1001;Occasional;2023-05-10
203763;Kobieta;38;1016;Regular;2025-06-03
203764;Kobieta;40;1015;Occasional;2024-09-14
203765;Mężczyzna;43;1006;Regular;2025-11-16
203766;Kobieta;48;1016;VIP;2026-02-26
203767;Mężczyzna;36;1011;New;2022-06-09
203768;Kobieta;21;1005;Regular;2025-12-19
203769;Kobieta;37;1003;Occasional;2025-08-01
203770;Kobieta;38;1003;Occasional;2022-04-25
203771;Kobieta;26;1004;New;2026-03-24
203772;Kobieta;56;1008;Occasional;2021-08-27
203773;Kobieta;35;1001;Occasional;2025-01-19
203774;Kobieta;37;1001;Regular;2024-07-14
203775;Mężczyzna;42;1017;Regular;2021-10-17
203776;Kobieta;55;1005;Occasional;2021-03-29
203777;Kobieta;29;1009;VIP;2022-01-15
203778;Kobieta;20;1014;Regular;2024-03-19
203779;Mężczyzna;25;1001;VIP;2023-05-08
203780;Kobieta;26;1008;Regular;2024-05-28
203781;Kobieta;23;1005;VIP;2026-01-29
203782;Kobieta;33;1003;Occasional;2026-03-18
203783;Kobieta;17;1011;VIP;2023-12-28
203784;Kobieta;25;1007;Occasional;2025-03-21
203785;Mężczyzna;34;1012;Regular;2023-11-19
203786;Kobieta;37;1003;Regular;2023-08-02
203787;Kobieta;44;1017;VIP;2025-07-14
203788;Kobieta;36;1004;New;2024-07-20
203789;Kobieta;23;1018;New;2023-07-26
203790;Mężczyzna;27;1012;Regular;2022-05-05
203791;Kobieta;45;1003;Regular;2023-10-23
203792;Kobieta;60;1004;Regular;2022-01-28
203793;Kobieta;49;1003;Regular;2024-12-14
203794;Mężczyzna;19;1011;VIP;2024-05-12
203795;Kobieta;43;1011;VIP;2026-02-18
203796;Kobieta;28;1004;Occasional;2025-01-10
203797;Kobieta;25;1012;Regular;2026-01-04
203798;Kobieta;26;1007;Regular;2025-12-30
203799;Mężczyzna;48;1004;Regular;2025-11-22
203800;Kobieta;27;1005;Occasional;2021-12-11
203801;Kobieta;42;1010;Regular;2023-01-03
203802;Kobieta;27;1011;Regular;2023-03-06
203803;Kobieta;23;1007;New;2025-09-13
203804;Kobieta;28;1011;Occasional;2023-05-11
203805;Kobieta;58;1009;Occasional;2026-01-21
203806;Kobieta;19;1017;Occasional;2022-02-21
203807;Kobieta;38;1004;Occasional;2023-05-03
203808;Kobieta;36;1005;Occasional;2025-12-21
203809;Kobieta;20;1016;Occasional;2025-10-30
203810;Kobieta;16;1005;Occasional;2022-04-28
203811;Mężczyzna;50;1009;VIP;2024-12-25
203812;Kobieta;35;1003;Regular;2022-02-08
203813;Kobieta;60;1017;Regular;2023-04-08
203814;Kobieta;41;1004;Occasional;2025-05-04
203815;Kobieta;52;1012;Occasional;2026-02-20
203816;Kobieta;46;1010;Regular;2024-01-09
203817;Kobieta;46;1011;Occasional;2022-10-16
203818;Mężczyzna;21;1018;Regular;2025-02-23
203819;Kobieta;69;1012;New;2022-07-30
203820;Kobieta;33;1016;Regular;2024-07-27
203821;Kobieta;55;1017;Regular;2025-08-30
203822;Kobieta;25;1013;Occasional;2024-09-28
203823;Kobieta;37;1002;Regular;2024-10-18
203824;Kobieta;21;1018;Occasional;2023-10-15
203825;Kobieta;21;1003;VIP;2021-11-15
203826;Kobieta;50;1016;Occasional;2021-05-29
203827;Kobieta;32;1014;VIP;2024-05-15
203828;Kobieta;47;1002;New;2025-09-15
203829;Kobieta;42;1010;Regular;2024-08-16
203830;Kobieta;32;1015;Regular;2021-06-07
203831;Mężczyzna;17;1001;Regular;2024-03-19
203832;Kobieta;18;1003;VIP;2024-05-04
203833;Kobieta;27;1013;Regular;2025-07-16
203834;Kobieta;48;1014;Regular;2024-07-20
203835;Kobieta;42;1008;Regular;2023-04-12
203836;Mężczyzna;49;1005;Occasional;2021-01-12
203837;Kobieta;45;1015;Regular;2021-09-11
203838;Kobieta;28;1011;Regular;2023-03-21
203839;Kobieta;59;1001;Occasional;2023-03-24
203840;Kobieta;35;1010;Occasional;2026-02-04
203841;Kobieta;30;1017;New;2021-09-28
203842;Kobieta;35;1012;VIP;2022-11-02
203843;Kobieta;70;1006;Regular;2023-03-14
203844;Kobieta;37;1012;Regular;2024-10-15
203845;Kobieta;37;1017;Regular;2024-03-07
203846;Kobieta;41;1004;Occasional;2022-04-22
203847;Mężczyzna;25;1009;New;2025-11-09
203848;Kobieta;24;1017;Occasional;2021-02-23
203849;Kobieta;35;1012;New;2023-10-14
203850;Kobieta;40;1004;Regular;2023-12-26
203851;Kobieta;51;1002;Regular;2023-02-15
203852;Kobieta;36;1018;Regular;2022-01-14
203853;Kobieta;20;1002;VIP;2023-11-23
203854;Kobieta;46;1004;Occasional;2024-12-30
203855;Kobieta;34;1005;Occasional;2022-05-17
203856;Kobieta;34;1011;Occasional;2022-03-31
203857;Kobieta;16;1011;Regular;2025-12-22
203858;Kobieta;43;1014;Regular;2021-08-24
203859;Kobieta;50;1012;VIP;2021-08-28
203860;Kobieta;30;1010;Regular;2021-07-18
203861;Kobieta;30;1012;Occasional;2022-09-26
203862;Mężczyzna;59;1011;Regular;2024-09-30
203863;Kobieta;37;1006;Regular;2026-04-05
203864;Mężczyzna;22;1018;Regular;2023-12-06
203865;Kobieta;32;1009;Occasional;2024-05-28
203866;Kobieta;46;1006;Occasional;2021-10-22
203867;Kobieta;17;1015;Occasional;2025-01-16
203868;Kobieta;29;1015;Regular;2025-11-01
203869;Kobieta;53;1018;Regular;2021-04-13
203870;Mężczyzna;26;1005;Regular;2025-12-14
203871;Kobieta;64;1009;Regular;2023-10-04
203872;Kobieta;16;1009;Regular;2022-07-15
203873;Kobieta;49;1012;Regular;2021-04-07
203874;Kobieta;36;1010;VIP;2025-12-17
203875;Mężczyzna;37;1003;Regular;2025-10-17
203876;Kobieta;37;1003;New;2024-11-27
203877;Mężczyzna;56;1016;Regular;2024-07-01
203878;Kobieta;37;1018;Regular;2022-08-06
203879;Kobieta;36;1009;Occasional;2024-11-18
203880;Kobieta;16;1002;Regular;2022-01-06
203881;Kobieta;48;1016;Regular;2024-01-06
203882;Kobieta;16;1008;Regular;2025-09-30
203883;Kobieta;25;1018;Regular;2022-04-25
203884;Kobieta;22;1006;New;2021-01-08
203885;Kobieta;26;1006;Occasional;2022-02-26
203886;Kobieta;48;1003;Regular;2024-11-27
203887;Kobieta;16;1013;New;2026-05-09
203888;Kobieta;16;1016;Regular;2025-02-07
203889;Kobieta;52;1014;Occasional;2021-09-08
203890;Kobieta;58;1017;Regular;2021-08-17
203891;Kobieta;42;1013;New;2023-06-18
203892;Kobieta;37;1009;Occasional;2024-11-12
203893;Mężczyzna;49;1014;Occasional;2023-09-21
203894;Mężczyzna;16;1013;Regular;2021-02-20
203895;Kobieta;33;1007;Occasional;2024-04-29
203896;Kobieta;26;1011;Occasional;2023-10-31
203897;Kobieta;34;1001;Occasional;2025-02-10
203898;Kobieta;38;1005;Regular;2021-06-07
203899;Kobieta;46;1016;Occasional;2024-05-25
203900;Kobieta;28;1017;Regular;2024-10-20
203901;Mężczyzna;42;1001;Occasional;2021-03-24
203902;Mężczyzna;20;1003;Occasional;2024-12-03
203903;Kobieta;23;1014;Regular;2021-10-18
203904;Kobieta;32;1004;Regular;2024-06-15
203905;Kobieta;17;1002;Occasional;2023-11-20
203906;Kobieta;44;1010;Occasional;2024-08-28
203907;Kobieta;45;1015;Regular;2021-12-06
203908;Kobieta;37;1007;Regular;2023-06-22
203909;Kobieta;20;1011;Occasional;2022-12-24
203910;Mężczyzna;30;1001;Occasional;2025-06-12
203911;Kobieta;54;1011;Occasional;2024-02-21
203912;Kobieta;19;1014;New;2022-12-13
203913;Kobieta;22;1005;Regular;2021-11-16
203914;Mężczyzna;28;1016;Occasional;2023-01-24
203915;Mężczyzna;49;1010;Occasional;2024-08-02
203916;Mężczyzna;22;1007;VIP;2022-10-05
203917;Kobieta;48;1014;Occasional;2023-07-23
203918;Kobieta;34;1008;Regular;2022-09-15
203919;Kobieta;33;1001;Occasional;2024-07-05
203920;Kobieta;25;1008;Occasional;2021-06-29
203921;Kobieta;35;1013;Occasional;2021-07-10
203922;Kobieta;52;1007;Regular;2022-02-26
203923;Mężczyzna;34;1001;Occasional;2026-04-06
203924;Kobieta;53;1006;Regular;2023-02-11
203925;Kobieta;33;1009;Occasional;2021-08-20
203926;Kobieta;25;1001;Regular;2023-05-09
203927;Kobieta;17;1012;Regular;2021-01-27
203928;Mężczyzna;52;1006;Regular;2024-12-26
203929;Kobieta;54;1001;New;2025-05-19
203930;Mężczyzna;48;1014;Occasional;2025-01-12
203931;Kobieta;43;1015;Occasional;2023-09-08
203932;Kobieta;42;1010;Regular;2022-07-17
203933;Kobieta;26;1009;Occasional;2025-03-10
203934;Kobieta;39;1002;Occasional;2021-09-23
203935;Kobieta;31;1016;Regular;2021-05-12
203936;Mężczyzna;44;1001;Occasional;2025-08-11
203937;Kobieta;37;1006;Regular;2024-01-07
203938;Kobieta;31;1005;Regular;2024-10-24
203939;Kobieta;27;1005;Occasional;2021-10-18
203940;Kobieta;36;1017;New;2024-05-24
203941;Kobieta;53;1005;Occasional;2021-12-06
203942;Kobieta;17;1015;VIP;2024-07-04
203943;Kobieta;26;1002;Occasional;2021-08-31
203944;Kobieta;34;1018;Regular;2026-05-10
203945;Kobieta;29;1012;Regular;2023-10-25
203946;Kobieta;29;1006;Occasional;2022-04-15
203947;Kobieta;17;1005;Occasional;2024-03-21
203948;Kobieta;55;1017;Occasional;2021-08-16
203949;Kobieta;30;1004;VIP;2025-10-05
203950;Kobieta;24;1014;Regular;2021-05-24
203951;Kobieta;24;1008;Regular;2024-05-07
203952;Mężczyzna;22;1004;Regular;2021-12-25
203953;Kobieta;23;1010;Regular;2024-01-20
203954;Kobieta;21;1010;VIP;2023-12-20
203955;Kobieta;45;1010;Regular;2024-06-22
203956;Kobieta;42;1001;New;2024-03-10
203957;Kobieta;42;1016;New;2026-03-08
203958;Mężczyzna;25;1011;VIP;2024-03-03
203959;Kobieta;31;1013;Occasional;2026-01-14
203960;Kobieta;38;1005;Occasional;2023-05-10
203961;Kobieta;52;1003;Regular;2023-08-12
203962;Kobieta;16;1015;Regular;2024-02-18
203963;Mężczyzna;36;1001;Regular;2022-06-19
203964;Kobieta;41;1009;New;2021-03-11
203965;Kobieta;45;1002;Regular;2023-07-07
203966;Kobieta;27;1017;Regular;2024-10-17
203967;Kobieta;46;1001;Regular;2022-03-08
203968;Kobieta;48;1015;Regular;2025-02-17
203969;Kobieta;53;1013;Occasional;2025-07-15
203970;Kobieta;19;1007;Regular;2025-06-08
203971;Kobieta;36;1008;Regular;2021-04-23
203972;Kobieta;58;1004;Occasional;2024-07-28
203973;Kobieta;35;1013;Regular;2023-10-15
203974;Kobieta;26;1006;Occasional;2022-09-06
203975;Kobieta;36;1016;Occasional;2021-09-27
203976;Kobieta;31;1003;New;2026-01-27
203977;Kobieta;54;1018;Occasional;2026-02-23
203978;Kobieta;53;1016;Occasional;2022-04-11
203979;Mężczyzna;60;1004;Regular;2023-06-23
203980;Kobieta;25;1004;New;2021-09-18
203981;Kobieta;42;1006;Regular;2023-07-03
203982;Kobieta;42;1007;Regular;2022-10-21
203983;Kobieta;16;1011;Regular;2021-11-13
203984;Kobieta;46;1001;Occasional;2025-07-15
203985;Kobieta;31;1011;Occasional;2023-11-04
203986;Kobieta;36;1001;Regular;2025-02-28
203987;Kobieta;17;1009;Regular;2025-05-12
203988;Kobieta;46;1013;Regular;2024-06-28
203989;Mężczyzna;28;1016;Occasional;2022-08-21
203990;Kobieta;40;1005;Regular;2021-04-12
203991;Kobieta;22;1010;Occasional;2025-08-09
203992;Kobieta;17;1015;New;2025-09-11
203993;Kobieta;16;1010;Regular;2022-06-26
203994;Kobieta;35;1017;Occasional;2021-06-01
203995;Kobieta;27;1015;Occasional;2025-12-02
203996;Kobieta;28;1017;Regular;2024-01-24
203997;Kobieta;36;1007;VIP;2022-06-07
203998;Kobieta;27;1008;Regular;2026-05-24
203999;Kobieta;22;1013;Regular;2025-05-15
204000;Kobieta;42;1007;Regular;2025-06-25
204001;Kobieta;31;1009;Regular;2021-03-03
204002;Kobieta;30;1011;Regular;2025-07-21
204003;Kobieta;28;1005;VIP;2025-08-27
204004;Kobieta;39;1016;Regular;2024-05-09
204005;Kobieta;56;1016;Occasional;2024-07-05
204006;Kobieta;41;1001;Regular;2022-05-06
204007;Kobieta;36;1010;New;2023-06-02
204008;Kobieta;50;1003;Occasional;2026-01-28
204009;Kobieta;29;1007;Regular;2023-01-14
204010;Kobieta;16;1006;New;2025-07-29
204011;Kobieta;35;1004;New;2024-01-23
204012;Kobieta;46;1014;Regular;2026-05-11
204013;Kobieta;40;1018;Regular;2024-12-13
204014;Kobieta;39;1014;Regular;2024-07-06
204015;Kobieta;43;1001;VIP;2026-03-19
204016;Kobieta;40;1008;Occasional;2024-02-10
204017;Kobieta;39;1015;Occasional;2022-06-25
204018;Kobieta;43;1014;Regular;2026-01-13
204019;Mężczyzna;26;1017;Occasional;2025-08-27
204020;Kobieta;32;1018;Regular;2024-08-09
204021;Kobieta;30;1009;Occasional;2024-08-08
204022;Mężczyzna;47;1006;Occasional;2022-04-15
204023;Kobieta;42;1017;Regular;2024-06-20
204024;Kobieta;54;1006;Regular;2025-06-02
204025;Kobieta;37;1016;Occasional;2025-01-07
204026;Kobieta;29;1004;Occasional;2025-08-03
204027;Kobieta;47;1012;Regular;2025-09-25
204028;Kobieta;30;1006;Regular;2024-04-25
204029;Kobieta;16;1010;Regular;2024-03-06
204030;Kobieta;28;1012;VIP;2021-02-20
204031;Kobieta;34;1012;Regular;2021-10-17
204032;Mężczyzna;41;1013;Occasional;2024-09-28
204033;Kobieta;36;1011;Regular;2024-02-19
204034;Kobieta;38;1010;Regular;2023-08-21
204035;Kobieta;56;1002;Regular;2021-11-20
204036;Kobieta;23;1018;Regular;2025-10-14
204037;Kobieta;27;1017;Regular;2023-08-01
204038;Kobieta;33;1010;Occasional;2021-12-28
204039;Kobieta;38;1002;Regular;2022-04-13
204040;Kobieta;31;1017;Regular;2022-02-06
204041;Kobieta;44;1015;Regular;2021-09-17
204042;Kobieta;32;1007;Regular;2024-05-16
204043;Kobieta;29;1011;Occasional;2025-04-21
204044;Kobieta;49;1007;Occasional;2021-04-03
204045;Kobieta;16;1011;Occasional;2022-04-18
204046;Mężczyzna;62;1010;Occasional;2025-04-27
204047;Kobieta;39;1007;Occasional;2024-10-15
204048;Kobieta;32;1011;Occasional;2021-01-23
204049;Kobieta;16;1008;Regular;2021-11-15
204050;Kobieta;49;1012;Occasional;2025-02-28
204051;Kobieta;25;1004;Occasional;2023-09-29
204052;Kobieta;32;1016;Regular;2022-11-10
204053;Kobieta;48;1003;Regular;2021-01-06
204054;Kobieta;60;1001;Occasional;2021-07-01
204055;Kobieta;28;1004;Occasional;2021-12-03
204056;Kobieta;40;1007;Regular;2026-04-20
204057;Kobieta;58;1003;Occasional;2026-05-08
204058;Kobieta;34;1011;Regular;2024-08-18
204059;Kobieta;33;1010;New;2026-05-23
204060;Kobieta;62;1006;Regular;2026-02-25
204061;Kobieta;40;1013;Regular;2022-12-08
204062;Kobieta;34;1003;Occasional;2023-08-21
204063;Kobieta;40;1009;Regular;2021-09-16
204064;Kobieta;53;1018;Regular;2022-08-02
204065;Kobieta;31;1001;Regular;2021-06-19
204066;Kobieta;23;1006;VIP;2022-12-29
204067;Kobieta;29;1018;VIP;2021-10-21
204068;Kobieta;43;1007;Regular;2025-09-19
204069;Kobieta;41;1005;VIP;2022-08-10
204070;Kobieta;53;1004;Occasional;2023-09-11
204071;Kobieta;55;1017;Regular;2024-07-04
204072;Kobieta;26;1014;New;2024-08-16
204073;Kobieta;37;1008;Regular;2022-05-03
204074;Kobieta;19;1010;Regular;2025-02-22
204075;Kobieta;21;1001;Regular;2023-10-26
204076;Kobieta;20;1001;Regular;2021-10-09
204077;Kobieta;35;1013;Occasional;2024-05-11
204078;Mężczyzna;37;1002;Regular;2024-05-03
204079;Kobieta;27;1002;Occasional;2022-12-21
204080;Kobieta;25;1010;Occasional;2024-08-04
204081;Kobieta;27;1015;Occasional;2021-01-22
204082;Mężczyzna;28;1015;Occasional;2025-01-14
204083;Kobieta;35;1011;Occasional;2024-10-07
204084;Mężczyzna;22;1007;Occasional;2024-12-01
204085;Kobieta;33;1017;New;2023-01-12
204086;Kobieta;31;1003;Regular;2021-06-10
204087;Kobieta;39;1013;Occasional;2025-06-17
204088;Kobieta;23;1015;VIP;2023-08-27
204089;Mężczyzna;30;1013;VIP;2021-05-02
204090;Kobieta;38;1008;Regular;2023-10-09
204091;Mężczyzna;50;1011;Regular;2022-10-25
204092;Kobieta;16;1002;Occasional;2023-10-07
204093;Kobieta;39;1017;Regular;2022-11-09
204094;Kobieta;31;1010;Regular;2026-02-15
204095;Kobieta;33;1008;Regular;2026-05-19
204096;Kobieta;28;1009;Regular;2022-05-26
204097;Kobieta;35;1008;VIP;2024-12-08
204098;Mężczyzna;56;1017;Occasional;2024-07-31
204099;Kobieta;35;1013;Regular;2024-12-10
204100;Kobieta;30;1013;Occasional;2022-12-05
204101;Kobieta;37;1004;Occasional;2024-12-14
204102;Mężczyzna;27;1011;Occasional;2023-03-16
204103;Kobieta;25;1006;Occasional;2024-07-26
204104;Mężczyzna;55;1005;Occasional;2021-07-26
204105;Mężczyzna;34;1007;New;2026-03-13
204106;Kobieta;29;1005;Regular;2021-08-16
204107;Mężczyzna;37;1008;VIP;2024-01-20
204108;Kobieta;51;1013;VIP;2024-03-19
204109;Kobieta;44;1011;Regular;2025-12-01
204110;Kobieta;37;1003;Regular;2026-02-23
204111;Kobieta;35;1011;Occasional;2025-07-04
204112;Kobieta;24;1001;VIP;2026-02-06
204113;Kobieta;41;1018;New;2022-09-01
204114;Kobieta;29;1003;New;2023-02-18
204115;Mężczyzna;26;1008;Occasional;2021-06-13
204116;Kobieta;47;1003;New;2021-07-05
204117;Kobieta;49;1008;Occasional;2022-05-31
204118;Kobieta;47;1010;Occasional;2025-04-02
204119;Kobieta;17;1008;Regular;2021-10-02
204120;Kobieta;22;1016;Occasional;2023-12-29
204121;Kobieta;31;1008;Regular;2025-07-13
204122;Mężczyzna;35;1007;Regular;2025-06-06
204123;Kobieta;35;1002;New;2026-02-13
204124;Kobieta;43;1014;VIP;2021-08-18
204125;Kobieta;23;1005;Regular;2025-06-13
204126;Kobieta;41;1016;Occasional;2024-11-02
204127;Kobieta;40;1008;New;2024-03-04
204128;Mężczyzna;46;1002;Occasional;2025-06-24
204129;Kobieta;24;1007;Regular;2024-11-24
204130;Kobieta;47;1016;Regular;2022-12-18
204131;Kobieta;66;1015;Occasional;2021-07-12
204132;Kobieta;33;1006;Occasional;2022-05-26
204133;Kobieta;33;1018;Occasional;2021-03-19
204134;Kobieta;22;1012;Regular;2021-08-04
204135;Kobieta;25;1015;Regular;2022-10-10
204136;Kobieta;63;1002;Occasional;2022-09-20
204137;Kobieta;16;1018;Regular;2022-08-09
204138;Kobieta;45;1018;Regular;2024-08-05
204139;Kobieta;52;1010;Occasional;2026-01-15
204140;Kobieta;25;1002;Occasional;2024-12-31
204141;Kobieta;28;1004;Occasional;2021-02-09
204142;Kobieta;30;1003;Occasional;2025-10-03
204143;Kobieta;39;1001;Occasional;2023-05-06
204144;Mężczyzna;64;1014;Occasional;2024-05-27
204145;Kobieta;28;1010;Regular;2024-02-11
204146;Kobieta;34;1009;Regular;2025-10-18
204147;Kobieta;50;1012;VIP;2023-01-27
204148;Kobieta;56;1015;Occasional;2026-05-07
204149;Kobieta;35;1007;VIP;2025-09-08
204150;Kobieta;43;1002;Regular;2021-06-02
204151;Kobieta;16;1016;New;2022-06-05
204152;Kobieta;48;1003;Occasional;2022-12-15
204153;Kobieta;45;1005;Regular;2023-08-22
204154;Kobieta;39;1016;VIP;2022-08-30
204155;Kobieta;50;1002;Regular;2022-01-23
204156;Mężczyzna;37;1012;Regular;2021-07-23
204157;Mężczyzna;45;1007;Regular;2023-07-13
204158;Kobieta;25;1006;Regular;2025-02-19
204159;Kobieta;44;1002;VIP;2024-09-28
204160;Kobieta;40;1001;Regular;2022-01-18
204161;Kobieta;44;1017;Regular;2025-11-04
204162;Kobieta;16;1006;Regular;2025-02-08
204163;Kobieta;17;1007;Regular;2021-05-22
204164;Kobieta;30;1001;Regular;2024-12-15
204165;Kobieta;23;1006;Regular;2024-12-31
204166;Mężczyzna;38;1007;Occasional;2021-09-22
204167;Kobieta;52;1006;Occasional;2022-07-09
204168;Kobieta;56;1013;Regular;2026-04-15
204169;Kobieta;48;1002;VIP;2023-02-11
204170;Kobieta;56;1016;Occasional;2023-04-03
204171;Kobieta;16;1004;Regular;2025-12-07
204172;Kobieta;21;1006;Occasional;2022-11-14
204173;Kobieta;35;1018;Occasional;2025-03-17
204174;Kobieta;58;1017;Regular;2023-07-12
204175;Kobieta;37;1016;Regular;2022-08-25
204176;Kobieta;28;1008;VIP;2022-09-22
204177;Kobieta;31;1007;Regular;2025-02-01
204178;Kobieta;34;1013;New;2022-10-14
204179;Kobieta;25;1014;VIP;2026-05-14
204180;Kobieta;36;1006;Regular;2022-05-19
204181;Kobieta;19;1007;VIP;2023-07-10
204182;Kobieta;39;1013;Occasional;2021-12-14
204183;Kobieta;37;1015;New;2021-09-30
204184;Kobieta;32;1018;New;2025-04-11
204185;Kobieta;27;1011;New;2026-01-09
204186;Kobieta;33;1004;Regular;2026-02-16
204187;Kobieta;51;1005;VIP;2021-02-06
204188;Kobieta;25;1008;Occasional;2025-09-09
204189;Kobieta;43;1018;Occasional;2021-10-17
204190;Kobieta;37;1005;Occasional;2022-10-15
204191;Kobieta;22;1016;Regular;2026-01-01
204192;Kobieta;27;1017;Occasional;2021-09-20
204193;Kobieta;43;1016;VIP;2025-11-10
204194;Kobieta;37;1002;Occasional;2021-06-16
204195;Kobieta;22;1012;Occasional;2024-03-19
204196;Mężczyzna;34;1016;Regular;2022-06-14
204197;Kobieta;37;1017;Occasional;2021-11-21
204198;Kobieta;18;1009;Occasional;2026-04-13
204199;Kobieta;33;1014;Occasional;2022-11-26
204200;Kobieta;41;1001;Occasional;2022-10-13
204201;Kobieta;27;1006;Regular;2025-09-25
204202;Kobieta;22;1007;VIP;2023-04-25
204203;Kobieta;22;1006;Occasional;2021-07-01
204204;Kobieta;35;1017;Regular;2024-04-15
204205;Mężczyzna;16;1001;Regular;2025-05-23
204206;Mężczyzna;41;1018;Regular;2022-02-24
204207;Kobieta;26;1016;Regular;2024-04-06
204208;Kobieta;26;1013;Regular;2025-01-20
204209;Kobieta;59;1008;Regular;2021-07-27
204210;Mężczyzna;38;1005;Occasional;2025-05-22
204211;Kobieta;52;1004;Regular;2024-07-17
204212;Kobieta;38;1013;Occasional;2023-10-14
204213;Kobieta;44;1006;VIP;2022-03-16
204214;Kobieta;39;1007;Regular;2021-11-20
204215;Kobieta;44;1007;New;2022-08-14
204216;Kobieta;50;1005;Occasional;2025-06-27
204217;Kobieta;16;1012;Occasional;2021-07-13
204218;Kobieta;30;1005;Occasional;2021-01-03
204219;Kobieta;50;1003;Occasional;2022-03-23
204220;Kobieta;37;1005;Occasional;2022-09-01
204221;Kobieta;24;1006;Regular;2022-11-08
204222;Kobieta;44;1007;Regular;2022-11-05
204223;Kobieta;43;1018;Regular;2023-10-29
204224;Kobieta;38;1017;Regular;2021-01-14
204225;Kobieta;48;1004;Occasional;2025-04-22
204226;Mężczyzna;32;1008;Regular;2025-11-20
204227;Mężczyzna;28;1016;Regular;2024-12-02
204228;Mężczyzna;47;1004;Occasional;2024-01-09
204229;Kobieta;45;1016;Occasional;2022-05-04
204230;Kobieta;30;1010;Regular;2025-04-22
204231;Kobieta;37;1002;Regular;2022-06-03
204232;Kobieta;46;1002;Regular;2021-07-19
204233;Mężczyzna;31;1006;Occasional;2024-07-10
204234;Kobieta;21;1010;Regular;2021-01-18
204235;Kobieta;16;1002;Regular;2022-01-20
204236;Kobieta;30;1008;Regular;2024-11-14
204237;Kobieta;48;1005;Occasional;2022-06-18
204238;Kobieta;32;1004;Regular;2023-08-16
204239;Mężczyzna;37;1002;Occasional;2025-12-16
204240;Kobieta;38;1002;VIP;2023-12-09
204241;Kobieta;32;1016;Regular;2024-04-23
204242;Mężczyzna;45;1009;Regular;2023-03-16
204243;Kobieta;42;1014;Occasional;2023-07-07
204244;Kobieta;18;1002;New;2021-04-01
204245;Kobieta;33;1008;Regular;2022-10-06
204246;Kobieta;33;1003;Regular;2021-08-12
204247;Kobieta;47;1005;Regular;2024-01-11
204248;Kobieta;43;1002;Regular;2022-09-22
204249;Kobieta;30;1010;Regular;2022-01-04
204250;Kobieta;62;1011;Regular;2022-08-17
204251;Kobieta;34;1012;Regular;2023-02-05
204252;Kobieta;37;1004;Regular;2023-08-20
204253;Mężczyzna;39;1014;VIP;2026-05-08
204254;Kobieta;53;1013;Regular;2021-08-09
204255;Kobieta;57;1009;Regular;2021-09-21
204256;Kobieta;58;1016;Regular;2026-04-10
204257;Kobieta;53;1018;VIP;2022-02-11
204258;Mężczyzna;41;1009;VIP;2026-05-22
204259;Kobieta;61;1018;New;2025-07-10
204260;Mężczyzna;21;1001;Regular;2024-04-04
204261;Kobieta;28;1018;Occasional;2025-07-24
204262;Kobieta;50;1018;Regular;2023-06-16
204263;Kobieta;16;1011;Occasional;2023-06-26
204264;Kobieta;46;1011;Regular;2022-12-18
204265;Kobieta;39;1005;Regular;2021-12-16
204266;Kobieta;34;1017;Regular;2025-10-26
204267;Kobieta;29;1018;Regular;2023-04-17
204268;Kobieta;31;1005;Occasional;2025-06-16
204269;Kobieta;36;1017;New;2023-11-08
204270;Kobieta;55;1014;VIP;2023-04-09
204271;Kobieta;49;1012;Regular;2024-08-22
204272;Kobieta;33;1018;VIP;2026-05-10
204273;Kobieta;40;1011;Regular;2023-05-23
204274;Kobieta;47;1001;Regular;2021-05-10
204275;Kobieta;29;1018;Regular;2024-09-12
204276;Kobieta;38;1013;Regular;2025-01-27
204277;Kobieta;59;1006;VIP;2023-03-23
204278;Kobieta;45;1010;VIP;2024-09-22
204279;Kobieta;28;1007;VIP;2025-02-12
204280;Kobieta;38;1010;VIP;2026-01-11
204281;Kobieta;27;1002;Regular;2022-12-12
204282;Kobieta;33;1005;Regular;2025-03-13
204283;Kobieta;16;1003;Occasional;2023-02-26
204284;Kobieta;23;1018;Occasional;2023-08-06
204285;Kobieta;35;1017;Regular;2022-08-01
204286;Kobieta;20;1003;Occasional;2023-10-25
204287;Mężczyzna;19;1009;New;2022-04-27
204288;Kobieta;21;1002;Regular;2024-03-22
204289;Kobieta;33;1010;Occasional;2024-12-08
204290;Kobieta;24;1017;Occasional;2022-04-19
204291;Kobieta;33;1007;Occasional;2023-09-16
204292;Kobieta;46;1015;Regular;2025-03-23
204293;Mężczyzna;41;1005;Occasional;2021-07-15
204294;Kobieta;24;1004;Regular;2022-11-02
204295;Kobieta;35;1014;Regular;2023-05-11
204296;Kobieta;36;1009;Regular;2021-05-09
204297;Kobieta;34;1014;Regular;2024-06-10
204298;Kobieta;46;1016;Occasional;2025-10-12
204299;Kobieta;24;1016;Regular;2025-02-11
204300;Kobieta;32;1004;Regular;2026-05-19
204301;Kobieta;32;1018;Regular;2021-01-02
204302;Mężczyzna;43;1002;New;2025-12-13
204303;Kobieta;49;1011;VIP;2025-08-18
204304;Kobieta;37;1013;Regular;2025-05-17
204305;Kobieta;45;1005;VIP;2023-10-10
204306;Kobieta;39;1001;VIP;2026-01-23
204307;Mężczyzna;56;1011;Regular;2023-11-19
204308;Kobieta;16;1015;Regular;2022-09-02
204309;Kobieta;42;1009;Regular;2023-10-22
204310;Kobieta;31;1014;New;2024-05-31
204311;Kobieta;43;1002;Occasional;2021-01-14
204312;Kobieta;53;1010;Occasional;2025-06-13
204313;Mężczyzna;45;1011;Regular;2022-04-01
204314;Kobieta;65;1002;Regular;2023-01-19
204315;Kobieta;27;1017;Occasional;2025-04-18
204316;Mężczyzna;45;1007;Occasional;2024-03-15
204317;Kobieta;42;1001;Occasional;2025-12-27
204318;Kobieta;40;1002;VIP;2021-01-01
204319;Kobieta;31;1011;Occasional;2024-03-21
204320;Kobieta;40;1014;Regular;2025-07-22
204321;Kobieta;34;1011;VIP;2023-09-03
204322;Kobieta;36;1010;New;2023-05-26
204323;Kobieta;26;1015;Regular;2023-08-25
204324;Kobieta;34;1012;Occasional;2024-04-20
204325;Kobieta;56;1003;Regular;2024-08-09
204326;Kobieta;33;1009;Regular;2025-10-16
204327;Kobieta;38;1017;Occasional;2024-04-03
204328;Kobieta;51;1002;New;2021-03-10
204329;Kobieta;37;1004;Regular;2025-12-19
204330;Mężczyzna;27;1018;Occasional;2025-08-31
204331;Kobieta;23;1007;Regular;2024-07-25
204332;Kobieta;41;1001;Occasional;2025-04-16
204333;Kobieta;16;1002;Regular;2021-11-18
204334;Kobieta;35;1009;Regular;2021-12-02
204335;Kobieta;31;1004;Regular;2025-08-06
204336;Kobieta;26;1018;Occasional;2023-12-22
204337;Mężczyzna;28;1006;Regular;2024-09-12
204338;Kobieta;60;1010;Regular;2022-07-08
204339;Mężczyzna;27;1005;Occasional;2025-01-27
204340;Kobieta;27;1006;Occasional;2023-11-08
204341;Kobieta;37;1017;Regular;2022-07-04
204342;Mężczyzna;29;1008;Regular;2024-09-08
204343;Kobieta;30;1003;Regular;2021-12-02
204344;Kobieta;17;1018;Occasional;2024-10-29
204345;Kobieta;40;1014;Occasional;2021-05-13
204346;Kobieta;21;1009;Occasional;2025-11-28
204347;Kobieta;41;1007;Regular;2022-11-19
204348;Kobieta;16;1007;Regular;2025-03-31
204349;Kobieta;36;1006;Regular;2024-03-07
204350;Kobieta;50;1015;Regular;2023-06-26
204351;Kobieta;30;1009;Regular;2022-11-03
204352;Mężczyzna;40;1012;Regular;2024-10-26
204353;Kobieta;26;1010;Regular;2026-05-27
204354;Kobieta;42;1008;Occasional;2022-07-25
204355;Kobieta;45;1011;Regular;2022-10-18
204356;Kobieta;43;1014;New;2026-04-27
204357;Kobieta;16;1001;Occasional;2025-06-05
204358;Kobieta;29;1010;New;2024-12-23
204359;Kobieta;53;1017;Occasional;2021-04-04
204360;Kobieta;41;1008;Regular;2023-05-05
204361;Mężczyzna;45;1002;New;2024-05-16
204362;Kobieta;24;1013;Occasional;2022-12-02
204363;Kobieta;57;1005;Occasional;2024-10-20
204364;Mężczyzna;21;1015;Occasional;2021-08-28
204365;Kobieta;21;1004;Regular;2022-03-06
204366;Mężczyzna;37;1003;Regular;2025-08-24
204367;Kobieta;37;1010;Occasional;2021-08-09
204368;Kobieta;29;1010;Regular;2024-09-15
204369;Kobieta;45;1015;Occasional;2024-09-01
204370;Kobieta;40;1010;Regular;2022-01-17
204371;Kobieta;31;1017;Occasional;2022-09-13
204372;Mężczyzna;16;1001;VIP;2023-08-19
204373;Kobieta;48;1006;VIP;2024-10-20
204374;Kobieta;22;1018;New;2021-08-09
204375;Mężczyzna;21;1005;New;2024-04-30
204376;Mężczyzna;51;1007;Regular;2025-07-22
204377;Kobieta;31;1014;New;2021-10-07
204378;Kobieta;29;1017;Regular;2024-12-08
204379;Kobieta;29;1002;Occasional;2024-06-30
204380;Kobieta;52;1009;Occasional;2023-03-04
204381;Kobieta;38;1009;VIP;2024-09-04
204382;Mężczyzna;33;1017;New;2024-12-08
204383;Kobieta;16;1016;Regular;2026-03-28
204384;Kobieta;28;1003;Regular;2025-11-19
204385;Kobieta;34;1015;Occasional;2024-07-17
204386;Kobieta;50;1004;Regular;2023-05-28
204387;Kobieta;24;1001;Regular;2023-07-23
204388;Kobieta;39;1017;VIP;2025-05-04
204389;Kobieta;44;1015;VIP;2025-04-01
204390;Kobieta;16;1018;Regular;2023-06-09
204391;Kobieta;34;1002;Regular;2026-03-02
204392;Kobieta;36;1003;Occasional;2021-11-27
204393;Mężczyzna;19;1012;New;2022-12-27
204394;Kobieta;33;1009;VIP;2025-08-12
204395;Kobieta;22;1007;Regular;2023-04-14
204396;Kobieta;36;1008;Occasional;2026-03-03
204397;Kobieta;44;1005;Occasional;2022-01-03
204398;Kobieta;46;1001;VIP;2021-09-19
204399;Kobieta;44;1009;VIP;2023-02-01
204400;Kobieta;39;1012;New;2025-10-15
204401;Kobieta;36;1006;Regular;2021-07-23
204402;Kobieta;36;1014;Occasional;2021-01-16
204403;Kobieta;37;1002;Regular;2024-07-16
204404;Kobieta;49;1012;Occasional;2025-03-18
204405;Kobieta;38;1014;Occasional;2025-09-02
204406;Kobieta;25;1008;Occasional;2024-12-18
204407;Mężczyzna;29;1015;Occasional;2022-01-02
204408;Kobieta;34;1002;New;2022-06-13
204409;Kobieta;36;1002;Occasional;2023-02-12
204410;Mężczyzna;41;1005;Regular;2021-06-27
204411;Mężczyzna;38;1016;Occasional;2023-01-05
204412;Kobieta;38;1016;Occasional;2024-06-29
204413;Kobieta;25;1017;Regular;2023-03-20
204414;Kobieta;33;1001;Regular;2022-02-17
204415;Kobieta;31;1003;Regular;2021-05-19
204416;Kobieta;47;1016;New;2024-11-18
204417;Kobieta;62;1006;Occasional;2022-02-28
204418;Kobieta;24;1013;Occasional;2024-08-29
204419;Kobieta;31;1003;Occasional;2021-07-27
204420;Kobieta;27;1009;VIP;2025-11-17
204421;Kobieta;27;1007;Regular;2024-10-26
204422;Kobieta;24;1017;Regular;2024-11-19
204423;Mężczyzna;29;1007;Regular;2022-12-01
204424;Kobieta;36;1018;Regular;2022-04-06
204425;Kobieta;27;1009;Occasional;2025-12-14
204426;Kobieta;16;1017;VIP;2021-09-09
204427;Kobieta;20;1002;Occasional;2024-10-24
204428;Mężczyzna;48;1013;New;2025-05-18
204429;Kobieta;17;1011;Occasional;2025-12-10
204430;Kobieta;56;1005;Occasional;2021-08-09
204431;Kobieta;39;1011;Regular;2023-06-30
204432;Kobieta;60;1010;Occasional;2025-08-14
204433;Kobieta;80;1012;Regular;2023-07-17
204434;Kobieta;39;1018;Regular;2023-07-28
204435;Kobieta;35;1009;Occasional;2022-10-03
204436;Kobieta;53;1007;Regular;2021-05-22
204437;Kobieta;34;1003;Occasional;2022-12-21
204438;Kobieta;46;1010;VIP;2022-03-14
204439;Kobieta;39;1016;Regular;2024-02-06
204440;Kobieta;33;1005;Regular;2022-06-02
204441;Kobieta;18;1009;Regular;2022-01-18
204442;Kobieta;35;1015;Regular;2023-12-06
204443;Kobieta;27;1005;New;2025-08-14
204444;Kobieta;34;1011;Occasional;2022-07-13
204445;Mężczyzna;49;1016;Regular;2025-01-25
204446;Kobieta;32;1004;Regular;2023-07-03
204447;Kobieta;54;1007;Regular;2021-07-09
204448;Kobieta;17;1004;Occasional;2021-08-12
204449;Kobieta;38;1004;Occasional;2021-02-21
204450;Kobieta;16;1011;Occasional;2021-12-04
204451;Mężczyzna;24;1015;Regular;2025-10-02
204452;Kobieta;29;1008;Occasional;2024-02-07
204453;Kobieta;42;1014;Regular;2022-11-05
204454;Kobieta;46;1009;Occasional;2023-02-14
204455;Kobieta;37;1016;Occasional;2023-12-21
204456;Kobieta;30;1004;Occasional;2024-04-02
204457;Kobieta;31;1012;Occasional;2022-03-28
204458;Kobieta;30;1011;New;2022-09-04
204459;Mężczyzna;36;1008;Regular;2024-02-08
204460;Kobieta;25;1013;Regular;2024-08-30
204461;Kobieta;22;1008;Regular;2026-03-30
204462;Kobieta;22;1002;New;2024-09-25
204463;Kobieta;31;1002;Regular;2021-05-29
204464;Mężczyzna;60;1012;VIP;2026-01-25
204465;Kobieta;30;1002;Regular;2025-08-04
204466;Kobieta;16;1008;New;2026-03-23
204467;Kobieta;35;1013;Regular;2025-01-05
204468;Kobieta;41;1017;VIP;2025-10-20
204469;Kobieta;38;1006;VIP;2024-10-12
204470;Mężczyzna;37;1007;Occasional;2021-07-29
204471;Kobieta;54;1010;Regular;2023-03-19
204472;Kobieta;34;1014;Occasional;2025-01-16
204473;Kobieta;23;1018;Regular;2024-03-18
204474;Mężczyzna;42;1007;Regular;2024-10-08
204475;Mężczyzna;20;1016;Regular;2021-02-23
204476;Mężczyzna;42;1005;Regular;2023-06-24
204477;Kobieta;50;1012;New;2024-10-15
204478;Mężczyzna;50;1002;Occasional;2021-12-13
204479;Kobieta;19;1003;Regular;2025-02-04
204480;Kobieta;34;1013;Regular;2024-01-15
204481;Kobieta;45;1013;Regular;2022-03-04
204482;Kobieta;45;1011;Regular;2023-03-13
204483;Kobieta;22;1018;Regular;2026-03-27
204484;Kobieta;21;1006;Regular;2022-06-09
204485;Kobieta;39;1002;Regular;2025-09-11
204486;Kobieta;35;1004;Regular;2023-11-18
204487;Kobieta;62;1012;Occasional;2025-04-27
204488;Kobieta;41;1002;New;2026-01-30
204489;Mężczyzna;38;1003;Regular;2024-11-27
204490;Mężczyzna;18;1012;Regular;2025-05-29
204491;Kobieta;31;1018;New;2023-11-04
204492;Kobieta;16;1005;New;2025-07-05
204493;Kobieta;42;1003;Occasional;2021-09-12
204494;Kobieta;32;1018;Regular;2023-05-16
204495;Kobieta;47;1007;Regular;2021-07-08
204496;Mężczyzna;44;1002;New;2025-06-05
204497;Mężczyzna;57;1002;VIP;2025-01-13
204498;Kobieta;27;1015;Regular;2021-08-16
204499;Kobieta;18;1018;Regular;2026-04-23
204500;Mężczyzna;43;1009;Regular;2022-06-07
204501;Kobieta;28;1016;VIP;2021-11-16
204502;Mężczyzna;39;1012;New;2022-04-30
204503;Kobieta;32;1008;Occasional;2023-06-29
204504;Mężczyzna;44;1007;Occasional;2022-12-02
204505;Kobieta;40;1006;Regular;2021-01-06
204506;Kobieta;44;1011;VIP;2022-12-14
204507;Kobieta;16;1005;Regular;2024-08-10
204508;Kobieta;43;1013;Occasional;2023-05-15
204509;Kobieta;36;1007;Occasional;2021-12-29
204510;Kobieta;49;1017;Regular;2024-06-16
204511;Mężczyzna;35;1012;VIP;2023-09-17
204512;Kobieta;16;1010;Regular;2025-10-24
204513;Kobieta;38;1010;Regular;2021-09-13
204514;Kobieta;28;1008;VIP;2022-11-27
204515;Kobieta;45;1005;Regular;2023-11-16
204516;Kobieta;27;1007;Regular;2022-01-07
204517;Kobieta;27;1013;Occasional;2023-01-14
204518;Kobieta;44;1008;Regular;2022-08-14
204519;Mężczyzna;44;1012;Occasional;2021-05-04
204520;Kobieta;34;1008;Occasional;2022-06-10
204521;Mężczyzna;43;1017;VIP;2023-07-19
204522;Kobieta;33;1011;New;2021-10-20
204523;Kobieta;35;1007;New;2026-02-27
204524;Kobieta;38;1018;New;2021-05-13
204525;Kobieta;59;1014;Occasional;2023-02-24
204526;Mężczyzna;41;1014;VIP;2022-12-09
204527;Kobieta;34;1006;VIP;2024-06-07
204528;Kobieta;35;1003;New;2025-06-15
204529;Mężczyzna;16;1001;Occasional;2022-06-04
204530;Mężczyzna;33;1017;Occasional;2021-09-17
204531;Mężczyzna;34;1010;VIP;2025-12-13
204532;Mężczyzna;46;1006;Regular;2023-01-29
204533;Mężczyzna;16;1012;Regular;2025-09-28
204534;Kobieta;38;1004;Regular;2023-01-29
204535;Kobieta;29;1018;New;2025-11-27
204536;Kobieta;59;1012;Regular;2023-06-02
204537;Kobieta;53;1001;Occasional;2026-01-05
204538;Kobieta;38;1008;Occasional;2023-12-04
204539;Kobieta;36;1018;Occasional;2022-12-10
204540;Mężczyzna;30;1003;Occasional;2023-12-24
204541;Mężczyzna;43;1003;Regular;2024-04-30
204542;Kobieta;16;1010;Occasional;2023-12-11
204543;Kobieta;51;1010;Occasional;2021-12-31
204544;Kobieta;23;1004;Regular;2023-11-22
204545;Kobieta;23;1012;Regular;2025-07-13
204546;Kobieta;44;1009;Occasional;2024-01-17
204547;Kobieta;33;1012;New;2024-11-03
204548;Kobieta;47;1004;Regular;2023-12-30
204549;Kobieta;41;1003;Regular;2024-11-15
204550;Kobieta;36;1004;Occasional;2024-11-25
204551;Kobieta;31;1017;Regular;2023-05-15
204552;Mężczyzna;56;1010;Occasional;2023-11-09
204553;Mężczyzna;39;1017;VIP;2024-05-16
204554;Kobieta;38;1003;Occasional;2022-12-05
204555;Kobieta;31;1017;Occasional;2023-09-23
204556;Kobieta;33;1008;Occasional;2022-07-31
204557;Mężczyzna;52;1008;New;2022-11-22
204558;Kobieta;44;1015;New;2024-06-16
204559;Kobieta;31;1009;Occasional;2022-01-15
204560;Kobieta;43;1014;New;2021-11-11
204561;Kobieta;43;1002;Occasional;2021-06-28
204562;Kobieta;23;1009;Regular;2021-07-16
204563;Kobieta;18;1016;Regular;2021-08-26
204564;Kobieta;28;1007;Occasional;2024-12-01
204565;Kobieta;35;1004;Regular;2025-12-29
204566;Kobieta;40;1004;Occasional;2021-01-09
204567;Mężczyzna;34;1015;Occasional;2021-03-17
204568;Kobieta;44;1003;Occasional;2024-05-31
204569;Kobieta;55;1015;Occasional;2026-03-17
204570;Kobieta;30;1015;New;2023-08-25
204571;Kobieta;46;1010;Regular;2026-01-06
204572;Kobieta;38;1013;Occasional;2021-11-22
204573;Kobieta;43;1004;Occasional;2021-10-25
204574;Kobieta;35;1014;Regular;2021-10-04
204575;Mężczyzna;66;1015;Regular;2022-09-30
204576;Kobieta;44;1013;VIP;2021-06-30
204577;Kobieta;49;1015;Regular;2022-10-21
204578;Kobieta;37;1007;Occasional;2022-02-12
204579;Kobieta;52;1013;Occasional;2021-08-14
204580;Kobieta;29;1003;New;2022-10-28
204581;Kobieta;39;1009;Regular;2021-08-05
204582;Kobieta;50;1007;Occasional;2024-01-30
204583;Kobieta;23;1007;Regular;2021-12-28
204584;Kobieta;25;1014;VIP;2022-03-07
204585;Kobieta;47;1006;New;2026-03-01
204586;Mężczyzna;16;1018;Regular;2023-01-20
204587;Kobieta;27;1005;Occasional;2024-07-09
204588;Kobieta;62;1008;Occasional;2021-04-06
204589;Kobieta;46;1014;Occasional;2022-09-26
204590;Kobieta;16;1014;New;2025-04-30
204591;Kobieta;25;1018;VIP;2022-05-28
204592;Mężczyzna;30;1003;Regular;2023-07-08
204593;Mężczyzna;44;1008;VIP;2021-10-31
204594;Kobieta;16;1011;Occasional;2023-12-26
204595;Kobieta;45;1004;Occasional;2023-03-23
204596;Mężczyzna;27;1014;New;2021-03-14
204597;Kobieta;38;1005;Regular;2022-10-16
204598;Kobieta;26;1016;VIP;2021-09-24
204599;Kobieta;31;1016;Occasional;2023-04-24
204600;Kobieta;36;1010;Occasional;2022-11-26
204601;Mężczyzna;30;1016;Occasional;2023-07-11
204602;Kobieta;36;1017;Occasional;2023-12-15
204603;Kobieta;48;1008;Regular;2025-11-03
204604;Kobieta;56;1009;Regular;2021-04-06
204605;Kobieta;33;1004;Regular;2023-12-24
204606;Kobieta;39;1001;Regular;2022-08-05
204607;Kobieta;21;1007;Occasional;2025-05-18
204608;Kobieta;16;1009;Regular;2025-05-31
204609;Kobieta;54;1011;VIP;2021-10-25
204610;Kobieta;56;1011;Regular;2022-05-24
204611;Mężczyzna;18;1016;Regular;2023-04-03
204612;Kobieta;16;1009;Regular;2026-04-20
204613;Kobieta;25;1017;Occasional;2021-08-01
204614;Kobieta;45;1006;Occasional;2023-08-21
204615;Kobieta;26;1010;Occasional;2025-10-21
204616;Kobieta;46;1003;Occasional;2024-04-03
204617;Kobieta;35;1002;Occasional;2025-09-22
204618;Kobieta;35;1013;Regular;2021-02-26
204619;Kobieta;28;1007;Occasional;2025-06-26
204620;Kobieta;29;1010;New;2024-03-31
204621;Kobieta;18;1011;Regular;2023-01-16
204622;Mężczyzna;32;1011;Occasional;2022-03-29
204623;Mężczyzna;54;1008;Occasional;2024-06-08
204624;Kobieta;23;1017;Regular;2025-03-11
204625;Kobieta;59;1018;New;2022-01-18
204626;Kobieta;19;1018;Regular;2025-01-14
204627;Kobieta;28;1015;Occasional;2021-10-28
204628;Mężczyzna;51;1008;Regular;2022-02-17
204629;Kobieta;16;1006;Regular;2023-05-07
204630;Kobieta;42;1011;Occasional;2025-11-30
204631;Kobieta;29;1008;New;2024-02-12
204632;Kobieta;16;1012;Regular;2023-12-20
204633;Kobieta;41;1013;Occasional;2022-03-15
204634;Kobieta;32;1013;Regular;2026-03-16
204635;Kobieta;24;1002;Occasional;2021-07-10
204636;Kobieta;43;1003;Regular;2021-07-24
204637;Kobieta;38;1014;Regular;2025-04-19
204638;Kobieta;30;1003;Regular;2023-08-31
204639;Kobieta;39;1007;Regular;2024-07-13
204640;Kobieta;37;1017;Occasional;2022-08-09
204641;Kobieta;41;1016;Occasional;2025-05-28
204642;Kobieta;29;1015;Occasional;2026-04-17
204643;Kobieta;26;1011;Occasional;2023-08-08
204644;Mężczyzna;26;1007;Occasional;2025-05-10
204645;Kobieta;31;1011;Occasional;2023-07-22
204646;Kobieta;26;1015;Occasional;2023-10-30
204647;Kobieta;24;1018;Regular;2022-07-23
204648;Kobieta;30;1005;Regular;2022-12-04
204649;Kobieta;27;1011;Regular;2021-02-06
204650;Kobieta;24;1006;Regular;2025-01-06
204651;Kobieta;44;1012;Occasional;2024-02-09
204652;Kobieta;19;1006;Occasional;2023-04-28
204653;Kobieta;27;1010;Regular;2025-01-15
204654;Kobieta;42;1002;New;2025-01-14
204655;Kobieta;16;1007;Occasional;2025-08-17
204656;Kobieta;35;1003;Occasional;2026-03-04
204657;Mężczyzna;29;1008;Occasional;2022-11-17
204658;Kobieta;26;1016;Regular;2026-03-21
204659;Kobieta;16;1001;New;2022-05-27
204660;Kobieta;16;1014;Occasional;2025-06-30
204661;Kobieta;20;1011;New;2025-08-03
204662;Kobieta;37;1018;Occasional;2025-11-17
204663;Kobieta;16;1004;Occasional;2021-01-22
204664;Kobieta;16;1007;Occasional;2021-05-28
204665;Kobieta;16;1006;New;2021-03-25
204666;Kobieta;59;1012;Regular;2025-11-24
204667;Kobieta;35;1008;Regular;2022-11-05
204668;Kobieta;31;1009;Regular;2023-07-06
204669;Kobieta;16;1012;Regular;2022-11-12
204670;Kobieta;35;1002;Regular;2024-08-21
204671;Kobieta;40;1008;Regular;2022-05-19
204672;Kobieta;44;1007;Regular;2025-09-26
204673;Kobieta;30;1008;Regular;2024-07-15
204674;Mężczyzna;48;1004;Regular;2024-07-28
204675;Kobieta;29;1001;Regular;2025-08-27
204676;Kobieta;40;1010;Occasional;2025-12-26
204677;Kobieta;38;1004;Regular;2022-05-25
204678;Kobieta;21;1018;Regular;2021-02-13
204679;Kobieta;42;1001;Regular;2026-03-29
204680;Kobieta;49;1007;Occasional;2022-06-28
204681;Kobieta;33;1001;Occasional;2025-03-21
204682;Kobieta;51;1016;Regular;2024-10-16
204683;Kobieta;51;1004;Regular;2022-03-20
204684;Kobieta;27;1001;VIP;2022-04-22
204685;Kobieta;32;1009;Regular;2024-04-25
204686;Kobieta;31;1008;Occasional;2021-12-12
204687;Mężczyzna;21;1008;Occasional;2026-03-10
204688;Kobieta;28;1002;Regular;2025-12-27
204689;Kobieta;16;1003;Occasional;2023-06-16
204690;Mężczyzna;48;1002;New;2024-10-07
204691;Kobieta;26;1009;New;2022-11-13
204692;Mężczyzna;38;1008;Occasional;2025-07-12
204693;Kobieta;28;1013;Occasional;2022-06-02
204694;Kobieta;38;1003;VIP;2023-12-14
204695;Mężczyzna;37;1013;New;2024-09-06
204696;Kobieta;41;1001;Occasional;2024-06-30
204697;Mężczyzna;54;1016;Occasional;2023-10-18
204698;Mężczyzna;37;1012;Regular;2024-04-12
204699;Kobieta;28;1015;Regular;2024-03-02
204700;Kobieta;29;1008;Regular;2024-05-11
204701;Kobieta;20;1001;Regular;2021-10-23
204702;Kobieta;49;1013;Occasional;2024-09-16
204703;Mężczyzna;16;1009;VIP;2023-06-16
204704;Kobieta;38;1012;New;2023-03-31
204705;Kobieta;68;1013;Regular;2022-11-06
204706;Kobieta;34;1006;Regular;2025-11-20
204707;Kobieta;30;1017;Regular;2024-06-14
204708;Mężczyzna;18;1001;Occasional;2024-05-14
204709;Kobieta;25;1018;Occasional;2024-09-05
204710;Kobieta;16;1013;New;2021-12-09
204711;Kobieta;38;1004;Occasional;2023-10-12
204712;Mężczyzna;37;1017;Regular;2025-02-17
204713;Kobieta;37;1001;VIP;2021-05-21
204714;Mężczyzna;38;1006;Occasional;2025-11-11
204715;Kobieta;23;1017;Regular;2022-01-05
204716;Kobieta;34;1016;Regular;2023-11-22
204717;Kobieta;54;1013;Regular;2021-06-09
204718;Mężczyzna;25;1010;Regular;2021-01-27
204719;Kobieta;42;1009;New;2025-03-22
204720;Mężczyzna;24;1001;Occasional;2023-08-08
204721;Kobieta;30;1004;Occasional;2024-10-29
204722;Kobieta;24;1014;Occasional;2022-07-14
204723;Kobieta;23;1001;Regular;2025-10-20
204724;Kobieta;25;1010;New;2021-03-19
204725;Kobieta;36;1014;Occasional;2022-06-01
204726;Kobieta;16;1016;Occasional;2023-08-01
204727;Kobieta;33;1007;Regular;2026-05-24
204728;Kobieta;30;1003;Occasional;2021-07-18
204729;Kobieta;52;1003;Occasional;2023-12-08
204730;Kobieta;56;1007;VIP;2021-03-23
204731;Kobieta;25;1012;Occasional;2026-03-26
204732;Mężczyzna;46;1002;VIP;2025-09-27
204733;Kobieta;17;1001;Regular;2025-02-04
204734;Kobieta;19;1011;Occasional;2025-10-09
204735;Mężczyzna;41;1007;Regular;2024-03-18
204736;Kobieta;25;1011;Regular;2022-06-23
204737;Mężczyzna;54;1015;Regular;2024-03-30
204738;Kobieta;41;1009;Regular;2025-02-02
204739;Kobieta;29;1009;Regular;2021-10-12
204740;Kobieta;39;1018;Regular;2021-08-12
204741;Mężczyzna;44;1010;Regular;2026-03-17
204742;Mężczyzna;74;1008;Occasional;2023-01-16
204743;Kobieta;21;1012;Occasional;2024-01-14
204744;Kobieta;41;1011;Occasional;2024-09-23
204745;Kobieta;25;1001;Occasional;2024-06-09
204746;Mężczyzna;35;1006;Regular;2025-06-30
204747;Kobieta;22;1006;Regular;2025-09-06
204748;Kobieta;51;1018;New;2021-03-22
204749;Kobieta;23;1018;Occasional;2021-01-08
204750;Kobieta;36;1012;VIP;2025-05-25
204751;Kobieta;17;1014;VIP;2024-03-04
204752;Mężczyzna;28;1018;Regular;2024-08-04
204753;Kobieta;24;1004;Regular;2022-05-31
204754;Kobieta;32;1013;VIP;2024-04-08
204755;Kobieta;28;1012;Occasional;2024-11-30
204756;Kobieta;45;1006;Occasional;2022-08-09
204757;Mężczyzna;28;1001;Regular;2023-01-24
204758;Kobieta;26;1004;Occasional;2025-01-12
204759;Kobieta;38;1011;Occasional;2024-10-05
204760;Mężczyzna;18;1002;Occasional;2025-09-28
204761;Mężczyzna;47;1001;Regular;2025-06-08
204762;Kobieta;29;1006;Occasional;2022-09-27
204763;Kobieta;25;1007;Regular;2021-02-03
204764;Kobieta;59;1005;Regular;2021-09-01
204765;Kobieta;48;1014;Regular;2021-08-13
204766;Kobieta;28;1011;Occasional;2024-09-05
204767;Kobieta;17;1013;Regular;2022-10-21
204768;Kobieta;31;1016;Regular;2026-03-31
204769;Kobieta;40;1010;Regular;2026-03-19
204770;Kobieta;30;1018;Regular;2022-07-27
204771;Kobieta;24;1016;Regular;2022-10-17
204772;Kobieta;20;1012;Regular;2023-10-01
204773;Kobieta;42;1004;VIP;2022-05-03
204774;Kobieta;25;1018;Regular;2023-06-27
204775;Kobieta;57;1010;Occasional;2025-07-03
204776;Mężczyzna;21;1004;Occasional;2022-04-30
204777;Kobieta;27;1004;Occasional;2025-02-13
204778;Kobieta;38;1009;VIP;2023-05-05
204779;Kobieta;31;1010;New;2024-02-17
204780;Kobieta;41;1010;Regular;2023-02-22
204781;Kobieta;29;1003;Occasional;2023-04-15
204782;Kobieta;22;1004;Regular;2021-07-29
204783;Kobieta;31;1014;VIP;2026-05-21
204784;Kobieta;16;1007;Regular;2024-09-30
204785;Kobieta;43;1014;Occasional;2022-02-20
204786;Kobieta;21;1017;Occasional;2022-10-08
204787;Kobieta;33;1007;Occasional;2021-02-25
204788;Kobieta;33;1018;Regular;2023-12-18
204789;Kobieta;19;1005;New;2022-02-04
204790;Mężczyzna;35;1001;Occasional;2023-08-05
204791;Kobieta;21;1005;Occasional;2024-03-29
204792;Kobieta;16;1006;Occasional;2021-05-13
204793;Kobieta;36;1018;New;2021-11-15
204794;Kobieta;32;1018;Regular;2022-03-13
204795;Kobieta;48;1014;Regular;2021-07-07
204796;Kobieta;27;1014;Occasional;2023-06-27
204797;Kobieta;38;1002;New;2022-08-23
204798;Kobieta;46;1004;Occasional;2023-03-20
204799;Kobieta;44;1016;Occasional;2022-03-01
204800;Kobieta;35;1003;Regular;2025-08-16
204801;Kobieta;30;1006;Regular;2023-09-10
204802;Kobieta;45;1012;Regular;2023-08-16
204803;Kobieta;36;1017;Regular;2021-02-24
204804;Kobieta;33;1018;Regular;2022-10-01
204805;Kobieta;45;1006;Occasional;2023-04-01
204806;Mężczyzna;28;1016;Regular;2024-07-07
204807;Kobieta;22;1015;Occasional;2024-08-22
204808;Kobieta;42;1015;Occasional;2025-05-23
204809;Mężczyzna;45;1016;Regular;2025-02-09
204810;Kobieta;29;1003;Regular;2022-02-04
204811;Kobieta;56;1017;Regular;2024-06-04
204812;Kobieta;23;1006;Occasional;2025-09-22
204813;Kobieta;24;1003;Occasional;2023-06-18
204814;Kobieta;42;1002;VIP;2026-05-18
204815;Kobieta;33;1001;New;2024-12-04
204816;Kobieta;24;1017;Occasional;2025-12-08
204817;Kobieta;37;1010;Occasional;2022-07-24
204818;Kobieta;16;1001;VIP;2024-10-12
204819;Mężczyzna;33;1007;Regular;2025-11-30
204820;Kobieta;30;1007;Regular;2022-11-02
204821;Kobieta;39;1004;Occasional;2025-01-10
204822;Kobieta;42;1016;Regular;2023-08-11
204823;Kobieta;50;1014;Regular;2024-05-09
204824;Kobieta;38;1007;New;2024-04-18
204825;Kobieta;36;1017;Regular;2026-03-12
204826;Kobieta;48;1001;Regular;2022-07-28
204827;Kobieta;24;1009;VIP;2021-01-26
204828;Kobieta;17;1018;Regular;2021-06-06
204829;Kobieta;26;1013;Occasional;2023-06-06
204830;Kobieta;19;1010;Regular;2025-01-31
204831;Kobieta;19;1010;Regular;2021-12-02
204832;Kobieta;26;1005;Regular;2022-08-28
204833;Kobieta;43;1004;Occasional;2022-09-06
204834;Kobieta;41;1009;Regular;2025-01-07
204835;Mężczyzna;29;1001;Regular;2021-10-19
204836;Mężczyzna;45;1013;Regular;2023-01-15
204837;Kobieta;29;1003;Occasional;2022-05-25
204838;Kobieta;25;1004;Regular;2025-06-03
204839;Kobieta;43;1018;Regular;2021-10-13
204840;Kobieta;23;1002;Occasional;2025-09-12
204841;Kobieta;39;1009;Occasional;2023-05-30
204842;Kobieta;43;1009;Regular;2022-10-24
204843;Kobieta;49;1014;Regular;2022-08-19
204844;Kobieta;34;1010;Occasional;2026-05-05
204845;Kobieta;38;1001;Occasional;2026-03-15
204846;Kobieta;29;1014;Occasional;2024-10-10
204847;Kobieta;41;1009;Occasional;2022-09-24
204848;Kobieta;30;1011;Occasional;2024-09-07
204849;Kobieta;38;1002;VIP;2024-10-11
204850;Kobieta;28;1012;Regular;2022-08-03
204851;Kobieta;26;1009;Regular;2025-01-04
204852;Kobieta;28;1005;Occasional;2024-12-18
204853;Kobieta;31;1009;Regular;2025-06-16
204854;Kobieta;24;1006;VIP;2025-06-22
204855;Kobieta;41;1011;Occasional;2024-09-20
204856;Kobieta;31;1011;Regular;2026-01-07
204857;Kobieta;51;1001;Regular;2022-08-07
204858;Kobieta;16;1006;Regular;2021-01-31
204859;Kobieta;28;1014;Regular;2023-02-02
204860;Kobieta;26;1010;Occasional;2023-05-02
204861;Kobieta;48;1013;Occasional;2024-12-29
204862;Kobieta;39;1013;New;2025-04-15
204863;Kobieta;16;1012;Regular;2024-12-04
204864;Kobieta;34;1013;Regular;2024-03-14
204865;Kobieta;40;1002;Regular;2024-03-29
204866;Kobieta;36;1014;Occasional;2025-01-04
204867;Kobieta;41;1017;Regular;2023-10-27
204868;Mężczyzna;23;1006;VIP;2025-06-15
204869;Kobieta;29;1014;Occasional;2021-09-14
204870;Kobieta;20;1015;Regular;2026-03-25
204871;Kobieta;27;1002;Regular;2025-02-10
204872;Kobieta;41;1008;Regular;2021-10-14
204873;Kobieta;28;1010;VIP;2022-02-18
204874;Kobieta;23;1010;Regular;2021-02-01
204875;Kobieta;45;1017;Regular;2024-07-24
204876;Kobieta;30;1014;Regular;2021-11-14
204877;Kobieta;40;1007;Regular;2026-02-01
204878;Mężczyzna;33;1013;VIP;2026-03-06
204879;Kobieta;36;1009;Occasional;2023-08-21
204880;Kobieta;21;1008;New;2023-03-31
204881;Kobieta;31;1014;Occasional;2021-05-19
204882;Mężczyzna;33;1012;Occasional;2021-12-03
204883;Kobieta;28;1013;Regular;2024-07-29
204884;Kobieta;37;1005;Regular;2022-05-18
204885;Kobieta;34;1001;Regular;2024-03-25
204886;Mężczyzna;29;1004;Occasional;2026-01-13
204887;Kobieta;27;1014;Occasional;2024-03-14
204888;Mężczyzna;52;1005;Regular;2025-06-13
204889;Mężczyzna;16;1008;Occasional;2024-06-21
204890;Kobieta;16;1009;New;2023-04-30
204891;Kobieta;33;1004;Occasional;2024-05-17
204892;Kobieta;40;1018;Regular;2025-07-29
204893;Kobieta;31;1008;Regular;2025-03-08
204894;Kobieta;34;1016;Regular;2026-03-23
204895;Kobieta;61;1009;Regular;2023-01-08
204896;Kobieta;47;1014;Regular;2026-02-09
204897;Kobieta;34;1002;Regular;2025-01-26
204898;Kobieta;39;1008;VIP;2023-02-10
204899;Kobieta;30;1015;VIP;2022-08-09
204900;Kobieta;25;1005;Occasional;2023-04-13
204901;Kobieta;16;1010;Occasional;2025-08-14
204902;Kobieta;26;1003;Occasional;2022-11-25
204903;Kobieta;20;1015;Regular;2022-08-14
204904;Kobieta;37;1004;Regular;2025-10-16
204905;Mężczyzna;36;1010;New;2021-09-18
204906;Kobieta;46;1013;VIP;2025-11-25
204907;Kobieta;36;1018;Occasional;2025-10-10
204908;Kobieta;17;1007;Regular;2023-01-14
204909;Kobieta;16;1010;Occasional;2024-12-23
204910;Kobieta;34;1018;Regular;2025-11-15
204911;Kobieta;25;1007;Regular;2025-08-10
204912;Kobieta;32;1015;Occasional;2021-07-04
204913;Kobieta;38;1002;Occasional;2026-04-21
204914;Kobieta;33;1003;Occasional;2025-02-14
204915;Kobieta;29;1004;VIP;2025-03-06
204916;Kobieta;55;1015;Regular;2021-07-10
204917;Kobieta;16;1006;VIP;2022-06-06
204918;Kobieta;31;1016;Occasional;2022-11-22
204919;Kobieta;47;1012;Occasional;2023-05-10
204920;Kobieta;22;1016;VIP;2021-11-03
204921;Kobieta;41;1005;Regular;2023-06-30
204922;Kobieta;41;1015;Occasional;2022-04-27
204923;Kobieta;25;1008;New;2024-01-09
204924;Kobieta;42;1002;VIP;2025-01-31
204925;Kobieta;16;1010;Regular;2023-11-25
204926;Kobieta;57;1006;Regular;2024-02-28
204927;Kobieta;49;1005;Occasional;2023-08-08
204928;Kobieta;30;1005;Occasional;2023-01-27
204929;Kobieta;31;1002;Regular;2022-08-01
204930;Mężczyzna;41;1001;New;2025-03-15
204931;Kobieta;45;1005;Occasional;2023-08-23
204932;Kobieta;28;1018;Regular;2023-04-18
204933;Kobieta;16;1001;Occasional;2021-01-22
204934;Kobieta;47;1006;Regular;2026-02-17
204935;Kobieta;31;1008;Regular;2021-07-04
204936;Kobieta;31;1014;New;2023-11-14
204937;Mężczyzna;21;1014;Regular;2024-04-13
204938;Kobieta;40;1007;Regular;2025-04-07
204939;Kobieta;19;1007;VIP;2023-07-06
204940;Kobieta;45;1005;Regular;2024-12-02
204941;Kobieta;30;1007;Occasional;2024-05-07
204942;Kobieta;16;1015;New;2026-01-10
204943;Kobieta;45;1017;Regular;2026-05-12
204944;Kobieta;53;1006;Occasional;2022-01-26
204945;Mężczyzna;39;1012;Occasional;2021-04-03
204946;Kobieta;16;1009;Regular;2022-07-02
204947;Kobieta;39;1009;New;2023-06-23
204948;Kobieta;59;1005;Regular;2022-07-28
204949;Kobieta;46;1005;Occasional;2023-09-25
204950;Kobieta;41;1011;Occasional;2025-01-26
204951;Kobieta;34;1014;Regular;2025-03-03
204952;Kobieta;33;1011;Occasional;2022-12-30
204953;Kobieta;37;1016;Occasional;2022-06-01
204954;Kobieta;45;1013;Regular;2023-07-17
204955;Kobieta;23;1007;Regular;2024-07-15
204956;Kobieta;31;1005;Occasional;2022-02-12
204957;Kobieta;48;1002;New;2024-12-16
204958;Mężczyzna;38;1008;Occasional;2024-04-26
204959;Kobieta;74;1004;Occasional;2023-08-27
204960;Mężczyzna;16;1001;Occasional;2021-12-08
204961;Kobieta;49;1013;Occasional;2022-04-02
204962;Kobieta;33;1009;Occasional;2023-12-15
204963;Kobieta;16;1002;Regular;2021-01-24
204964;Kobieta;25;1016;New;2021-02-18
204965;Kobieta;43;1004;Occasional;2025-11-02
204966;Kobieta;38;1008;Occasional;2021-05-19
204967;Kobieta;24;1017;Regular;2022-01-17
204968;Kobieta;21;1002;New;2022-02-17
204969;Kobieta;40;1016;Occasional;2026-01-28
204970;Kobieta;30;1016;Occasional;2026-05-18
204971;Kobieta;16;1006;VIP;2021-08-06
204972;Kobieta;46;1007;Occasional;2025-12-04
204973;Kobieta;34;1006;Occasional;2024-10-14
204974;Mężczyzna;33;1005;Regular;2025-11-12
204975;Kobieta;17;1004;Regular;2026-05-07
204976;Kobieta;40;1017;New;2021-05-30
204977;Kobieta;29;1005;Occasional;2024-07-18
204978;Kobieta;21;1012;Occasional;2024-05-17
204979;Kobieta;30;1015;Occasional;2023-06-06
204980;Kobieta;38;1012;New;2023-05-01
204981;Kobieta;72;1009;Occasional;2023-09-29
204982;Kobieta;43;1004;New;2021-08-14
204983;Mężczyzna;16;1004;New;2023-10-01
204984;Kobieta;16;1015;Regular;2024-06-08
204985;Kobieta;43;1009;New;2026-02-05
204986;Kobieta;58;1013;Occasional;2021-11-30
204987;Kobieta;17;1016;Occasional;2023-01-17
204988;Kobieta;20;1005;Occasional;2024-04-08
204989;Kobieta;59;1015;Regular;2022-01-23
204990;Kobieta;25;1016;VIP;2023-06-21
204991;Mężczyzna;35;1005;VIP;2023-02-10
204992;Kobieta;50;1017;Regular;2026-02-28
204993;Kobieta;16;1009;Regular;2022-05-28
204994;Kobieta;53;1018;Regular;2025-05-07
204995;Kobieta;30;1005;Regular;2023-03-30
204996;Kobieta;61;1010;Regular;2025-08-24
204997;Kobieta;43;1008;New;2024-07-04
204998;Kobieta;23;1003;Occasional;2021-03-23
204999;Kobieta;45;1017;Regular;2025-02-20
205000;Mężczyzna;50;1014;VIP;2024-10-30
205001;Kobieta;32;1007;Occasional;2024-03-15
205002;Kobieta;49;1005;Occasional;2022-05-08
205003;Kobieta;36;1002;Occasional;2024-04-12
205004;Kobieta;48;1001;Occasional;2024-06-26
205005;Mężczyzna;16;1005;Regular;2026-01-28
205006;Kobieta;31;1016;Regular;2025-01-11
205007;Mężczyzna;25;1002;Regular;2026-01-08
205008;Kobieta;47;1018;Regular;2025-08-05
205009;Kobieta;56;1017;Regular;2022-11-18
205010;Kobieta;20;1003;Regular;2022-09-19
205011;Kobieta;53;1001;Occasional;2023-06-17
205012;Kobieta;36;1004;Regular;2021-06-17
205013;Kobieta;17;1016;Occasional;2021-02-08
205014;Kobieta;39;1001;VIP;2022-07-11
205015;Kobieta;58;1001;Occasional;2022-08-26
205016;Kobieta;21;1010;Occasional;2021-09-02
205017;Mężczyzna;51;1015;Occasional;2021-07-09
205018;Kobieta;19;1013;Regular;2025-08-12
205019;Kobieta;44;1006;Occasional;2025-03-17
205020;Kobieta;23;1008;Regular;2024-05-25
205021;Kobieta;39;1008;Occasional;2026-02-21
205022;Kobieta;30;1008;Regular;2021-08-29
205023;Kobieta;31;1017;Regular;2024-11-21
205024;Kobieta;18;1003;New;2023-09-19
205025;Kobieta;28;1012;Regular;2024-07-26
205026;Kobieta;16;1009;Regular;2021-08-02
205027;Kobieta;54;1011;Occasional;2025-06-06
205028;Kobieta;37;1012;Regular;2023-02-03
205029;Kobieta;23;1007;Regular;2025-12-17
205030;Kobieta;46;1002;Regular;2025-07-18
205031;Kobieta;27;1010;VIP;2025-01-24
205032;Kobieta;16;1016;VIP;2022-12-26
205033;Kobieta;16;1013;Regular;2024-06-25
205034;Kobieta;35;1003;Regular;2024-03-24
205035;Kobieta;53;1014;Regular;2023-09-22
205036;Mężczyzna;32;1013;Regular;2023-06-04
205037;Kobieta;34;1009;Regular;2022-08-25
205038;Kobieta;41;1011;Regular;2021-10-22
205039;Kobieta;17;1010;Occasional;2022-09-04
205040;Mężczyzna;36;1016;Regular;2025-03-27
205041;Kobieta;43;1005;Regular;2026-03-13
205042;Kobieta;32;1006;Regular;2025-04-24
205043;Kobieta;38;1016;Regular;2024-09-10
205044;Kobieta;37;1005;Occasional;2024-01-31
205045;Kobieta;35;1009;Regular;2021-05-03
205046;Kobieta;29;1009;Occasional;2025-08-06
205047;Kobieta;37;1005;Regular;2023-04-27
205048;Mężczyzna;16;1010;Occasional;2021-05-18
205049;Kobieta;34;1012;Occasional;2022-12-12
205050;Kobieta;56;1004;Regular;2021-10-06
205051;Kobieta;59;1008;Regular;2023-10-28
205052;Kobieta;47;1015;Occasional;2021-01-22
205053;Mężczyzna;32;1012;Regular;2021-05-02
205054;Mężczyzna;46;1008;Occasional;2023-02-17
205055;Mężczyzna;50;1016;Regular;2021-12-09
205056;Kobieta;35;1003;Occasional;2025-07-28
205057;Kobieta;16;1003;Regular;2021-02-10
205058;Kobieta;49;1007;Regular;2026-02-19
205059;Mężczyzna;46;1010;Occasional;2021-04-08
205060;Kobieta;50;1013;Occasional;2025-08-28
205061;Kobieta;32;1005;New;2022-02-13
205062;Kobieta;29;1001;Occasional;2025-03-17
205063;Kobieta;16;1011;Occasional;2024-09-29
205064;Kobieta;18;1018;Regular;2022-04-04
205065;Kobieta;18;1003;VIP;2021-03-10
205066;Kobieta;53;1014;Regular;2025-08-04
205067;Mężczyzna;19;1013;VIP;2021-01-28
205068;Kobieta;39;1013;Regular;2023-02-04
205069;Kobieta;41;1006;Regular;2021-04-06
205070;Kobieta;29;1014;Regular;2021-08-14
205071;Kobieta;53;1004;Occasional;2025-01-16
205072;Mężczyzna;45;1008;Occasional;2021-08-23
205073;Kobieta;21;1003;Occasional;2021-07-31
205074;Kobieta;41;1008;Regular;2022-03-05
205075;Kobieta;28;1013;Regular;2024-08-10
205076;Kobieta;33;1015;Regular;2023-07-21
205077;Kobieta;16;1012;Regular;2025-12-17
205078;Kobieta;33;1003;Regular;2023-12-15
205079;Mężczyzna;49;1001;Regular;2023-07-30
205080;Kobieta;49;1018;New;2021-08-11
205081;Mężczyzna;16;1015;VIP;2025-02-25
205082;Kobieta;36;1015;New;2021-03-05
205083;Kobieta;31;1004;Occasional;2023-03-30
205084;Mężczyzna;51;1011;Regular;2023-01-26
205085;Kobieta;24;1009;Regular;2022-01-10
205086;Kobieta;37;1008;Occasional;2026-02-25
205087;Mężczyzna;31;1004;Regular;2025-04-01
205088;Mężczyzna;16;1014;Regular;2024-11-03
205089;Kobieta;49;1001;Occasional;2021-06-02
205090;Kobieta;29;1003;VIP;2021-09-15
205091;Mężczyzna;52;1011;Regular;2021-04-25
205092;Kobieta;27;1006;Occasional;2021-01-27
205093;Kobieta;24;1003;Occasional;2021-12-25
205094;Kobieta;37;1005;Regular;2024-10-14
205095;Mężczyzna;35;1014;New;2022-05-01
205096;Kobieta;16;1013;Occasional;2021-07-07
205097;Kobieta;48;1011;Regular;2024-06-23
205098;Kobieta;16;1016;Regular;2023-12-01
205099;Kobieta;18;1006;Regular;2024-10-11
205100;Kobieta;23;1009;Regular;2025-06-03
205101;Kobieta;37;1011;Occasional;2021-09-19
205102;Kobieta;20;1015;New;2021-10-01
205103;Kobieta;54;1005;Occasional;2024-10-31
205104;Kobieta;19;1016;VIP;2024-03-18
205105;Mężczyzna;45;1006;Regular;2023-07-20
205106;Kobieta;46;1004;Regular;2024-07-31
205107;Kobieta;32;1005;Regular;2024-06-12
205108;Mężczyzna;37;1017;Regular;2024-11-21
205109;Mężczyzna;52;1006;Regular;2022-09-22
205110;Kobieta;34;1018;Occasional;2025-08-09
205111;Kobieta;46;1008;Regular;2021-11-30
205112;Kobieta;38;1003;New;2021-05-14
205113;Kobieta;16;1015;Occasional;2023-09-23
205114;Kobieta;21;1006;Regular;2025-05-28
205115;Kobieta;45;1005;Regular;2024-10-19
205116;Mężczyzna;27;1018;Regular;2025-03-02
205117;Kobieta;20;1004;Regular;2024-07-14
205118;Kobieta;28;1007;Regular;2023-09-07
205119;Kobieta;34;1003;Regular;2025-04-26
205120;Kobieta;47;1009;VIP;2023-05-12
205121;Kobieta;37;1018;New;2023-05-25
205122;Kobieta;39;1016;Occasional;2025-10-07
205123;Kobieta;38;1007;Occasional;2023-10-13
205124;Kobieta;40;1008;Regular;2022-02-07
205125;Kobieta;38;1012;Regular;2026-05-19
205126;Kobieta;37;1007;Regular;2021-11-23
205127;Kobieta;17;1007;Regular;2021-05-14
205128;Mężczyzna;29;1001;Regular;2023-11-04
205129;Mężczyzna;41;1018;Occasional;2021-05-20
205130;Kobieta;51;1012;Occasional;2025-06-04
205131;Mężczyzna;27;1014;Occasional;2022-02-16
205132;Kobieta;39;1009;Regular;2022-06-06
205133;Kobieta;25;1013;Occasional;2023-04-30
205134;Kobieta;16;1002;Occasional;2023-12-29
205135;Kobieta;36;1003;Occasional;2021-10-10
205136;Kobieta;26;1016;Regular;2021-05-17
205137;Kobieta;27;1002;VIP;2024-03-26
205138;Kobieta;49;1001;Occasional;2023-08-16
205139;Kobieta;16;1007;Occasional;2022-09-28
205140;Kobieta;33;1012;Occasional;2021-01-26
205141;Kobieta;28;1008;VIP;2022-06-19
205142;Kobieta;34;1005;Regular;2022-02-24
205143;Kobieta;38;1014;Regular;2025-06-13
205144;Kobieta;29;1003;New;2024-06-14
205145;Kobieta;31;1007;Occasional;2025-03-02
205146;Kobieta;17;1012;Occasional;2025-11-19
205147;Kobieta;16;1005;New;2021-10-14
205148;Kobieta;25;1011;Occasional;2023-02-15
205149;Kobieta;27;1002;New;2026-01-07
205150;Kobieta;56;1016;Regular;2021-08-02
205151;Kobieta;51;1009;Regular;2022-03-13
205152;Kobieta;40;1009;Occasional;2022-05-04
205153;Kobieta;34;1006;Regular;2022-09-03
205154;Kobieta;30;1010;Regular;2022-09-14
205155;Kobieta;30;1007;Occasional;2026-05-14
205156;Kobieta;31;1012;Occasional;2024-06-12
205157;Kobieta;39;1014;Regular;2023-05-02
205158;Mężczyzna;35;1005;New;2022-10-10
205159;Kobieta;24;1008;Regular;2024-02-29
205160;Mężczyzna;24;1002;Occasional;2024-05-09
205161;Mężczyzna;32;1007;Regular;2021-10-19
205162;Kobieta;48;1009;Occasional;2024-03-28
205163;Mężczyzna;56;1011;Regular;2026-04-04
205164;Kobieta;31;1006;New;2024-05-13
205165;Kobieta;43;1013;Occasional;2026-03-16
205166;Kobieta;35;1015;Regular;2024-01-31
205167;Kobieta;53;1010;VIP;2024-12-21
205168;Kobieta;50;1009;Regular;2022-01-09
205169;Kobieta;21;1006;Occasional;2022-12-10
205170;Kobieta;48;1004;Regular;2024-05-11
205171;Kobieta;41;1010;Occasional;2024-08-25
205172;Kobieta;46;1013;Regular;2022-01-23
205173;Mężczyzna;41;1005;Regular;2024-12-06
205174;Kobieta;54;1015;Regular;2021-10-13
205175;Kobieta;46;1008;VIP;2026-03-11
205176;Kobieta;33;1005;Occasional;2025-05-23
205177;Kobieta;26;1007;Occasional;2022-11-25
205178;Kobieta;16;1009;VIP;2023-08-23
205179;Kobieta;48;1013;Occasional;2025-01-20
205180;Kobieta;46;1001;Regular;2025-04-11
205181;Kobieta;16;1008;Occasional;2026-03-11
205182;Kobieta;46;1001;Regular;2024-08-20
205183;Kobieta;39;1001;Regular;2023-10-07
205184;Mężczyzna;18;1011;Regular;2021-05-25
205185;Kobieta;30;1001;New;2023-01-25
205186;Mężczyzna;42;1005;New;2025-04-17
205187;Kobieta;38;1015;Regular;2026-04-16
205188;Mężczyzna;27;1004;Occasional;2022-03-23
205189;Kobieta;30;1004;Occasional;2024-04-25
205190;Mężczyzna;45;1009;Regular;2024-11-28
205191;Kobieta;24;1004;Regular;2025-10-19
205192;Kobieta;24;1007;Occasional;2023-02-21
205193;Kobieta;61;1016;Occasional;2023-07-27
205194;Mężczyzna;23;1008;Regular;2022-10-06
205195;Kobieta;54;1009;Occasional;2022-12-09
205196;Kobieta;24;1009;Occasional;2024-02-21
205197;Kobieta;16;1004;Regular;2021-11-25
205198;Kobieta;21;1006;Occasional;2021-02-27
205199;Kobieta;30;1005;Regular;2023-12-24
205200;Kobieta;22;1013;Occasional;2024-10-03
205201;Kobieta;46;1002;Occasional;2022-11-05
205202;Mężczyzna;19;1007;Regular;2021-05-01
205203;Kobieta;16;1006;Occasional;2021-04-01
205204;Kobieta;27;1004;New;2021-07-24
205205;Kobieta;20;1015;Occasional;2025-11-06
205206;Kobieta;60;1010;Regular;2022-02-05
205207;Kobieta;54;1018;VIP;2022-11-18
205208;Kobieta;47;1017;Regular;2024-12-01
205209;Kobieta;43;1015;Regular;2024-05-11
205210;Kobieta;44;1015;Regular;2021-04-28
205211;Kobieta;23;1002;Occasional;2025-02-21
205212;Kobieta;32;1011;Occasional;2021-01-13
205213;Kobieta;33;1014;Regular;2026-02-07
205214;Kobieta;65;1014;Regular;2022-04-20
205215;Mężczyzna;59;1001;Occasional;2023-11-29
205216;Kobieta;16;1002;Regular;2024-07-10
205217;Kobieta;39;1004;VIP;2022-05-10
205218;Kobieta;41;1013;Occasional;2024-10-06
205219;Kobieta;48;1003;Regular;2026-05-03
205220;Kobieta;51;1004;Regular;2022-10-04
205221;Kobieta;42;1004;Regular;2023-09-05
205222;Kobieta;37;1017;Regular;2023-08-04
205223;Kobieta;19;1009;Occasional;2025-08-10
205224;Kobieta;51;1010;Occasional;2025-10-31
205225;Kobieta;33;1015;Regular;2022-06-17
205226;Kobieta;32;1003;Occasional;2022-04-10
205227;Kobieta;35;1012;Regular;2021-03-25
205228;Kobieta;22;1004;New;2022-07-15
205229;Kobieta;38;1007;Regular;2023-05-17
205230;Kobieta;43;1001;Occasional;2025-10-07
205231;Kobieta;28;1007;New;2025-04-17
205232;Kobieta;39;1002;Regular;2025-03-10
205233;Kobieta;24;1008;Occasional;2025-06-30
205234;Mężczyzna;49;1002;Regular;2025-09-16
205235;Mężczyzna;45;1007;Occasional;2022-12-25
205236;Kobieta;29;1005;VIP;2023-04-06
205237;Kobieta;22;1011;Occasional;2026-03-17
205238;Mężczyzna;24;1001;Occasional;2022-02-06
205239;Kobieta;27;1002;New;2022-05-10
205240;Kobieta;57;1016;Regular;2022-06-04
205241;Kobieta;21;1010;VIP;2024-07-30
205242;Kobieta;23;1006;Occasional;2023-05-30
205243;Kobieta;24;1017;Regular;2024-08-12
205244;Kobieta;33;1001;Regular;2021-03-15
205245;Kobieta;37;1007;Occasional;2023-11-20
205246;Mężczyzna;53;1017;Regular;2022-12-13
205247;Kobieta;21;1012;Regular;2025-01-25
205248;Kobieta;42;1001;Regular;2025-02-16
205249;Kobieta;37;1014;VIP;2025-10-04
205250;Kobieta;25;1016;New;2022-08-29
205251;Kobieta;24;1006;Regular;2022-05-26
205252;Kobieta;50;1012;Occasional;2023-08-11
205253;Kobieta;31;1005;Regular;2024-04-05
205254;Kobieta;16;1004;Regular;2022-07-20
205255;Kobieta;40;1011;Regular;2024-11-15
205256;Kobieta;53;1002;New;2025-12-05
205257;Kobieta;39;1009;Regular;2023-07-01
205258;Kobieta;39;1011;VIP;2021-11-19
205259;Kobieta;30;1014;Regular;2026-04-22
205260;Kobieta;27;1003;Regular;2023-01-04
205261;Kobieta;45;1005;Regular;2024-08-28
205262;Kobieta;40;1007;New;2025-04-29
205263;Kobieta;29;1003;Occasional;2023-04-22
205264;Kobieta;41;1010;Regular;2022-04-08
205265;Mężczyzna;21;1002;Regular;2021-05-09
205266;Kobieta;50;1015;Regular;2026-01-22
205267;Kobieta;43;1013;Regular;2021-03-31
205268;Kobieta;22;1003;Regular;2023-09-18
205269;Kobieta;71;1006;Regular;2023-04-28
205270;Kobieta;34;1012;Regular;2024-01-20
205271;Kobieta;31;1018;Regular;2022-05-17
205272;Kobieta;32;1011;Regular;2021-07-26
205273;Mężczyzna;40;1007;Regular;2024-07-24
205274;Kobieta;21;1012;VIP;2025-05-09
205275;Kobieta;48;1004;Regular;2025-03-11
205276;Kobieta;33;1003;Regular;2025-09-25
205277;Kobieta;27;1001;Regular;2021-12-15
205278;Kobieta;29;1001;Regular;2026-01-06
205279;Kobieta;50;1003;Regular;2025-09-12
205280;Kobieta;41;1008;Regular;2023-05-28
205281;Mężczyzna;16;1006;VIP;2025-05-27
205282;Kobieta;43;1014;Occasional;2023-08-03
205283;Kobieta;27;1001;Regular;2023-04-25
205284;Kobieta;47;1005;Regular;2025-03-20
205285;Kobieta;16;1002;Regular;2022-08-17
205286;Kobieta;47;1002;New;2021-08-05
205287;Kobieta;33;1007;Regular;2021-06-06
205288;Kobieta;51;1001;Occasional;2022-11-01
205289;Mężczyzna;33;1002;VIP;2026-05-21
205290;Kobieta;23;1003;Occasional;2022-12-03
205291;Kobieta;16;1014;Occasional;2025-01-27
205292;Kobieta;34;1018;Regular;2021-11-23
205293;Mężczyzna;36;1016;New;2025-01-21
205294;Kobieta;31;1014;Regular;2023-08-14
205295;Kobieta;62;1005;Regular;2022-09-02
205296;Kobieta;40;1016;Occasional;2025-09-14
205297;Kobieta;16;1006;Occasional;2021-10-06
205298;Mężczyzna;41;1015;Regular;2022-01-12
205299;Kobieta;48;1007;New;2022-11-14
205300;Kobieta;26;1001;Occasional;2023-01-13
205301;Kobieta;47;1012;Regular;2022-07-26
205302;Kobieta;39;1006;Regular;2025-02-18
205303;Mężczyzna;56;1010;Regular;2022-12-13
205304;Mężczyzna;22;1005;Regular;2022-04-19
205305;Kobieta;42;1002;Regular;2026-05-04
205306;Kobieta;40;1014;Regular;2026-02-06
205307;Mężczyzna;46;1016;Occasional;2022-08-14
205308;Kobieta;48;1018;Occasional;2022-12-21
205309;Kobieta;52;1005;Regular;2023-09-29
205310;Kobieta;54;1002;New;2022-10-09
205311;Kobieta;43;1001;Regular;2022-10-12
205312;Kobieta;33;1006;Occasional;2024-01-23
205313;Kobieta;24;1013;VIP;2025-05-07
205314;Kobieta;26;1014;Regular;2022-11-29
205315;Kobieta;20;1014;Regular;2024-09-18
205316;Kobieta;40;1006;Regular;2023-11-15
205317;Kobieta;23;1014;Occasional;2023-01-12
205318;Kobieta;32;1015;Regular;2025-05-01
205319;Mężczyzna;40;1005;Regular;2024-01-23
205320;Kobieta;20;1010;Regular;2023-01-07
205321;Kobieta;42;1001;Occasional;2025-01-25
205322;Kobieta;33;1010;Regular;2023-01-09
205323;Kobieta;47;1012;Regular;2024-02-25
205324;Mężczyzna;40;1005;Regular;2025-02-06
205325;Kobieta;16;1014;VIP;2024-09-18
205326;Kobieta;31;1015;Regular;2023-08-15
205327;Kobieta;39;1001;Occasional;2022-06-18
205328;Kobieta;46;1017;VIP;2021-08-26
205329;Kobieta;36;1001;Regular;2023-12-03
205330;Kobieta;31;1012;Regular;2025-10-22
205331;Kobieta;38;1001;VIP;2023-02-14
205332;Kobieta;48;1013;Regular;2021-10-02
205333;Kobieta;23;1012;Regular;2023-09-09
205334;Kobieta;50;1013;Regular;2021-05-11
205335;Mężczyzna;39;1017;VIP;2022-09-06
205336;Kobieta;37;1003;Regular;2024-10-09
205337;Kobieta;16;1003;Occasional;2024-01-11
205338;Kobieta;24;1011;Regular;2026-01-18
205339;Kobieta;50;1007;New;2025-11-05
205340;Kobieta;46;1009;Regular;2025-07-29
205341;Kobieta;42;1002;Occasional;2023-11-24
205342;Kobieta;19;1018;VIP;2021-02-28
205343;Kobieta;34;1008;Occasional;2023-09-15
205344;Kobieta;21;1014;Regular;2022-11-03
205345;Mężczyzna;47;1005;Regular;2026-02-10
205346;Kobieta;54;1013;Occasional;2022-03-01
205347;Kobieta;60;1011;Regular;2026-02-20
205348;Kobieta;45;1007;Regular;2025-10-26
205349;Kobieta;35;1012;Regular;2022-05-12
205350;Kobieta;35;1006;Regular;2025-05-17
205351;Kobieta;56;1001;VIP;2024-02-02
205352;Kobieta;35;1008;Regular;2023-09-08
205353;Kobieta;22;1005;Regular;2022-05-09
205354;Mężczyzna;50;1004;Regular;2023-04-21
205355;Kobieta;34;1007;Regular;2025-01-27
205356;Kobieta;38;1002;Regular;2023-01-01
205357;Kobieta;35;1017;Occasional;2023-09-19
205358;Kobieta;41;1009;Occasional;2021-09-24
205359;Kobieta;52;1015;Occasional;2026-02-11
205360;Kobieta;38;1007;Regular;2021-04-20
205361;Kobieta;42;1009;New;2026-03-21
205362;Kobieta;31;1016;Occasional;2021-08-14
205363;Kobieta;16;1013;VIP;2023-11-17
205364;Kobieta;32;1014;Occasional;2023-02-28
205365;Kobieta;39;1005;Regular;2023-01-28
205366;Kobieta;32;1003;Occasional;2024-01-15
205367;Kobieta;19;1013;Regular;2025-01-10
205368;Kobieta;50;1003;Regular;2022-09-09
205369;Kobieta;19;1002;Occasional;2023-06-03
205370;Kobieta;28;1001;VIP;2023-03-01
205371;Kobieta;36;1017;Regular;2021-10-14
205372;Kobieta;27;1009;New;2024-02-03
205373;Kobieta;47;1014;VIP;2024-02-19
205374;Kobieta;18;1008;Regular;2023-10-01
205375;Kobieta;27;1010;Regular;2021-12-20
205376;Kobieta;26;1017;New;2026-02-05
205377;Kobieta;24;1014;VIP;2023-07-04
205378;Kobieta;39;1005;Occasional;2022-10-28
205379;Kobieta;42;1002;Regular;2024-05-15
205380;Mężczyzna;26;1002;Regular;2026-04-12
205381;Kobieta;28;1016;VIP;2025-06-26
205382;Kobieta;27;1015;Occasional;2021-04-25
205383;Kobieta;37;1010;New;2021-08-29
205384;Mężczyzna;40;1004;Occasional;2026-01-10
205385;Kobieta;32;1016;Occasional;2022-12-07
205386;Kobieta;65;1001;Occasional;2021-03-01
205387;Kobieta;41;1006;Occasional;2025-07-08
205388;Kobieta;43;1005;Occasional;2023-05-12
205389;Mężczyzna;45;1009;Regular;2025-07-14
205390;Kobieta;39;1017;Occasional;2022-01-26
205391;Kobieta;37;1004;Regular;2021-10-18
205392;Kobieta;49;1001;Regular;2026-04-27
205393;Kobieta;46;1013;Occasional;2025-08-12
205394;Kobieta;48;1003;Regular;2023-01-27
205395;Kobieta;33;1013;New;2026-03-11
205396;Kobieta;40;1017;Regular;2025-02-15
205397;Mężczyzna;41;1001;Occasional;2025-05-07
205398;Kobieta;23;1015;Regular;2021-11-01
205399;Kobieta;16;1005;Regular;2024-06-22
205400;Kobieta;53;1003;Occasional;2021-04-11
205401;Kobieta;32;1015;Occasional;2022-07-21
205402;Kobieta;56;1012;Occasional;2023-11-07
205403;Kobieta;43;1011;Regular;2023-11-25
205404;Kobieta;25;1018;Occasional;2025-05-08
205405;Kobieta;16;1004;Occasional;2021-03-19
205406;Kobieta;25;1009;Regular;2023-06-30
205407;Mężczyzna;35;1013;Regular;2024-04-10
205408;Kobieta;40;1006;Occasional;2023-09-04
205409;Kobieta;36;1017;Occasional;2023-12-21
205410;Mężczyzna;43;1010;Regular;2025-09-07
205411;Kobieta;41;1001;Regular;2026-02-14
205412;Kobieta;45;1011;Regular;2025-09-13
205413;Kobieta;43;1001;Regular;2024-08-17
205414;Kobieta;40;1007;Occasional;2022-10-20
205415;Kobieta;22;1010;Regular;2023-09-24
205416;Kobieta;61;1001;New;2023-06-13
205417;Mężczyzna;41;1006;Regular;2024-06-06
205418;Kobieta;35;1007;VIP;2021-12-27
205419;Mężczyzna;41;1001;Occasional;2023-08-14
205420;Mężczyzna;16;1004;New;2021-08-21
205421;Mężczyzna;38;1015;VIP;2021-03-17
205422;Kobieta;16;1007;Regular;2024-07-14
205423;Kobieta;36;1015;Regular;2026-03-14
205424;Kobieta;45;1008;Occasional;2024-04-23
205425;Kobieta;46;1017;Regular;2023-10-25
205426;Kobieta;16;1017;Regular;2022-07-01
205427;Mężczyzna;41;1006;New;2023-11-23
205428;Kobieta;54;1016;Regular;2022-04-09
205429;Kobieta;25;1005;VIP;2026-05-06
205430;Kobieta;40;1017;Occasional;2021-05-25
205431;Kobieta;26;1001;Regular;2022-05-22
205432;Kobieta;30;1007;Regular;2025-07-28
205433;Kobieta;32;1003;Regular;2025-10-24
205434;Kobieta;19;1016;Occasional;2024-03-10
205435;Kobieta;39;1002;Occasional;2021-04-26
205436;Mężczyzna;37;1013;Regular;2022-10-24
205437;Kobieta;51;1003;Regular;2021-09-22
205438;Kobieta;43;1010;Regular;2024-08-21
205439;Kobieta;40;1018;VIP;2025-04-01
205440;Kobieta;28;1007;Occasional;2024-07-18
205441;Mężczyzna;23;1005;Occasional;2021-07-28
205442;Mężczyzna;53;1016;Regular;2022-01-21
205443;Kobieta;39;1004;VIP;2023-10-16
205444;Kobieta;29;1012;Regular;2025-11-16
205445;Kobieta;49;1004;Occasional;2021-06-08
205446;Kobieta;27;1010;Occasional;2022-07-01
205447;Kobieta;47;1012;Occasional;2025-11-11
205448;Kobieta;17;1003;Occasional;2021-02-22
205449;Mężczyzna;41;1015;VIP;2022-03-13
205450;Kobieta;43;1001;Regular;2024-03-16
205451;Kobieta;26;1004;Regular;2026-03-25
205452;Kobieta;16;1010;Regular;2021-09-30
205453;Kobieta;55;1006;Occasional;2024-07-06
205454;Kobieta;37;1015;Occasional;2021-07-27
205455;Mężczyzna;35;1009;Regular;2023-04-05
205456;Kobieta;45;1010;Regular;2021-11-29
205457;Kobieta;50;1004;Regular;2021-08-15
205458;Kobieta;40;1017;New;2024-07-09
205459;Kobieta;42;1004;Regular;2025-10-31
205460;Mężczyzna;30;1016;Regular;2021-07-24
205461;Kobieta;30;1004;New;2021-02-08
205462;Kobieta;19;1007;Regular;2023-06-14
205463;Kobieta;44;1002;VIP;2024-08-08
205464;Kobieta;16;1001;Occasional;2021-10-27
205465;Mężczyzna;43;1014;Regular;2021-05-08
205466;Kobieta;35;1002;Regular;2022-09-07
205467;Mężczyzna;40;1014;Regular;2024-05-13
205468;Kobieta;38;1017;Occasional;2021-07-08
205469;Kobieta;21;1005;Occasional;2021-02-06
205470;Kobieta;32;1001;Regular;2023-05-28
205471;Mężczyzna;58;1014;Regular;2021-05-21
205472;Kobieta;48;1005;Occasional;2023-09-07
205473;Mężczyzna;48;1016;Occasional;2022-12-28
205474;Kobieta;49;1015;Regular;2024-12-26
205475;Kobieta;22;1018;Occasional;2022-11-23
205476;Kobieta;31;1001;Regular;2025-10-08
205477;Mężczyzna;32;1012;Occasional;2021-06-22
205478;Kobieta;44;1014;Occasional;2023-08-20
205479;Kobieta;44;1001;Regular;2025-05-09
205480;Mężczyzna;22;1013;Regular;2021-03-12
205481;Mężczyzna;29;1006;Regular;2021-03-27
205482;Kobieta;47;1010;Regular;2022-11-14
205483;Kobieta;16;1009;Occasional;2023-11-12
205484;Kobieta;32;1012;New;2023-03-16
205485;Mężczyzna;16;1005;Occasional;2024-03-02
205486;Kobieta;31;1013;Regular;2024-08-23
205487;Kobieta;26;1015;Regular;2026-05-07
205488;Kobieta;41;1001;Regular;2023-09-26
205489;Kobieta;16;1015;Regular;2022-02-25
205490;Kobieta;33;1017;VIP;2025-10-04
205491;Mężczyzna;16;1006;Occasional;2025-07-25
205492;Kobieta;26;1002;Occasional;2026-01-31
205493;Kobieta;24;1002;Occasional;2023-12-07
205494;Kobieta;16;1017;New;2024-01-31
205495;Mężczyzna;33;1010;Occasional;2023-01-19
205496;Kobieta;36;1013;Regular;2021-09-04
205497;Kobieta;38;1003;Regular;2025-12-16
205498;Kobieta;54;1003;Occasional;2026-02-12
205499;Kobieta;41;1016;Occasional;2026-04-11
205500;Kobieta;49;1004;Regular;2025-03-18
205501;Kobieta;26;1004;Regular;2024-02-24
205502;Kobieta;40;1010;Occasional;2023-10-14
205503;Kobieta;54;1011;Occasional;2022-06-11
205504;Kobieta;33;1007;Regular;2025-08-16
205505;Kobieta;37;1001;VIP;2023-08-31
205506;Kobieta;29;1002;New;2026-01-31
205507;Kobieta;42;1008;Regular;2022-10-23
205508;Kobieta;18;1008;Regular;2025-09-17
205509;Kobieta;37;1011;New;2025-02-22
205510;Kobieta;34;1015;Regular;2021-03-08
205511;Kobieta;29;1001;Regular;2022-09-16
205512;Kobieta;31;1012;Occasional;2023-09-27
205513;Kobieta;42;1006;Occasional;2025-03-03
205514;Kobieta;54;1017;Regular;2022-02-22
205515;Kobieta;16;1018;VIP;2021-11-19
205516;Kobieta;31;1007;Occasional;2026-04-23
205517;Kobieta;39;1014;Occasional;2021-09-12
205518;Kobieta;51;1010;Occasional;2025-07-17
205519;Mężczyzna;46;1004;Regular;2021-07-05
205520;Kobieta;33;1009;Occasional;2022-01-27
205521;Kobieta;40;1014;Regular;2026-01-01
205522;Kobieta;16;1018;VIP;2024-06-13
205523;Kobieta;23;1011;Regular;2023-09-02
205524;Mężczyzna;16;1006;Occasional;2021-09-09
205525;Kobieta;41;1003;Occasional;2022-12-23
205526;Kobieta;31;1014;Regular;2024-11-11
205527;Kobieta;27;1002;Regular;2023-09-16
205528;Kobieta;42;1011;New;2026-04-29
205529;Kobieta;30;1011;New;2022-06-13
205530;Kobieta;24;1013;Regular;2024-09-21
205531;Kobieta;27;1011;Occasional;2025-01-21
205532;Kobieta;30;1010;Occasional;2025-06-25
205533;Kobieta;44;1017;Regular;2023-07-13
205534;Mężczyzna;32;1004;Occasional;2022-09-10
205535;Kobieta;21;1008;VIP;2025-12-26
205536;Kobieta;28;1002;Regular;2022-04-08
205537;Kobieta;23;1016;Regular;2024-01-07
205538;Kobieta;45;1011;Occasional;2025-11-14
205539;Kobieta;35;1012;Regular;2024-11-07
205540;Kobieta;42;1008;Occasional;2024-06-14
205541;Kobieta;21;1018;VIP;2022-08-31
205542;Kobieta;52;1014;Regular;2022-02-03
205543;Kobieta;21;1009;Occasional;2022-12-26
205544;Kobieta;40;1004;Regular;2022-01-12
205545;Kobieta;36;1008;Regular;2023-08-02
205546;Kobieta;35;1004;Regular;2022-11-30
205547;Kobieta;16;1013;Regular;2023-04-08
205548;Kobieta;24;1006;Occasional;2021-10-09
205549;Kobieta;23;1012;Occasional;2021-02-22
205550;Kobieta;41;1016;Occasional;2021-07-30
205551;Mężczyzna;29;1008;New;2023-07-11
205552;Kobieta;43;1014;VIP;2023-12-23
205553;Kobieta;21;1012;New;2022-01-11
205554;Kobieta;19;1003;Regular;2023-06-29
205555;Kobieta;19;1008;New;2024-06-10
205556;Kobieta;36;1012;VIP;2021-10-08
205557;Mężczyzna;44;1016;Regular;2023-09-15
205558;Kobieta;23;1011;Occasional;2023-07-21
205559;Mężczyzna;41;1011;Regular;2022-04-14
205560;Mężczyzna;26;1007;Occasional;2025-11-08
205561;Kobieta;25;1011;Regular;2023-07-21
205562;Kobieta;33;1006;New;2023-08-06
205563;Mężczyzna;48;1009;Regular;2025-01-21
205564;Kobieta;23;1011;Occasional;2025-07-15
205565;Kobieta;43;1006;Regular;2022-10-21
205566;Kobieta;40;1006;Regular;2022-04-16
205567;Kobieta;16;1012;Occasional;2025-07-08
205568;Kobieta;26;1007;Occasional;2024-12-13
205569;Kobieta;20;1011;New;2026-02-14
205570;Kobieta;34;1006;Regular;2022-10-31
205571;Kobieta;22;1017;Occasional;2024-06-11
205572;Kobieta;30;1006;Occasional;2024-04-25
205573;Kobieta;41;1001;Regular;2022-03-01
205574;Kobieta;41;1001;Regular;2025-11-20
205575;Mężczyzna;20;1001;VIP;2025-12-09
205576;Kobieta;40;1008;Regular;2025-08-31
205577;Kobieta;50;1015;Occasional;2022-10-13
205578;Kobieta;34;1001;Regular;2021-10-15
205579;Mężczyzna;30;1008;VIP;2023-03-21
205580;Mężczyzna;16;1004;Regular;2022-04-03
205581;Kobieta;42;1012;VIP;2024-07-06
205582;Kobieta;41;1010;Regular;2023-12-30
205583;Kobieta;18;1010;Occasional;2024-04-18
205584;Kobieta;34;1014;Regular;2023-05-31
205585;Kobieta;34;1013;Regular;2025-07-18
205586;Kobieta;47;1011;Regular;2022-07-22
205587;Kobieta;26;1018;Regular;2025-06-10
205588;Kobieta;34;1008;Occasional;2022-02-05
205589;Kobieta;17;1010;Regular;2021-08-23
205590;Mężczyzna;22;1006;Occasional;2021-03-09
205591;Kobieta;40;1010;Occasional;2022-04-27
205592;Mężczyzna;60;1017;Regular;2024-09-15
205593;Kobieta;27;1005;Occasional;2022-11-28
205594;Kobieta;30;1010;Occasional;2021-09-20
205595;Kobieta;41;1017;VIP;2024-12-27
205596;Kobieta;21;1018;Regular;2022-04-30
205597;Mężczyzna;46;1004;Regular;2022-12-25
205598;Kobieta;40;1006;Occasional;2023-03-05
205599;Kobieta;47;1001;Occasional;2024-10-23
205600;Kobieta;24;1013;Occasional;2023-09-07
205601;Mężczyzna;35;1008;New;2021-12-17
205602;Kobieta;24;1007;Regular;2026-04-03
205603;Kobieta;29;1003;Regular;2026-01-08
205604;Kobieta;28;1017;New;2022-12-19
205605;Mężczyzna;41;1003;Occasional;2021-02-23
205606;Kobieta;35;1016;New;2021-10-19
205607;Kobieta;16;1011;Regular;2025-07-06
205608;Kobieta;33;1017;Regular;2024-12-27
205609;Mężczyzna;22;1015;Occasional;2022-01-01
205610;Kobieta;40;1005;Occasional;2024-08-17
205611;Kobieta;16;1002;Occasional;2023-06-21
205612;Kobieta;35;1003;Occasional;2023-08-08
205613;Kobieta;21;1015;Occasional;2025-01-15
205614;Kobieta;37;1013;Regular;2022-01-11
205615;Kobieta;16;1014;Occasional;2021-11-12
205616;Kobieta;26;1013;Regular;2021-10-08
205617;Kobieta;43;1009;Occasional;2025-06-01
205618;Kobieta;31;1014;Regular;2024-08-05
205619;Kobieta;40;1017;Occasional;2021-04-01
205620;Mężczyzna;47;1006;Occasional;2025-01-19
205621;Kobieta;39;1005;Occasional;2021-11-02
205622;Kobieta;33;1003;Occasional;2025-11-07
205623;Kobieta;59;1017;New;2023-09-01
205624;Kobieta;60;1017;Regular;2025-03-28
205625;Mężczyzna;46;1004;Regular;2022-08-20
205626;Kobieta;48;1002;Occasional;2026-01-15
205627;Mężczyzna;18;1003;Regular;2021-04-15
205628;Kobieta;20;1016;VIP;2022-12-19
205629;Kobieta;40;1015;Occasional;2021-09-07
205630;Kobieta;39;1008;Regular;2023-01-08
205631;Kobieta;45;1002;Occasional;2021-01-22
205632;Kobieta;32;1006;Occasional;2024-12-06
205633;Kobieta;31;1018;VIP;2022-06-13
205634;Kobieta;37;1001;Occasional;2022-10-02
205635;Kobieta;48;1001;Occasional;2025-11-21
205636;Mężczyzna;29;1015;Regular;2024-06-15
205637;Kobieta;42;1011;Occasional;2022-11-16
205638;Kobieta;28;1013;New;2024-05-12
205639;Kobieta;28;1017;Regular;2025-03-13
205640;Mężczyzna;31;1001;Occasional;2024-04-25
205641;Kobieta;16;1014;VIP;2025-01-11
205642;Kobieta;20;1003;Regular;2022-11-29
205643;Kobieta;32;1016;Regular;2021-07-21
205644;Kobieta;49;1008;Occasional;2023-03-28
205645;Kobieta;39;1007;VIP;2021-11-21
205646;Kobieta;52;1002;Regular;2024-06-18
205647;Kobieta;36;1009;Regular;2025-09-17
205648;Mężczyzna;23;1001;Regular;2026-05-13
205649;Kobieta;34;1001;Regular;2024-09-25
205650;Mężczyzna;33;1012;VIP;2021-02-17
205651;Kobieta;37;1008;Occasional;2022-07-02
205652;Kobieta;29;1009;Regular;2024-03-24
205653;Mężczyzna;21;1009;Regular;2021-07-21
205654;Kobieta;36;1017;Occasional;2021-09-27
205655;Kobieta;59;1009;Regular;2024-06-18
205656;Kobieta;18;1007;Regular;2026-01-20
205657;Kobieta;22;1001;Regular;2022-09-15
205658;Kobieta;28;1005;VIP;2021-09-14
205659;Kobieta;49;1018;Regular;2021-04-19
205660;Mężczyzna;38;1004;Regular;2023-09-06
205661;Kobieta;41;1014;Occasional;2023-01-19
205662;Kobieta;35;1010;Occasional;2021-12-25
205663;Kobieta;36;1002;Regular;2021-02-09
205664;Kobieta;43;1007;New;2023-03-16
205665;Kobieta;34;1013;Regular;2025-09-29
205666;Kobieta;26;1005;Occasional;2025-11-06
205667;Mężczyzna;35;1004;Occasional;2021-08-21
205668;Kobieta;42;1003;Regular;2022-08-06
205669;Kobieta;39;1013;Occasional;2021-04-18
205670;Kobieta;47;1016;Regular;2023-01-17
205671;Kobieta;31;1008;Occasional;2021-10-04
205672;Kobieta;24;1006;New;2021-12-31
205673;Mężczyzna;25;1016;Occasional;2021-04-19
205674;Kobieta;25;1004;VIP;2021-12-15
205675;Kobieta;33;1016;Occasional;2021-09-28
205676;Kobieta;42;1012;Regular;2025-01-30
205677;Kobieta;44;1009;Regular;2023-03-03
205678;Kobieta;45;1014;Regular;2026-01-08
205679;Mężczyzna;32;1010;Occasional;2022-10-10
205680;Kobieta;26;1011;Regular;2023-09-19
205681;Kobieta;57;1003;Regular;2023-04-26
205682;Kobieta;41;1002;New;2026-03-05
205683;Kobieta;26;1016;VIP;2021-06-17
205684;Kobieta;35;1001;New;2021-04-11
205685;Kobieta;36;1015;Regular;2021-01-30
205686;Kobieta;45;1008;Occasional;2026-05-23
205687;Kobieta;49;1009;Regular;2022-12-09
205688;Kobieta;25;1010;Regular;2021-06-19
205689;Kobieta;42;1015;Occasional;2023-01-06
205690;Kobieta;34;1017;Regular;2024-09-14
205691;Kobieta;52;1015;Occasional;2023-12-27
205692;Kobieta;18;1012;Occasional;2025-06-11
205693;Kobieta;36;1011;Regular;2024-10-15
205694;Kobieta;31;1002;New;2023-07-30
205695;Kobieta;35;1016;Occasional;2022-03-03
205696;Kobieta;20;1004;Regular;2024-07-03
205697;Kobieta;21;1011;Occasional;2025-01-10
205698;Mężczyzna;36;1001;Regular;2025-04-11
205699;Kobieta;21;1005;New;2022-01-09
205700;Kobieta;16;1016;New;2021-02-17
205701;Kobieta;24;1017;Occasional;2024-09-24
205702;Kobieta;23;1014;Regular;2023-07-30
205703;Kobieta;48;1005;Occasional;2025-09-29
205704;Kobieta;24;1008;Regular;2021-03-05
205705;Kobieta;19;1008;New;2023-04-14
205706;Kobieta;29;1001;Occasional;2025-03-29
205707;Kobieta;16;1011;VIP;2024-01-18
205708;Kobieta;22;1016;Regular;2022-12-16
205709;Kobieta;25;1003;Occasional;2024-03-08
205710;Kobieta;46;1003;Regular;2025-03-07
205711;Kobieta;36;1016;Regular;2021-11-26
205712;Kobieta;40;1001;Regular;2021-10-12
205713;Kobieta;45;1007;VIP;2022-12-20
205714;Kobieta;27;1016;Occasional;2022-01-27
205715;Kobieta;37;1011;New;2024-04-01
205716;Kobieta;39;1010;New;2023-11-22
205717;Kobieta;17;1007;Occasional;2024-08-30
205718;Kobieta;20;1017;Regular;2022-04-10
205719;Kobieta;37;1004;Regular;2025-07-09
205720;Kobieta;27;1007;Occasional;2023-11-09
205721;Kobieta;21;1001;Regular;2021-02-04
205722;Kobieta;41;1006;Regular;2023-06-20
205723;Kobieta;41;1015;Occasional;2025-05-02
205724;Mężczyzna;32;1008;Regular;2026-03-08
205725;Kobieta;53;1003;VIP;2023-01-20
205726;Mężczyzna;29;1016;VIP;2023-02-03
205727;Kobieta;39;1010;Regular;2024-02-17
205728;Kobieta;23;1007;Occasional;2022-07-25
205729;Kobieta;36;1018;New;2024-01-03
205730;Kobieta;30;1014;Regular;2024-09-03
205731;Kobieta;54;1008;Occasional;2025-05-17
205732;Kobieta;31;1001;Regular;2023-11-22
205733;Kobieta;16;1016;Occasional;2025-03-24
205734;Kobieta;33;1008;Regular;2021-09-26
205735;Kobieta;16;1005;Regular;2023-07-31
205736;Kobieta;16;1014;VIP;2024-06-27
205737;Mężczyzna;36;1015;Regular;2025-05-05
205738;Kobieta;34;1001;Regular;2024-02-05
205739;Kobieta;52;1001;Regular;2023-02-21
205740;Kobieta;33;1011;Occasional;2023-05-27
205741;Kobieta;16;1015;New;2023-07-17
205742;Kobieta;46;1003;New;2021-06-29
205743;Mężczyzna;56;1007;Occasional;2022-01-27
205744;Kobieta;38;1004;Regular;2024-12-04
205745;Mężczyzna;61;1015;Regular;2025-02-05
205746;Mężczyzna;30;1014;Regular;2025-02-01
205747;Kobieta;29;1015;VIP;2023-08-30
205748;Kobieta;31;1015;Occasional;2024-09-25
205749;Kobieta;39;1015;Regular;2024-04-16
205750;Mężczyzna;43;1012;VIP;2023-08-13
205751;Kobieta;39;1002;Regular;2024-08-04
205752;Kobieta;25;1005;New;2023-12-22
205753;Kobieta;31;1010;Occasional;2021-06-19
205754;Mężczyzna;28;1008;Regular;2021-02-03
205755;Kobieta;32;1009;Occasional;2024-11-06
205756;Kobieta;45;1007;Regular;2021-08-20
205757;Kobieta;65;1015;Occasional;2023-01-30
205758;Kobieta;37;1018;Regular;2023-10-13
205759;Kobieta;30;1011;Regular;2021-04-17
205760;Kobieta;31;1016;Regular;2025-08-11
205761;Kobieta;51;1007;Regular;2023-04-07
205762;Kobieta;40;1001;Occasional;2021-05-30
205763;Kobieta;16;1005;Regular;2024-09-01
205764;Kobieta;36;1004;Occasional;2022-02-01
205765;Mężczyzna;40;1007;Occasional;2023-05-20
205766;Kobieta;26;1003;Occasional;2022-09-09
205767;Kobieta;16;1007;Regular;2023-01-18
205768;Kobieta;51;1005;Regular;2021-05-11
205769;Kobieta;29;1003;Regular;2023-04-06
205770;Kobieta;27;1012;New;2022-05-11
205771;Kobieta;21;1009;Regular;2021-07-02
205772;Kobieta;16;1011;Occasional;2025-11-06
205773;Kobieta;33;1004;New;2022-11-10
205774;Kobieta;30;1002;Regular;2023-01-07
205775;Kobieta;37;1002;Regular;2024-11-16
205776;Kobieta;16;1004;Regular;2023-04-08
205777;Kobieta;36;1003;Regular;2025-05-11
205778;Mężczyzna;38;1007;Regular;2021-12-31
205779;Kobieta;47;1008;New;2025-11-21
205780;Kobieta;30;1004;Regular;2024-01-26
205781;Kobieta;21;1015;New;2023-03-24
205782;Kobieta;68;1005;Regular;2025-05-21
205783;Kobieta;41;1011;Regular;2025-06-22
205784;Kobieta;29;1008;Regular;2023-07-04
205785;Kobieta;19;1016;Regular;2024-11-11
205786;Kobieta;28;1011;Occasional;2025-02-05
205787;Kobieta;24;1007;Regular;2026-02-28
205788;Kobieta;51;1008;Regular;2021-04-10
205789;Mężczyzna;30;1017;Occasional;2024-06-09
205790;Kobieta;41;1002;New;2024-11-23
205791;Kobieta;25;1005;Regular;2021-03-04
205792;Kobieta;48;1010;Occasional;2021-06-25
205793;Kobieta;36;1017;Occasional;2024-10-02
205794;Kobieta;55;1007;Regular;2021-11-06
205795;Mężczyzna;45;1011;Regular;2024-12-23
205796;Kobieta;16;1018;Regular;2024-09-21
205797;Kobieta;31;1009;New;2023-12-10
205798;Kobieta;46;1009;Occasional;2021-12-19
205799;Kobieta;16;1008;Occasional;2021-01-08
205800;Kobieta;32;1004;Regular;2026-04-01
205801;Mężczyzna;56;1011;Regular;2025-01-23
205802;Kobieta;20;1017;VIP;2022-11-30
205803;Kobieta;30;1004;Regular;2022-06-14
205804;Kobieta;43;1011;Occasional;2025-08-14
205805;Kobieta;31;1005;Occasional;2023-01-04
205806;Kobieta;49;1015;Regular;2022-06-27
205807;Kobieta;24;1002;Occasional;2026-05-17
205808;Kobieta;47;1001;Regular;2022-09-11
205809;Kobieta;33;1009;Occasional;2022-07-16
205810;Kobieta;18;1018;Occasional;2023-12-08
205811;Kobieta;29;1006;Regular;2025-04-15
205812;Kobieta;48;1007;New;2026-01-17
205813;Kobieta;27;1014;Occasional;2025-12-21
205814;Mężczyzna;27;1015;Occasional;2023-04-11
205815;Kobieta;38;1012;Occasional;2024-12-17
205816;Kobieta;16;1013;Regular;2025-05-01
205817;Kobieta;48;1016;Occasional;2022-09-20
205818;Kobieta;28;1004;Regular;2026-05-22
205819;Kobieta;32;1013;Regular;2025-08-18
205820;Kobieta;16;1010;Regular;2024-07-10
205821;Kobieta;39;1013;Occasional;2021-09-29
205822;Kobieta;38;1010;Regular;2023-01-05
205823;Kobieta;55;1008;Occasional;2022-11-15
205824;Kobieta;45;1013;Regular;2024-01-07
205825;Kobieta;16;1016;New;2021-12-11
205826;Mężczyzna;39;1017;Regular;2023-02-01
205827;Kobieta;37;1011;Regular;2025-02-18
205828;Kobieta;45;1009;Occasional;2021-08-03
205829;Kobieta;51;1005;Occasional;2026-05-12
205830;Kobieta;22;1005;Regular;2022-12-15
205831;Kobieta;17;1007;Occasional;2025-02-04
205832;Kobieta;37;1010;Occasional;2022-07-07
205833;Kobieta;35;1013;Occasional;2021-05-20
205834;Kobieta;38;1015;Occasional;2024-02-25
205835;Kobieta;44;1014;Occasional;2025-12-06
205836;Kobieta;39;1012;Regular;2025-09-07
205837;Kobieta;23;1016;Regular;2023-09-10
205838;Kobieta;43;1006;Regular;2023-03-31
205839;Kobieta;19;1010;Regular;2024-12-22
205840;Kobieta;30;1018;VIP;2025-01-05
205841;Kobieta;25;1014;Occasional;2022-08-29
205842;Kobieta;18;1007;Regular;2025-11-10
205843;Mężczyzna;37;1001;Occasional;2024-10-28
205844;Mężczyzna;16;1010;VIP;2021-02-19
205845;Kobieta;31;1013;Occasional;2021-09-05
205846;Kobieta;26;1011;Regular;2024-09-14
205847;Kobieta;30;1017;Regular;2023-01-31
205848;Kobieta;48;1004;Occasional;2024-12-07
205849;Kobieta;21;1014;Occasional;2024-08-21
205850;Kobieta;30;1010;Regular;2025-06-12
205851;Kobieta;19;1007;New;2025-07-15
205852;Kobieta;47;1014;Occasional;2023-12-16
205853;Kobieta;47;1016;Occasional;2025-03-03
205854;Kobieta;49;1012;Occasional;2024-04-27
205855;Kobieta;53;1001;Regular;2022-03-10
205856;Kobieta;54;1012;VIP;2021-12-08
205857;Mężczyzna;44;1018;Occasional;2023-10-19
205858;Kobieta;46;1016;VIP;2025-07-16
205859;Kobieta;23;1012;Regular;2026-02-21
205860;Mężczyzna;28;1003;Regular;2023-10-24
205861;Kobieta;52;1013;Occasional;2022-12-20
205862;Kobieta;50;1003;Regular;2023-03-19
205863;Kobieta;40;1005;New;2021-02-15
205864;Kobieta;25;1015;Occasional;2021-05-12
205865;Kobieta;40;1007;New;2021-11-24
205866;Kobieta;38;1001;Occasional;2023-04-26
205867;Kobieta;75;1008;Regular;2023-06-14
205868;Kobieta;16;1010;Regular;2025-04-09
205869;Kobieta;39;1007;Regular;2024-01-21
205870;Kobieta;26;1006;Occasional;2021-09-19
205871;Kobieta;35;1013;Regular;2023-04-02
205872;Kobieta;16;1008;Regular;2024-09-22
205873;Kobieta;39;1007;Occasional;2021-10-11
205874;Mężczyzna;35;1013;Regular;2021-05-08
205875;Kobieta;33;1001;Occasional;2025-12-09
205876;Mężczyzna;38;1010;Occasional;2023-04-24
205877;Kobieta;51;1007;Regular;2025-08-17
205878;Kobieta;37;1014;Occasional;2026-02-04
205879;Kobieta;42;1003;New;2025-12-21
205880;Kobieta;31;1007;Occasional;2026-03-29
205881;Kobieta;28;1008;Regular;2021-09-30
205882;Kobieta;59;1015;Regular;2022-07-18
205883;Kobieta;37;1005;Occasional;2025-12-29
205884;Kobieta;51;1014;Regular;2023-04-09
205885;Kobieta;38;1003;Regular;2025-03-19
205886;Mężczyzna;19;1005;Occasional;2025-03-23
205887;Kobieta;24;1007;Regular;2024-08-15
205888;Kobieta;27;1013;Occasional;2021-06-22
205889;Kobieta;32;1001;New;2023-12-02
205890;Kobieta;45;1012;Regular;2025-03-29
205891;Kobieta;34;1006;Regular;2025-12-17
205892;Kobieta;43;1016;Regular;2021-04-22
205893;Mężczyzna;62;1008;Occasional;2021-09-07
205894;Mężczyzna;25;1004;VIP;2021-05-06
205895;Kobieta;42;1006;Regular;2022-07-14
205896;Kobieta;41;1014;Occasional;2023-05-11
205897;Kobieta;31;1008;Regular;2021-08-20
205898;Kobieta;16;1009;VIP;2023-12-04
205899;Kobieta;47;1008;Regular;2022-01-04
205900;Kobieta;16;1005;Regular;2022-08-24
205901;Kobieta;29;1012;Occasional;2025-05-14
205902;Kobieta;27;1002;Occasional;2024-07-21
205903;Kobieta;28;1014;Occasional;2023-05-11
205904;Kobieta;40;1003;Occasional;2024-01-25
205905;Mężczyzna;36;1002;New;2026-01-26
205906;Kobieta;16;1002;Occasional;2024-04-18
205907;Kobieta;16;1012;VIP;2021-02-05
205908;Kobieta;39;1012;Occasional;2025-04-25
205909;Mężczyzna;24;1018;Regular;2024-11-25
205910;Kobieta;36;1004;Occasional;2021-03-05
205911;Kobieta;44;1015;Occasional;2021-06-15
205912;Mężczyzna;21;1002;Regular;2025-05-11
205913;Kobieta;49;1001;Occasional;2023-12-10
205914;Mężczyzna;33;1015;VIP;2024-01-12
205915;Kobieta;16;1012;Regular;2026-05-15
205916;Kobieta;19;1012;Occasional;2023-11-27
205917;Kobieta;35;1017;VIP;2024-06-13
205918;Kobieta;32;1012;New;2021-07-08
205919;Kobieta;27;1003;Occasional;2021-11-16
205920;Kobieta;41;1008;Occasional;2024-11-04
205921;Kobieta;30;1003;New;2023-04-01
205922;Mężczyzna;29;1014;Occasional;2025-11-23
205923;Mężczyzna;27;1009;VIP;2022-01-09
205924;Kobieta;30;1010;Regular;2023-01-04
205925;Mężczyzna;41;1002;Regular;2022-08-31
205926;Kobieta;29;1008;Regular;2022-05-15
205927;Kobieta;30;1002;Regular;2022-11-13
205928;Kobieta;37;1004;Regular;2024-04-12
205929;Kobieta;40;1016;Occasional;2021-01-20
205930;Kobieta;30;1007;Occasional;2022-01-31
205931;Kobieta;43;1008;Occasional;2023-07-07
205932;Mężczyzna;27;1013;Regular;2024-01-05
205933;Kobieta;36;1012;Regular;2024-12-10
205934;Kobieta;45;1010;Occasional;2022-05-06
205935;Kobieta;25;1007;Regular;2023-10-16
205936;Kobieta;43;1010;Regular;2024-07-01
205937;Kobieta;16;1004;Regular;2025-08-16
205938;Kobieta;26;1017;New;2025-01-31
205939;Kobieta;48;1011;VIP;2023-08-18
205940;Kobieta;43;1017;Occasional;2022-04-15
205941;Kobieta;27;1013;Occasional;2025-08-09
205942;Kobieta;33;1012;Regular;2025-04-28
205943;Mężczyzna;16;1018;Occasional;2026-01-02
205944;Kobieta;36;1011;Occasional;2025-09-24
205945;Kobieta;40;1004;Occasional;2023-02-28
205946;Mężczyzna;33;1009;Regular;2023-06-14
205947;Kobieta;32;1010;New;2024-06-01
205948;Mężczyzna;16;1002;Regular;2023-07-01
205949;Kobieta;42;1004;Occasional;2024-10-08
205950;Kobieta;19;1014;Occasional;2025-05-24
205951;Mężczyzna;35;1018;Regular;2026-03-25
205952;Kobieta;23;1010;Occasional;2025-12-22
205953;Kobieta;37;1005;Regular;2021-07-25
205954;Kobieta;34;1009;Occasional;2024-05-08
205955;Kobieta;21;1006;Regular;2025-06-29
205956;Kobieta;58;1013;Regular;2026-04-21
205957;Kobieta;30;1009;Regular;2025-01-01
205958;Kobieta;36;1015;Occasional;2021-06-25
205959;Kobieta;23;1011;Regular;2023-02-22
205960;Kobieta;46;1002;Regular;2022-11-22
205961;Mężczyzna;50;1008;Occasional;2021-09-18
205962;Kobieta;41;1004;Regular;2026-01-02
205963;Kobieta;51;1006;Occasional;2022-11-29
205964;Kobieta;36;1007;Occasional;2026-04-14
205965;Mężczyzna;34;1014;New;2025-02-10
205966;Kobieta;24;1003;Occasional;2026-04-02
205967;Mężczyzna;39;1017;New;2021-06-21
205968;Kobieta;42;1009;Regular;2024-09-03
205969;Kobieta;30;1004;Regular;2023-06-09
205970;Kobieta;46;1001;Regular;2025-02-13
205971;Kobieta;47;1007;Regular;2024-11-07
205972;Kobieta;43;1015;VIP;2024-10-07
205973;Kobieta;37;1002;Regular;2022-05-29
205974;Kobieta;42;1001;VIP;2023-07-16
205975;Kobieta;23;1007;Occasional;2023-10-05
205976;Kobieta;38;1015;Regular;2024-10-28
205977;Kobieta;41;1011;Regular;2024-02-12
205978;Kobieta;29;1002;Occasional;2022-01-03
205979;Mężczyzna;32;1008;Regular;2022-12-14
205980;Kobieta;27;1010;Occasional;2022-08-13
205981;Kobieta;24;1013;Occasional;2024-11-06
205982;Kobieta;32;1015;Regular;2021-04-08
205983;Kobieta;44;1003;VIP;2024-02-14
205984;Kobieta;49;1018;Regular;2025-11-12
205985;Mężczyzna;29;1018;Regular;2022-02-07
205986;Kobieta;30;1017;Regular;2023-09-13
205987;Kobieta;44;1002;Occasional;2022-09-10
205988;Kobieta;19;1015;Regular;2024-01-26
205989;Kobieta;44;1014;Regular;2023-02-16
205990;Kobieta;40;1012;Occasional;2021-12-26
205991;Kobieta;32;1014;Regular;2023-07-05
205992;Kobieta;23;1014;Regular;2021-08-25
205993;Kobieta;39;1012;New;2022-05-25
205994;Kobieta;49;1005;Regular;2022-10-22
205995;Kobieta;43;1008;Regular;2022-02-02
205996;Kobieta;16;1018;Occasional;2024-11-17
205997;Kobieta;35;1008;Regular;2021-02-05
205998;Kobieta;36;1013;Regular;2025-09-20
205999;Kobieta;54;1003;New;2025-05-31
206000;Kobieta;28;1006;VIP;2024-02-05
206001;Kobieta;20;1008;Regular;2025-05-30
206002;Kobieta;37;1015;Regular;2023-04-02
206003;Kobieta;24;1006;Regular;2022-05-11
206004;Mężczyzna;33;1006;Occasional;2021-12-11
206005;Kobieta;42;1012;New;2023-05-23
206006;Kobieta;35;1003;Regular;2023-12-23
206007;Kobieta;22;1002;Occasional;2025-08-20
206008;Kobieta;41;1017;New;2024-06-18
206009;Kobieta;20;1011;Regular;2023-09-18
206010;Kobieta;30;1001;New;2025-04-16
206011;Kobieta;30;1008;Regular;2024-06-24
206012;Mężczyzna;50;1003;Occasional;2022-11-28
206013;Kobieta;48;1001;Regular;2023-08-25
206014;Kobieta;69;1001;Regular;2022-11-19
206015;Mężczyzna;28;1004;Regular;2021-04-19
206016;Kobieta;34;1017;Occasional;2024-03-10
206017;Kobieta;38;1006;Regular;2022-03-22
206018;Kobieta;44;1010;VIP;2024-10-28
206019;Mężczyzna;24;1009;Regular;2022-05-30
206020;Kobieta;43;1010;Regular;2025-04-14
206021;Kobieta;49;1007;Regular;2022-10-03
206022;Kobieta;49;1005;Regular;2023-10-17
206023;Mężczyzna;37;1012;Regular;2025-01-02
206024;Kobieta;16;1006;Occasional;2022-08-15
206025;Kobieta;29;1001;Regular;2024-07-22
206026;Kobieta;48;1017;New;2024-08-09
206027;Kobieta;21;1003;Regular;2021-02-21
206028;Kobieta;27;1018;Occasional;2025-09-11
206029;Kobieta;33;1005;Regular;2021-05-26
206030;Kobieta;34;1016;VIP;2025-10-24
206031;Kobieta;35;1002;Occasional;2024-06-26
206032;Kobieta;31;1016;Regular;2024-12-01
206033;Kobieta;31;1004;Occasional;2025-12-23
206034;Kobieta;38;1013;New;2024-05-13
206035;Kobieta;16;1009;New;2022-07-01
206036;Kobieta;16;1003;Regular;2025-08-24
206037;Mężczyzna;16;1013;Regular;2021-10-14
206038;Kobieta;38;1005;Occasional;2021-03-12
206039;Kobieta;27;1010;VIP;2024-07-02
206040;Kobieta;28;1003;Regular;2023-03-10
206041;Mężczyzna;27;1018;Regular;2024-09-06
206042;Mężczyzna;27;1010;Occasional;2024-08-06
206043;Kobieta;24;1014;Occasional;2025-01-23
206044;Kobieta;16;1010;Regular;2026-02-04
206045;Kobieta;39;1014;Regular;2021-08-08
206046;Kobieta;52;1003;Regular;2021-03-25
206047;Kobieta;34;1014;Regular;2021-06-08
206048;Kobieta;28;1012;Regular;2024-05-24
206049;Kobieta;37;1017;Occasional;2024-09-27
206050;Kobieta;63;1004;VIP;2021-05-24
206051;Kobieta;37;1009;Regular;2022-06-30
206052;Mężczyzna;33;1018;Occasional;2024-11-28
206053;Kobieta;34;1010;Regular;2022-03-03
206054;Kobieta;40;1012;Regular;2023-06-05
206055;Kobieta;48;1003;New;2021-10-26
206056;Kobieta;40;1003;Regular;2022-10-28
206057;Kobieta;42;1018;Occasional;2025-05-21
206058;Kobieta;38;1014;VIP;2024-02-05
206059;Kobieta;16;1017;New;2021-08-19
206060;Kobieta;27;1016;Regular;2022-03-15
206061;Kobieta;51;1011;Regular;2023-12-24
206062;Kobieta;42;1017;Occasional;2022-08-23
206063;Kobieta;43;1001;New;2024-01-27
206064;Kobieta;19;1015;Occasional;2021-09-11
206065;Kobieta;36;1015;New;2025-10-13
206066;Kobieta;49;1012;VIP;2021-06-18
206067;Kobieta;34;1009;Regular;2021-10-07
206068;Kobieta;43;1013;Occasional;2023-09-17
206069;Mężczyzna;59;1001;Occasional;2021-05-07
206070;Kobieta;21;1009;New;2021-09-12
206071;Kobieta;39;1012;Occasional;2022-02-26
206072;Kobieta;49;1015;Regular;2023-10-03
206073;Mężczyzna;40;1013;Regular;2023-07-29
206074;Mężczyzna;29;1017;Occasional;2025-04-23
206075;Kobieta;57;1015;Occasional;2024-02-14
206076;Kobieta;37;1013;VIP;2024-09-30
206077;Mężczyzna;32;1001;New;2021-05-15
206078;Kobieta;45;1015;VIP;2022-12-29
206079;Kobieta;25;1010;Regular;2022-08-13
206080;Kobieta;48;1005;Regular;2022-04-09
206081;Kobieta;19;1018;Regular;2024-12-10
206082;Kobieta;33;1010;Occasional;2023-03-14
206083;Kobieta;35;1017;Occasional;2022-11-16
206084;Kobieta;63;1008;VIP;2024-06-04
206085;Kobieta;25;1006;Regular;2026-05-10
206086;Kobieta;52;1002;Regular;2024-01-16
206087;Kobieta;23;1004;Occasional;2021-10-21
206088;Kobieta;52;1014;VIP;2026-03-14
206089;Mężczyzna;40;1001;Regular;2022-05-01
206090;Kobieta;16;1014;Regular;2024-02-24
206091;Kobieta;37;1002;Regular;2021-10-30
206092;Kobieta;25;1011;Regular;2023-01-14
206093;Kobieta;39;1001;VIP;2025-09-28
206094;Kobieta;36;1008;Occasional;2025-07-17
206095;Kobieta;53;1011;Regular;2022-04-28
206096;Kobieta;25;1018;Occasional;2023-07-05
206097;Kobieta;19;1002;Occasional;2023-08-11
206098;Kobieta;67;1010;Regular;2024-02-17
206099;Kobieta;36;1002;Regular;2025-10-30
206100;Kobieta;24;1002;Occasional;2024-10-21
206101;Mężczyzna;22;1006;Regular;2024-06-19
206102;Kobieta;59;1006;Occasional;2024-06-16
206103;Kobieta;56;1008;Regular;2024-05-13
206104;Kobieta;42;1007;Regular;2024-10-02
206105;Kobieta;31;1017;Regular;2023-01-25
206106;Kobieta;41;1008;Occasional;2021-12-26
206107;Kobieta;26;1013;Regular;2023-11-05
206108;Kobieta;33;1017;Regular;2025-06-03
206109;Kobieta;46;1001;VIP;2022-05-05
206110;Kobieta;49;1018;Regular;2024-02-28
206111;Kobieta;51;1005;Regular;2024-12-21
206112;Kobieta;38;1016;Occasional;2025-11-26
206113;Mężczyzna;28;1009;Regular;2022-10-01
206114;Kobieta;30;1005;VIP;2021-11-05
206115;Kobieta;46;1005;New;2024-11-06
206116;Kobieta;19;1012;Occasional;2021-12-23
206117;Kobieta;27;1017;Occasional;2024-06-17
206118;Mężczyzna;26;1007;Regular;2022-08-19
206119;Kobieta;27;1004;VIP;2024-04-01
206120;Kobieta;56;1016;Regular;2024-11-26
206121;Kobieta;40;1011;VIP;2024-07-17
206122;Kobieta;40;1014;Occasional;2024-04-24
206123;Kobieta;16;1016;Occasional;2022-08-20
206124;Kobieta;34;1004;VIP;2025-01-22
206125;Kobieta;45;1014;Occasional;2025-11-07
206126;Kobieta;54;1003;New;2023-10-08
206127;Kobieta;34;1002;Regular;2022-05-04
206128;Kobieta;29;1016;Regular;2022-10-27
206129;Kobieta;30;1004;Regular;2023-02-08
206130;Kobieta;38;1011;VIP;2026-04-18
206131;Kobieta;39;1017;New;2024-05-14
206132;Mężczyzna;22;1005;Occasional;2024-07-11
206133;Kobieta;24;1016;Occasional;2023-08-13
206134;Kobieta;57;1004;VIP;2025-10-30
206135;Kobieta;44;1010;Occasional;2025-12-01
206136;Kobieta;31;1002;Regular;2022-06-11
206137;Kobieta;24;1003;VIP;2022-07-26
206138;Kobieta;46;1006;Regular;2025-03-11
206139;Mężczyzna;38;1009;Occasional;2022-09-06
206140;Kobieta;35;1007;Occasional;2023-12-14
206141;Kobieta;28;1004;Regular;2022-09-30
206142;Kobieta;30;1011;Occasional;2022-07-12
206143;Kobieta;25;1016;Occasional;2021-08-31
206144;Kobieta;37;1006;VIP;2024-05-08
206145;Mężczyzna;25;1010;Regular;2024-05-26
206146;Kobieta;24;1016;Occasional;2022-03-18
206147;Kobieta;48;1015;Regular;2024-06-17
206148;Kobieta;30;1008;Occasional;2023-05-12
206149;Kobieta;30;1007;Regular;2022-03-25
206150;Kobieta;39;1006;New;2024-10-22
206151;Kobieta;37;1018;Occasional;2023-07-28
206152;Kobieta;32;1012;Regular;2025-03-06
206153;Mężczyzna;33;1015;New;2023-03-25
206154;Kobieta;24;1017;Regular;2024-11-30
206155;Mężczyzna;57;1011;Occasional;2022-04-04
206156;Kobieta;21;1006;Regular;2024-07-03
206157;Kobieta;32;1001;Occasional;2022-10-12
206158;Kobieta;38;1005;Regular;2023-01-13
206159;Mężczyzna;28;1008;Regular;2021-10-09
206160;Kobieta;39;1014;VIP;2024-04-06
206161;Mężczyzna;16;1006;Regular;2026-01-26
206162;Kobieta;29;1009;VIP;2025-07-22
206163;Kobieta;47;1007;Occasional;2025-04-17
206164;Kobieta;20;1017;VIP;2022-07-30
206165;Kobieta;18;1014;Occasional;2023-09-26
206166;Kobieta;74;1016;Regular;2022-12-31
206167;Kobieta;59;1005;Occasional;2022-06-17
206168;Kobieta;58;1018;New;2024-08-15
206169;Kobieta;20;1002;Regular;2023-07-24
206170;Kobieta;25;1013;Regular;2026-05-15
206171;Mężczyzna;27;1006;Regular;2022-09-29
206172;Kobieta;40;1011;Regular;2022-11-08
206173;Kobieta;55;1001;Occasional;2024-08-23
206174;Kobieta;25;1015;Occasional;2025-09-15
206175;Kobieta;51;1017;Regular;2022-08-17
206176;Kobieta;28;1012;Regular;2024-09-03
206177;Kobieta;39;1007;Regular;2021-01-01
206178;Kobieta;55;1001;Regular;2022-12-13
206179;Kobieta;21;1005;Regular;2026-03-06
206180;Mężczyzna;42;1004;VIP;2023-01-02
206181;Kobieta;34;1018;Occasional;2023-02-25
206182;Kobieta;57;1006;Regular;2022-08-05
206183;Kobieta;35;1012;Occasional;2022-04-09
206184;Kobieta;70;1015;VIP;2021-08-02
206185;Kobieta;51;1003;Regular;2024-10-23
206186;Kobieta;26;1001;Occasional;2024-09-14
206187;Kobieta;47;1008;Occasional;2021-07-31
206188;Kobieta;67;1017;Regular;2024-03-05
206189;Mężczyzna;39;1006;Occasional;2026-05-13
206190;Mężczyzna;44;1013;New;2023-03-25
206191;Kobieta;34;1001;New;2024-07-02
206192;Kobieta;31;1013;Occasional;2026-02-19
206193;Kobieta;32;1002;Occasional;2023-04-01
206194;Mężczyzna;35;1007;Occasional;2025-09-08
206195;Kobieta;37;1011;VIP;2024-04-04
206196;Kobieta;40;1007;Regular;2025-11-26
206197;Kobieta;36;1010;VIP;2025-09-03
206198;Kobieta;48;1014;Regular;2025-08-27
206199;Mężczyzna;19;1007;Regular;2026-03-16
206200;Kobieta;27;1018;Regular;2022-05-16
206201;Kobieta;30;1016;Regular;2021-05-23
206202;Kobieta;36;1002;New;2024-12-23
206203;Kobieta;33;1018;Regular;2026-01-16
206204;Kobieta;49;1007;Regular;2023-03-29
206205;Kobieta;46;1013;Occasional;2021-09-11
206206;Kobieta;31;1004;Regular;2023-12-18
206207;Kobieta;36;1011;Occasional;2026-02-09
206208;Mężczyzna;16;1010;New;2022-08-22
206209;Mężczyzna;24;1004;Occasional;2024-02-04
206210;Mężczyzna;56;1013;Occasional;2024-02-08
206211;Kobieta;42;1009;Occasional;2023-01-27
206212;Mężczyzna;22;1004;Regular;2021-10-30
206213;Kobieta;32;1013;Regular;2021-11-13
206214;Kobieta;35;1002;Occasional;2023-06-05
206215;Kobieta;16;1009;Occasional;2021-06-24
206216;Kobieta;56;1007;Regular;2021-10-27
206217;Kobieta;39;1015;Occasional;2025-04-02
206218;Kobieta;34;1003;Regular;2021-04-13
206219;Kobieta;38;1015;Occasional;2026-04-19
206220;Kobieta;23;1018;Regular;2025-01-09
206221;Mężczyzna;20;1012;Regular;2021-01-17
206222;Kobieta;30;1013;Occasional;2024-07-18
206223;Kobieta;26;1005;New;2022-08-10
206224;Mężczyzna;69;1011;VIP;2023-01-08
206225;Kobieta;35;1004;Regular;2024-09-18
206226;Kobieta;39;1001;New;2022-01-22
206227;Kobieta;19;1017;Occasional;2026-05-27
206228;Kobieta;16;1012;Occasional;2024-08-21
206229;Kobieta;44;1018;Regular;2021-02-01
206230;Mężczyzna;36;1004;Occasional;2023-02-19
206231;Kobieta;48;1011;Regular;2025-06-18
206232;Kobieta;42;1001;Occasional;2026-03-03
206233;Kobieta;18;1016;Regular;2025-01-12
206234;Kobieta;22;1011;New;2024-01-01
206235;Kobieta;41;1002;Occasional;2021-03-02
206236;Kobieta;38;1002;Regular;2021-09-04
206237;Kobieta;16;1014;Regular;2022-04-11
206238;Kobieta;31;1016;Occasional;2025-11-17
206239;Mężczyzna;32;1005;Regular;2022-05-16
206240;Kobieta;37;1003;Regular;2024-07-19
206241;Kobieta;29;1001;VIP;2022-11-24
206242;Mężczyzna;16;1010;Regular;2024-09-14
206243;Kobieta;18;1009;VIP;2022-12-14
206244;Kobieta;34;1012;Occasional;2023-04-04
206245;Kobieta;59;1015;Regular;2023-06-03
206246;Kobieta;43;1005;Occasional;2025-09-13
206247;Kobieta;40;1011;Regular;2023-10-16
206248;Kobieta;34;1009;Regular;2025-05-18
206249;Kobieta;31;1004;Regular;2025-06-23
206250;Mężczyzna;38;1013;Occasional;2025-01-23
206251;Kobieta;24;1010;Occasional;2021-05-15
206252;Kobieta;24;1004;VIP;2022-03-09
206253;Kobieta;28;1005;Occasional;2024-01-28
206254;Kobieta;28;1005;Regular;2023-04-08
206255;Kobieta;16;1014;New;2025-09-28
206256;Kobieta;51;1018;Regular;2021-03-27
206257;Kobieta;28;1007;Occasional;2024-02-16
206258;Kobieta;46;1012;New;2024-08-08
206259;Kobieta;21;1014;VIP;2023-12-29
206260;Kobieta;38;1009;Regular;2021-04-27
206261;Kobieta;35;1010;Occasional;2024-10-13
206262;Kobieta;29;1003;Occasional;2021-09-25
206263;Kobieta;42;1017;Regular;2021-08-16
206264;Kobieta;24;1010;Occasional;2024-11-20
206265;Kobieta;19;1004;Occasional;2023-08-29
206266;Kobieta;18;1009;Regular;2026-01-11
206267;Kobieta;16;1004;VIP;2025-11-21
206268;Kobieta;16;1003;VIP;2025-05-15
206269;Kobieta;16;1002;Regular;2021-05-15
206270;Kobieta;17;1012;Occasional;2025-04-05
206271;Kobieta;31;1009;Regular;2025-04-18
206272;Kobieta;46;1013;Occasional;2021-12-11
206273;Kobieta;35;1018;Regular;2024-01-09
206274;Kobieta;64;1009;Occasional;2023-07-29
206275;Kobieta;18;1017;Regular;2023-12-10
206276;Kobieta;33;1004;Occasional;2022-01-30
206277;Kobieta;21;1011;Occasional;2025-06-10
206278;Kobieta;24;1004;Regular;2023-08-29
206279;Kobieta;25;1001;Occasional;2023-09-27
206280;Kobieta;49;1005;Regular;2021-07-11
206281;Kobieta;27;1012;New;2025-06-04
206282;Kobieta;16;1015;VIP;2024-11-15
206283;Kobieta;27;1018;New;2025-12-09
206284;Kobieta;36;1011;Regular;2023-11-28
206285;Mężczyzna;33;1011;New;2023-04-10
206286;Mężczyzna;58;1016;Regular;2021-05-27
206287;Kobieta;22;1015;VIP;2021-12-17
206288;Kobieta;35;1012;Occasional;2024-08-24
206289;Kobieta;41;1015;New;2024-06-30
206290;Kobieta;44;1014;Regular;2024-10-20
206291;Mężczyzna;35;1004;VIP;2024-04-09
206292;Kobieta;38;1001;Regular;2021-07-11
206293;Kobieta;23;1014;Regular;2022-12-14
206294;Kobieta;23;1017;Regular;2021-07-03
206295;Kobieta;59;1013;Regular;2023-05-01
206296;Kobieta;27;1004;Regular;2024-01-27
206297;Kobieta;34;1018;VIP;2021-03-30
206298;Kobieta;42;1004;Regular;2021-03-23
206299;Kobieta;37;1005;Occasional;2024-01-05
206300;Kobieta;38;1010;Occasional;2025-03-30
206301;Kobieta;34;1018;Occasional;2026-01-13
206302;Kobieta;56;1002;Occasional;2025-01-09
206303;Kobieta;20;1018;VIP;2026-02-19
206304;Kobieta;35;1013;Occasional;2024-05-14
206305;Kobieta;35;1001;Occasional;2021-12-09
206306;Kobieta;20;1008;Regular;2022-06-12
206307;Kobieta;29;1007;New;2023-01-13
206308;Mężczyzna;30;1008;VIP;2024-09-21
206309;Kobieta;40;1015;Occasional;2024-03-18
206310;Kobieta;39;1007;Regular;2022-03-12
206311;Kobieta;44;1004;Regular;2022-10-04
206312;Kobieta;38;1018;Regular;2026-05-29
206313;Kobieta;38;1018;Occasional;2025-12-15
206314;Kobieta;47;1001;Occasional;2022-04-29
206315;Mężczyzna;16;1015;Regular;2022-08-15
206316;Kobieta;39;1015;Occasional;2025-10-23
206317;Kobieta;16;1012;Regular;2024-02-01
206318;Kobieta;42;1010;Regular;2023-06-23
206319;Kobieta;26;1008;Regular;2024-01-12
206320;Kobieta;39;1007;Occasional;2021-07-22
206321;Kobieta;20;1005;Occasional;2023-08-19
206322;Kobieta;51;1013;New;2021-04-20
206323;Mężczyzna;30;1010;Occasional;2023-04-04
206324;Kobieta;37;1018;Regular;2023-08-10
206325;Kobieta;35;1006;VIP;2023-05-22
206326;Kobieta;24;1013;Regular;2022-09-03
206327;Kobieta;44;1009;Occasional;2023-07-06
206328;Kobieta;17;1010;Occasional;2022-08-30
206329;Kobieta;26;1008;Occasional;2023-05-27
206330;Kobieta;38;1009;VIP;2021-04-09
206331;Kobieta;29;1017;Regular;2024-06-06
206332;Kobieta;16;1012;Occasional;2023-05-07
206333;Kobieta;32;1009;Regular;2023-01-28
206334;Kobieta;22;1010;Regular;2024-02-20
206335;Kobieta;70;1018;Occasional;2025-07-30
206336;Kobieta;16;1014;Regular;2024-09-10
206337;Kobieta;42;1015;Occasional;2025-10-07
206338;Kobieta;30;1013;VIP;2023-06-12
206339;Kobieta;26;1012;Occasional;2025-08-15
206340;Kobieta;56;1011;Occasional;2025-10-22
206341;Mężczyzna;55;1011;Occasional;2024-06-07
206342;Kobieta;38;1014;Regular;2025-09-01
206343;Mężczyzna;56;1011;New;2025-09-21
206344;Kobieta;27;1004;Regular;2023-03-11
206345;Kobieta;50;1014;Regular;2024-09-23
206346;Kobieta;16;1007;Occasional;2021-11-25
206347;Kobieta;37;1014;VIP;2025-07-06
206348;Kobieta;29;1007;Regular;2023-10-25
206349;Kobieta;42;1006;Occasional;2021-05-06
206350;Kobieta;42;1010;Occasional;2026-03-08
206351;Kobieta;44;1016;Regular;2022-04-26
206352;Kobieta;39;1002;Regular;2024-09-15
206353;Kobieta;40;1001;Regular;2022-12-26
206354;Kobieta;42;1015;Regular;2024-01-29
206355;Kobieta;33;1016;Occasional;2021-04-19
206356;Mężczyzna;32;1015;VIP;2025-05-14
206357;Kobieta;16;1016;Occasional;2026-05-02
206358;Mężczyzna;34;1006;Regular;2025-05-28
206359;Mężczyzna;40;1011;New;2023-01-03
206360;Mężczyzna;29;1007;Regular;2026-04-13
206361;Kobieta;33;1008;Occasional;2026-02-07
206362;Mężczyzna;32;1004;Occasional;2025-12-31
206363;Kobieta;29;1016;Regular;2025-03-09
206364;Kobieta;33;1009;Occasional;2023-09-15
206365;Kobieta;19;1003;Occasional;2026-03-29
206366;Kobieta;29;1006;Regular;2021-01-09
206367;Kobieta;41;1001;Regular;2023-07-29
206368;Kobieta;36;1008;Occasional;2022-11-18
206369;Kobieta;42;1001;Occasional;2024-08-26
206370;Kobieta;37;1015;VIP;2021-02-08
206371;Kobieta;56;1001;Regular;2023-01-28
206372;Mężczyzna;30;1006;New;2024-12-25
206373;Kobieta;44;1014;Regular;2022-06-05
206374;Kobieta;31;1014;Regular;2023-09-26
206375;Kobieta;19;1007;VIP;2022-11-24
206376;Kobieta;17;1009;Occasional;2025-02-05
206377;Kobieta;37;1014;Occasional;2024-12-12
206378;Kobieta;25;1014;Occasional;2023-03-31
206379;Kobieta;39;1018;VIP;2022-11-11
206380;Mężczyzna;56;1017;Regular;2023-10-15
206381;Kobieta;16;1004;VIP;2023-06-02
206382;Kobieta;34;1010;New;2022-03-15
206383;Kobieta;30;1017;Regular;2021-11-10
206384;Kobieta;17;1014;VIP;2025-05-19
206385;Kobieta;30;1002;New;2023-10-22
206386;Mężczyzna;27;1005;Regular;2025-03-13
206387;Kobieta;23;1003;Regular;2025-05-18
206388;Kobieta;36;1015;Regular;2023-12-03
206389;Kobieta;25;1010;Regular;2023-09-08
206390;Kobieta;16;1014;Occasional;2025-04-02
206391;Kobieta;32;1016;Regular;2022-04-12
206392;Kobieta;22;1002;New;2026-01-12
206393;Kobieta;39;1005;VIP;2022-10-29
206394;Kobieta;16;1013;VIP;2023-08-13
206395;Kobieta;36;1017;Regular;2024-11-23
206396;Kobieta;31;1013;Regular;2022-02-01
206397;Kobieta;33;1011;Occasional;2021-05-16
206398;Kobieta;16;1011;Regular;2024-04-19
206399;Kobieta;42;1006;Regular;2024-11-18
206400;Kobieta;30;1010;Occasional;2024-03-12
206401;Mężczyzna;54;1014;Regular;2024-12-06
206402;Kobieta;31;1006;Occasional;2026-03-03
206403;Kobieta;51;1002;Regular;2024-02-24
206404;Kobieta;28;1010;Occasional;2026-03-23
206405;Kobieta;60;1014;Regular;2023-08-16
206406;Kobieta;16;1014;Occasional;2026-05-14
206407;Kobieta;48;1004;New;2022-04-24
206408;Kobieta;16;1013;Occasional;2021-12-27
206409;Kobieta;41;1008;Regular;2025-01-17
206410;Mężczyzna;49;1009;Regular;2023-07-20
206411;Kobieta;21;1012;Occasional;2022-04-24
206412;Kobieta;38;1003;Regular;2022-02-04
206413;Kobieta;45;1018;Occasional;2023-12-25
206414;Kobieta;50;1013;New;2022-11-22
206415;Kobieta;37;1012;Regular;2024-07-09
206416;Kobieta;40;1014;Occasional;2026-01-27
206417;Mężczyzna;27;1004;Regular;2025-11-28
206418;Mężczyzna;38;1013;Regular;2021-01-29
206419;Mężczyzna;47;1004;VIP;2025-10-03
206420;Kobieta;24;1010;Regular;2023-06-20
206421;Kobieta;39;1005;Occasional;2021-05-31
206422;Kobieta;28;1011;Regular;2024-08-28
206423;Mężczyzna;44;1011;Regular;2021-04-08
206424;Kobieta;40;1009;Regular;2023-09-12
206425;Mężczyzna;40;1017;Regular;2022-09-11
206426;Kobieta;49;1015;Regular;2025-09-05
206427;Kobieta;42;1002;Regular;2023-01-29
206428;Kobieta;37;1013;Regular;2023-07-31
206429;Kobieta;24;1010;Occasional;2026-04-14
206430;Kobieta;23;1016;Regular;2024-01-27
206431;Kobieta;35;1008;New;2025-12-23
206432;Kobieta;38;1015;Regular;2022-07-05
206433;Mężczyzna;38;1010;Occasional;2025-11-27
206434;Kobieta;53;1011;Regular;2021-06-26
206435;Kobieta;28;1003;Regular;2023-10-23
206436;Kobieta;42;1012;Regular;2026-05-07
206437;Kobieta;53;1010;Occasional;2024-08-10
206438;Kobieta;35;1003;Regular;2024-05-23
206439;Kobieta;40;1012;Regular;2022-02-14
206440;Kobieta;19;1008;Regular;2021-07-14
206441;Kobieta;28;1001;Regular;2025-01-25
206442;Kobieta;23;1005;Regular;2022-09-13
206443;Kobieta;31;1008;Occasional;2021-12-19
206444;Kobieta;38;1003;Occasional;2022-10-28
206445;Kobieta;39;1003;Regular;2025-11-29
206446;Kobieta;40;1017;New;2023-03-17
206447;Kobieta;39;1018;Regular;2021-11-17
206448;Mężczyzna;46;1014;Regular;2022-08-15
206449;Kobieta;37;1018;VIP;2022-11-07
206450;Mężczyzna;35;1002;VIP;2025-02-11
206451;Kobieta;46;1017;Occasional;2024-02-26
206452;Kobieta;29;1014;New;2024-05-26
206453;Kobieta;31;1012;Occasional;2022-10-16
206454;Mężczyzna;30;1002;Regular;2025-11-13
206455;Kobieta;30;1008;Regular;2022-02-01
206456;Kobieta;42;1014;Regular;2022-05-11
206457;Kobieta;32;1012;Occasional;2025-03-16
206458;Kobieta;57;1002;Regular;2022-04-27
206459;Kobieta;39;1005;New;2024-05-30
206460;Mężczyzna;21;1004;Regular;2025-08-15
206461;Kobieta;25;1008;Regular;2021-03-03
206462;Kobieta;44;1010;Occasional;2021-10-30
206463;Kobieta;63;1007;Occasional;2025-03-31
206464;Mężczyzna;33;1004;New;2024-04-28
206465;Kobieta;41;1006;VIP;2021-02-09
206466;Kobieta;55;1017;Regular;2023-12-27
206467;Kobieta;40;1007;Occasional;2025-04-13
206468;Kobieta;24;1009;Occasional;2024-03-11
206469;Kobieta;36;1016;Regular;2022-06-06
206470;Kobieta;43;1003;Occasional;2025-02-22
206471;Kobieta;37;1015;Regular;2022-08-18
206472;Kobieta;42;1009;Regular;2023-04-10
206473;Kobieta;47;1016;New;2023-05-20
206474;Kobieta;17;1005;Occasional;2021-07-05
206475;Kobieta;32;1003;Occasional;2021-10-14
206476;Kobieta;47;1013;Regular;2024-05-03
206477;Kobieta;37;1015;Occasional;2024-04-20
206478;Kobieta;55;1010;Regular;2024-04-29
206479;Kobieta;54;1011;Regular;2025-03-04
206480;Kobieta;41;1003;Regular;2021-10-16
206481;Kobieta;25;1010;Regular;2021-03-09
206482;Kobieta;62;1015;Regular;2024-08-10
206483;Kobieta;38;1017;New;2023-10-07
206484;Kobieta;41;1004;Occasional;2023-03-22
206485;Kobieta;33;1002;Regular;2025-07-17
206486;Kobieta;31;1004;Occasional;2021-06-12
206487;Kobieta;35;1013;Regular;2025-05-16
206488;Kobieta;29;1006;VIP;2022-07-03
206489;Kobieta;57;1015;Occasional;2025-11-13
206490;Kobieta;16;1003;Regular;2023-05-29
206491;Kobieta;16;1016;New;2021-04-27
206492;Mężczyzna;30;1008;Regular;2022-12-30
206493;Kobieta;16;1011;Regular;2024-10-04
206494;Kobieta;20;1015;Occasional;2025-11-10
206495;Kobieta;38;1014;Occasional;2024-05-22
206496;Kobieta;30;1007;New;2022-12-22
206497;Kobieta;40;1006;Regular;2026-03-22
206498;Kobieta;22;1003;Occasional;2021-06-13
206499;Kobieta;33;1017;Occasional;2023-02-09
206500;Kobieta;42;1009;Regular;2022-01-24
206501;Kobieta;27;1007;New;2026-04-21
206502;Kobieta;23;1006;Occasional;2025-05-11
206503;Kobieta;49;1010;Regular;2024-04-21
206504;Kobieta;41;1002;Occasional;2023-11-03
206505;Mężczyzna;38;1012;Regular;2025-09-03
206506;Kobieta;51;1006;Regular;2022-04-11
206507;Mężczyzna;38;1015;Regular;2025-12-24
206508;Kobieta;47;1015;VIP;2021-02-19
206509;Kobieta;40;1012;Regular;2025-02-09
206510;Kobieta;28;1012;Occasional;2025-12-15
206511;Kobieta;21;1014;New;2023-08-30
206512;Mężczyzna;39;1003;Regular;2024-03-23
206513;Mężczyzna;42;1006;New;2025-07-24
206514;Kobieta;22;1016;Occasional;2026-02-01
206515;Kobieta;16;1005;Occasional;2022-01-19
206516;Kobieta;32;1010;Occasional;2021-02-24
206517;Kobieta;35;1017;Regular;2026-03-26
206518;Kobieta;35;1001;Occasional;2024-06-27
206519;Kobieta;28;1008;Occasional;2023-06-22
206520;Kobieta;39;1018;New;2026-03-05
206521;Kobieta;47;1001;Occasional;2023-01-15
206522;Mężczyzna;35;1017;Occasional;2025-11-22
206523;Kobieta;30;1013;Regular;2022-03-02
206524;Kobieta;23;1002;Regular;2024-06-01
206525;Kobieta;35;1018;Regular;2025-08-23
206526;Kobieta;26;1013;VIP;2021-02-25
206527;Kobieta;47;1012;VIP;2023-01-28
206528;Kobieta;36;1018;VIP;2021-01-04
206529;Kobieta;37;1016;Regular;2022-12-19
206530;Kobieta;43;1014;Regular;2026-03-20
206531;Kobieta;30;1012;Occasional;2022-08-06
206532;Mężczyzna;58;1013;Occasional;2021-07-28
206533;Mężczyzna;52;1012;New;2024-01-02
206534;Kobieta;39;1016;Regular;2022-06-21
206535;Mężczyzna;50;1015;VIP;2021-01-09
206536;Kobieta;34;1015;Occasional;2023-10-28
206537;Kobieta;43;1007;Occasional;2024-08-04
206538;Kobieta;29;1007;New;2025-05-15
206539;Kobieta;56;1007;VIP;2023-01-11
206540;Kobieta;20;1004;Regular;2025-02-23
206541;Kobieta;41;1001;Regular;2026-01-25
206542;Kobieta;41;1016;Regular;2021-09-05
206543;Kobieta;39;1010;Regular;2023-11-26
206544;Kobieta;29;1016;Regular;2021-11-22
206545;Kobieta;51;1016;Regular;2022-04-23
206546;Kobieta;47;1009;New;2024-03-12
206547;Kobieta;34;1017;Occasional;2021-05-25
206548;Kobieta;25;1011;Regular;2022-05-09
206549;Kobieta;37;1012;Regular;2021-03-28
206550;Kobieta;74;1011;Regular;2026-01-24
206551;Kobieta;20;1005;Occasional;2025-09-09
206552;Kobieta;50;1007;Occasional;2021-08-23
206553;Mężczyzna;38;1009;New;2024-05-18
206554;Kobieta;45;1008;Occasional;2023-11-13
206555;Kobieta;33;1017;Regular;2024-06-02
206556;Kobieta;27;1017;Regular;2021-10-29
206557;Mężczyzna;22;1007;Regular;2021-11-18
206558;Kobieta;26;1004;New;2024-01-02
206559;Kobieta;36;1011;VIP;2021-02-21
206560;Kobieta;34;1002;Regular;2023-11-14
206561;Kobieta;27;1002;New;2021-03-28
206562;Mężczyzna;28;1013;Occasional;2026-03-27
206563;Kobieta;27;1003;Regular;2024-07-26
206564;Kobieta;29;1006;Regular;2022-10-09
206565;Kobieta;16;1016;New;2022-05-19
206566;Kobieta;35;1011;Occasional;2026-04-20
206567;Kobieta;20;1008;Regular;2024-09-10
206568;Mężczyzna;33;1008;Occasional;2023-06-12
206569;Kobieta;46;1004;Occasional;2021-02-02
206570;Mężczyzna;41;1011;Regular;2023-02-06
206571;Kobieta;46;1004;New;2022-05-16
206572;Kobieta;26;1012;New;2025-09-23
206573;Mężczyzna;30;1006;Regular;2022-09-01
206574;Kobieta;38;1016;VIP;2022-10-22
206575;Kobieta;40;1002;Occasional;2025-04-13
206576;Mężczyzna;20;1014;Occasional;2023-05-14
206577;Kobieta;38;1001;Occasional;2021-07-22
206578;Kobieta;41;1004;New;2021-01-13
206579;Kobieta;38;1017;Occasional;2025-09-03
206580;Kobieta;47;1014;Regular;2024-08-27
206581;Kobieta;33;1016;Regular;2022-03-23
206582;Kobieta;40;1004;Regular;2025-05-13
206583;Kobieta;50;1014;Regular;2025-02-06
206584;Kobieta;29;1014;Regular;2024-10-03
206585;Mężczyzna;63;1014;Regular;2021-10-24
206586;Kobieta;31;1017;Occasional;2021-11-03
206587;Kobieta;42;1013;VIP;2025-12-11
206588;Kobieta;40;1016;Regular;2025-04-11
206589;Kobieta;33;1016;Regular;2023-08-24
206590;Kobieta;44;1007;Regular;2023-04-19
206591;Mężczyzna;32;1006;Occasional;2025-06-27
206592;Kobieta;19;1004;VIP;2025-08-13
206593;Kobieta;40;1004;Occasional;2025-06-06
206594;Kobieta;50;1004;Occasional;2026-03-08
206595;Kobieta;31;1008;Regular;2024-02-06
206596;Kobieta;42;1004;Regular;2022-11-15
206597;Kobieta;16;1017;Regular;2024-06-17
206598;Kobieta;26;1001;New;2021-12-21
206599;Mężczyzna;50;1011;Regular;2025-12-08
206600;Kobieta;39;1003;Regular;2023-08-19
206601;Kobieta;38;1018;Regular;2025-01-26
206602;Kobieta;16;1011;Regular;2023-04-21
206603;Kobieta;46;1013;Regular;2022-08-15
206604;Kobieta;16;1010;Regular;2023-10-08
206605;Mężczyzna;18;1003;Regular;2026-01-30
206606;Mężczyzna;17;1009;Regular;2024-12-29
206607;Kobieta;33;1006;Occasional;2026-04-16
206608;Kobieta;33;1009;Regular;2024-12-10
206609;Kobieta;37;1009;Regular;2025-05-26
206610;Kobieta;29;1015;Regular;2022-12-02
206611;Kobieta;50;1007;Regular;2025-08-10
206612;Kobieta;40;1008;New;2024-08-19
206613;Mężczyzna;18;1005;Regular;2021-06-21
206614;Kobieta;25;1014;Regular;2023-05-09
206615;Kobieta;55;1004;Regular;2025-10-22
206616;Kobieta;17;1009;Regular;2026-01-23
206617;Kobieta;17;1012;Occasional;2023-06-15
206618;Mężczyzna;41;1006;Regular;2025-08-13
206619;Kobieta;16;1015;Regular;2021-09-15
206620;Kobieta;34;1004;Occasional;2023-11-02
206621;Kobieta;37;1012;Regular;2022-03-06
206622;Kobieta;27;1016;Occasional;2026-01-19
206623;Kobieta;44;1004;New;2023-05-09
206624;Kobieta;16;1002;Regular;2023-03-18
206625;Kobieta;32;1013;Occasional;2023-10-02
206626;Kobieta;36;1007;VIP;2022-11-18
206627;Kobieta;37;1004;Occasional;2025-01-17
206628;Mężczyzna;39;1005;Regular;2022-01-26
206629;Kobieta;43;1005;Occasional;2023-07-12
206630;Kobieta;44;1005;New;2022-09-07
206631;Kobieta;28;1009;New;2025-10-08
206632;Kobieta;28;1016;Regular;2023-04-19
206633;Mężczyzna;35;1016;Occasional;2024-10-19
206634;Kobieta;35;1009;Regular;2025-06-09
206635;Mężczyzna;48;1005;VIP;2023-06-17
206636;Kobieta;23;1018;Occasional;2021-02-12
206637;Kobieta;32;1003;Regular;2025-03-05
206638;Kobieta;31;1012;VIP;2025-10-03
206639;Kobieta;35;1014;Occasional;2025-06-24
206640;Kobieta;53;1014;Regular;2023-06-18
206641;Mężczyzna;22;1014;New;2024-09-16
206642;Kobieta;39;1013;New;2024-01-19
206643;Kobieta;45;1009;Regular;2021-05-21
206644;Kobieta;45;1012;Occasional;2024-11-23
206645;Kobieta;35;1011;Regular;2023-03-29
206646;Kobieta;26;1003;Regular;2022-02-24
206647;Kobieta;16;1005;Regular;2024-04-01
206648;Kobieta;35;1004;Regular;2022-02-17
206649;Kobieta;39;1004;Regular;2022-04-26
206650;Kobieta;23;1011;Regular;2024-08-19
206651;Kobieta;38;1001;Regular;2026-03-01
206652;Kobieta;40;1011;Regular;2024-09-20
206653;Kobieta;36;1009;New;2024-01-16
206654;Kobieta;27;1008;Regular;2024-11-05
206655;Kobieta;50;1006;VIP;2024-11-30
206656;Kobieta;16;1013;Regular;2024-03-10
206657;Kobieta;44;1007;VIP;2023-06-11
206658;Kobieta;34;1018;VIP;2026-02-08
206659;Kobieta;23;1018;Regular;2021-08-13
206660;Kobieta;38;1012;Occasional;2022-04-22
206661;Kobieta;20;1014;New;2024-06-03
206662;Mężczyzna;34;1010;New;2022-12-17
206663;Kobieta;16;1014;Regular;2022-06-20
206664;Kobieta;45;1014;Occasional;2022-02-08
206665;Kobieta;16;1008;Regular;2024-10-30
206666;Kobieta;22;1015;Occasional;2023-09-20
206667;Kobieta;39;1018;Regular;2021-11-30
206668;Kobieta;32;1005;Regular;2025-07-13
206669;Kobieta;38;1011;Regular;2022-10-01
206670;Kobieta;27;1007;New;2025-10-07
206671;Kobieta;16;1005;Occasional;2026-04-02
206672;Kobieta;37;1017;Regular;2022-12-31
206673;Kobieta;47;1011;Regular;2026-04-11
206674;Kobieta;40;1012;Regular;2022-02-24
206675;Kobieta;40;1001;Regular;2026-02-27
206676;Kobieta;42;1009;Regular;2026-04-13
206677;Mężczyzna;26;1001;Regular;2023-09-28
206678;Kobieta;28;1002;Regular;2025-12-02
206679;Kobieta;63;1007;Regular;2025-03-11
206680;Kobieta;35;1003;VIP;2025-06-25
206681;Kobieta;27;1003;Occasional;2024-09-16
206682;Kobieta;43;1012;Regular;2023-02-16
206683;Kobieta;41;1002;Regular;2025-05-02
206684;Kobieta;42;1017;Occasional;2025-04-04
206685;Kobieta;48;1004;VIP;2024-08-18
206686;Mężczyzna;24;1017;Regular;2023-07-11
206687;Kobieta;24;1011;Occasional;2021-01-31
206688;Kobieta;41;1013;Occasional;2021-08-18
206689;Mężczyzna;28;1015;New;2025-06-25
206690;Kobieta;28;1001;Regular;2022-09-15
206691;Kobieta;39;1014;Regular;2025-12-19
206692;Kobieta;18;1014;Regular;2021-09-07
206693;Kobieta;24;1011;VIP;2021-01-29
206694;Kobieta;16;1005;Regular;2022-05-10
206695;Kobieta;32;1017;Regular;2024-08-26
206696;Mężczyzna;31;1014;Occasional;2024-12-22
206697;Kobieta;34;1011;VIP;2025-05-12
206698;Kobieta;39;1001;Regular;2021-06-26
206699;Kobieta;38;1017;Occasional;2022-10-20
206700;Mężczyzna;32;1008;Regular;2021-12-07
206701;Kobieta;26;1001;Regular;2025-02-04
206702;Kobieta;47;1011;Occasional;2022-05-18
206703;Kobieta;45;1004;Regular;2021-05-29
206704;Mężczyzna;27;1006;Regular;2021-05-18
206705;Mężczyzna;49;1012;Regular;2026-04-06
206706;Mężczyzna;16;1015;Occasional;2022-08-04
206707;Kobieta;19;1005;Regular;2021-05-23
206708;Mężczyzna;19;1016;Regular;2025-12-10
206709;Kobieta;30;1016;Occasional;2022-04-28
206710;Kobieta;49;1016;Regular;2026-03-09
206711;Kobieta;27;1016;Occasional;2022-08-25
206712;Kobieta;16;1007;VIP;2022-10-29
206713;Mężczyzna;35;1012;New;2023-09-16
206714;Kobieta;32;1007;Regular;2023-05-28
206715;Kobieta;21;1011;Occasional;2025-10-28
206716;Kobieta;22;1009;Regular;2021-08-31
206717;Kobieta;37;1002;Occasional;2024-07-23
206718;Kobieta;40;1018;Regular;2024-06-21
206719;Mężczyzna;29;1018;Regular;2022-10-27
206720;Kobieta;47;1007;VIP;2022-02-15
206721;Kobieta;33;1005;Regular;2022-02-14
206722;Kobieta;55;1004;Occasional;2025-11-13
206723;Kobieta;21;1006;Regular;2024-06-28
206724;Kobieta;24;1009;Regular;2021-11-09
206725;Kobieta;35;1003;Occasional;2024-04-22
206726;Kobieta;29;1006;Regular;2023-03-26
206727;Kobieta;34;1003;Occasional;2023-03-27
206728;Kobieta;39;1014;Regular;2023-11-18
206729;Mężczyzna;32;1013;Occasional;2022-05-14
206730;Kobieta;36;1002;Occasional;2023-05-13
206731;Kobieta;53;1015;New;2021-02-02
206732;Mężczyzna;16;1009;Occasional;2024-12-24
206733;Kobieta;45;1010;Regular;2023-04-02
206734;Mężczyzna;31;1012;Occasional;2025-05-31
206735;Kobieta;50;1008;Occasional;2021-11-01
206736;Kobieta;34;1011;Regular;2024-03-16
206737;Kobieta;35;1007;Regular;2025-12-03
206738;Kobieta;50;1005;Regular;2021-08-11
206739;Kobieta;48;1014;Regular;2021-07-04
206740;Kobieta;59;1001;Occasional;2025-11-04
206741;Kobieta;36;1011;New;2023-11-13
206742;Kobieta;49;1017;New;2024-07-08
206743;Kobieta;50;1004;Occasional;2024-10-24
206744;Kobieta;50;1003;VIP;2025-01-18
206745;Kobieta;34;1018;Occasional;2026-01-08
206746;Mężczyzna;37;1017;Occasional;2023-02-26
206747;Kobieta;45;1010;Regular;2022-07-26
206748;Kobieta;36;1003;VIP;2025-05-13
206749;Kobieta;27;1015;Regular;2026-04-06
206750;Kobieta;31;1013;Occasional;2022-12-30
206751;Mężczyzna;38;1012;Regular;2023-11-19
206752;Kobieta;29;1015;Occasional;2022-02-26
206753;Kobieta;31;1007;Occasional;2025-12-25
206754;Kobieta;52;1008;Regular;2022-06-29
206755;Kobieta;21;1015;Regular;2026-05-16
206756;Kobieta;43;1009;Occasional;2021-04-06
206757;Kobieta;41;1007;Regular;2023-12-22
206758;Mężczyzna;21;1011;Occasional;2025-07-27
206759;Kobieta;46;1012;Regular;2024-10-17
206760;Mężczyzna;23;1010;Occasional;2024-06-11
206761;Kobieta;46;1009;Regular;2025-01-03
206762;Kobieta;27;1015;Occasional;2026-04-18
206763;Kobieta;36;1013;Regular;2021-08-01
206764;Kobieta;41;1018;Regular;2024-08-13
206765;Kobieta;35;1013;New;2021-10-01
206766;Mężczyzna;33;1004;New;2023-05-11
206767;Mężczyzna;33;1001;New;2023-03-25
206768;Kobieta;59;1013;Regular;2021-03-01
206769;Mężczyzna;35;1001;VIP;2025-05-19
206770;Kobieta;49;1007;New;2024-05-09
206771;Kobieta;42;1017;VIP;2021-03-30
206772;Kobieta;30;1012;Regular;2025-07-23
206773;Mężczyzna;35;1013;Occasional;2023-08-20
206774;Kobieta;34;1009;VIP;2024-04-22
206775;Mężczyzna;35;1008;Regular;2021-01-12
206776;Kobieta;34;1018;Regular;2023-10-03
206777;Mężczyzna;44;1005;Occasional;2021-11-02
206778;Mężczyzna;32;1005;Occasional;2021-09-29
206779;Kobieta;36;1006;Occasional;2023-03-20
206780;Kobieta;17;1014;Regular;2024-01-10
206781;Kobieta;43;1002;Regular;2021-10-20
206782;Kobieta;37;1002;Occasional;2024-01-08
206783;Kobieta;28;1018;Regular;2023-05-22
206784;Mężczyzna;30;1003;New;2024-12-17
206785;Kobieta;68;1011;VIP;2023-10-06
206786;Kobieta;38;1009;Regular;2021-10-04
206787;Kobieta;31;1006;VIP;2023-01-12
206788;Mężczyzna;26;1002;VIP;2025-08-25
206789;Kobieta;27;1005;Regular;2026-01-20
206790;Kobieta;44;1001;Occasional;2021-05-28
206791;Kobieta;27;1005;Regular;2025-05-24
206792;Mężczyzna;26;1016;Occasional;2022-10-17
206793;Kobieta;49;1016;Regular;2023-08-29
206794;Kobieta;48;1001;Regular;2023-12-12
206795;Kobieta;16;1009;Regular;2022-07-29
206796;Mężczyzna;16;1018;Occasional;2023-09-09
206797;Kobieta;21;1007;Occasional;2023-11-30
206798;Kobieta;45;1013;VIP;2023-12-11
206799;Mężczyzna;43;1011;Regular;2026-04-30
206800;Mężczyzna;44;1014;Occasional;2024-05-17
206801;Kobieta;33;1016;Regular;2026-02-02
206802;Mężczyzna;30;1006;Regular;2024-08-20
206803;Kobieta;31;1017;Regular;2022-05-06
206804;Kobieta;24;1004;Occasional;2023-11-20
206805;Kobieta;37;1009;Regular;2026-01-05
206806;Kobieta;19;1017;Regular;2025-03-09
206807;Kobieta;32;1004;Regular;2025-04-03
206808;Kobieta;70;1016;New;2023-01-27
206809;Kobieta;20;1009;Occasional;2021-06-13
206810;Kobieta;43;1014;Occasional;2025-03-07
206811;Kobieta;31;1018;Regular;2021-06-07
206812;Kobieta;23;1010;New;2023-02-07
206813;Mężczyzna;31;1001;VIP;2022-03-21
206814;Kobieta;42;1006;Regular;2021-03-26
206815;Mężczyzna;24;1009;Regular;2021-04-06
206816;Kobieta;44;1008;Regular;2023-08-19
206817;Kobieta;18;1001;Regular;2022-12-28
206818;Kobieta;19;1018;Regular;2023-01-02
206819;Mężczyzna;34;1010;Regular;2021-04-16
206820;Kobieta;30;1006;Occasional;2024-01-10
206821;Kobieta;26;1018;Regular;2024-02-13
206822;Kobieta;35;1012;VIP;2025-11-19
206823;Kobieta;34;1013;Occasional;2024-12-29
206824;Kobieta;56;1004;Regular;2022-05-24
206825;Kobieta;36;1008;Regular;2024-10-03
206826;Mężczyzna;43;1008;Occasional;2022-10-03
206827;Kobieta;24;1008;Occasional;2023-01-15
206828;Kobieta;28;1004;Occasional;2024-05-31
206829;Kobieta;17;1014;Regular;2025-05-12
206830;Kobieta;30;1009;Occasional;2025-05-15
206831;Kobieta;32;1008;Regular;2025-10-14
206832;Kobieta;30;1004;Regular;2022-01-05
206833;Kobieta;16;1017;Occasional;2023-05-29
206834;Mężczyzna;41;1011;Regular;2022-11-09
206835;Kobieta;38;1004;Occasional;2024-07-27
206836;Kobieta;34;1012;Occasional;2023-10-15
206837;Kobieta;42;1001;Regular;2026-04-09
206838;Kobieta;30;1009;Regular;2021-06-04
206839;Kobieta;61;1005;Occasional;2022-05-09
206840;Kobieta;25;1005;Regular;2025-09-25
206841;Kobieta;36;1013;Regular;2022-07-19
206842;Kobieta;25;1009;Regular;2025-08-23
206843;Kobieta;22;1012;Occasional;2025-08-05
206844;Kobieta;16;1013;Regular;2024-02-23
206845;Kobieta;44;1007;Occasional;2023-11-24
206846;Kobieta;36;1008;Regular;2023-05-11
206847;Kobieta;48;1009;Regular;2023-06-01
206848;Kobieta;32;1015;Occasional;2024-06-22
206849;Kobieta;37;1004;Regular;2024-01-30
206850;Mężczyzna;41;1006;Occasional;2023-11-04
206851;Mężczyzna;21;1017;Regular;2022-01-24
206852;Kobieta;44;1013;Occasional;2025-06-18
206853;Kobieta;26;1007;Regular;2025-02-21
206854;Kobieta;29;1005;Regular;2022-02-25
206855;Kobieta;40;1016;Regular;2023-05-22
206856;Kobieta;20;1013;Occasional;2023-05-01
206857;Kobieta;42;1013;Regular;2022-05-13
206858;Kobieta;42;1010;Occasional;2023-04-13
206859;Kobieta;24;1016;Regular;2021-08-04
206860;Kobieta;44;1016;Occasional;2024-04-30
206861;Kobieta;39;1013;Regular;2023-11-06
206862;Mężczyzna;39;1006;Regular;2026-03-25
206863;Kobieta;43;1007;New;2021-01-21
206864;Kobieta;24;1004;Occasional;2025-10-12
206865;Kobieta;25;1001;Regular;2024-03-25
206866;Mężczyzna;25;1009;Regular;2023-11-27
206867;Kobieta;47;1003;Occasional;2024-05-25
206868;Kobieta;23;1003;Occasional;2023-07-01
206869;Kobieta;33;1018;VIP;2021-07-15
206870;Kobieta;35;1014;New;2025-04-16
206871;Kobieta;26;1005;VIP;2023-09-23
206872;Kobieta;33;1005;Regular;2025-01-07
206873;Kobieta;39;1012;New;2021-03-10
206874;Kobieta;21;1017;Regular;2025-12-08
206875;Kobieta;53;1005;Regular;2022-04-17
206876;Mężczyzna;33;1012;Regular;2021-07-12
206877;Kobieta;23;1015;Occasional;2021-08-25
206878;Kobieta;52;1015;Occasional;2021-08-22
206879;Mężczyzna;32;1005;Regular;2024-04-05
206880;Kobieta;16;1017;Occasional;2021-01-31
206881;Kobieta;27;1017;VIP;2021-03-28
206882;Kobieta;32;1002;Occasional;2025-03-30
206883;Kobieta;42;1004;New;2022-09-26
206884;Kobieta;32;1008;Occasional;2025-04-07
206885;Kobieta;57;1018;Regular;2022-08-21
206886;Kobieta;36;1009;Occasional;2026-04-23
206887;Kobieta;50;1013;Occasional;2021-06-22
206888;Kobieta;48;1004;New;2026-05-03
206889;Kobieta;36;1005;Regular;2024-02-25
206890;Kobieta;54;1001;Occasional;2024-08-05
206891;Kobieta;48;1007;Regular;2024-06-12
206892;Kobieta;54;1007;Regular;2025-06-29
206893;Kobieta;35;1018;New;2022-09-18
206894;Kobieta;34;1014;Regular;2022-03-26
206895;Kobieta;52;1008;Occasional;2024-07-21
206896;Kobieta;42;1010;VIP;2021-02-01
206897;Kobieta;31;1018;New;2021-05-28
206898;Kobieta;45;1012;Regular;2024-01-18
206899;Kobieta;19;1018;New;2025-11-16
206900;Kobieta;16;1009;Regular;2021-08-22
206901;Kobieta;16;1002;Regular;2025-08-25
206902;Kobieta;32;1010;Occasional;2022-05-21
206903;Kobieta;27;1007;Occasional;2025-11-12
206904;Kobieta;37;1014;Regular;2022-07-02
206905;Kobieta;33;1008;Regular;2024-07-27
206906;Kobieta;34;1014;Regular;2026-01-21
206907;Kobieta;18;1007;Occasional;2025-01-15
206908;Kobieta;36;1014;Regular;2021-09-26
206909;Kobieta;25;1004;Occasional;2024-10-06
206910;Kobieta;52;1012;New;2025-12-18
206911;Kobieta;19;1004;Regular;2023-03-22
206912;Kobieta;33;1002;Regular;2023-08-10
206913;Kobieta;48;1014;Occasional;2022-11-23
206914;Mężczyzna;21;1008;Regular;2022-01-22
206915;Kobieta;26;1009;Occasional;2026-04-30
206916;Mężczyzna;31;1016;VIP;2025-01-09
206917;Kobieta;43;1013;Occasional;2021-01-07
206918;Kobieta;16;1011;Occasional;2021-11-07
206919;Kobieta;20;1005;Regular;2025-06-15
206920;Kobieta;49;1017;VIP;2026-03-20
206921;Mężczyzna;34;1015;VIP;2023-09-22
206922;Mężczyzna;34;1002;Occasional;2022-08-29
206923;Kobieta;64;1012;Occasional;2024-02-11
206924;Kobieta;33;1008;Regular;2023-10-05
206925;Kobieta;46;1004;New;2022-11-26
206926;Kobieta;59;1016;New;2023-05-07
206927;Kobieta;33;1016;New;2021-11-26
206928;Mężczyzna;16;1012;Regular;2025-09-04
206929;Mężczyzna;27;1010;Regular;2021-09-05
206930;Kobieta;43;1012;Regular;2025-10-07
206931;Kobieta;28;1001;New;2024-01-22
206932;Mężczyzna;45;1005;Regular;2021-08-19
206933;Kobieta;57;1003;Occasional;2023-07-25
206934;Kobieta;43;1003;Regular;2021-05-11
206935;Kobieta;33;1015;Regular;2024-01-03
206936;Kobieta;24;1015;Regular;2026-05-05
206937;Kobieta;27;1016;Occasional;2021-10-29
206938;Kobieta;40;1013;Regular;2026-01-16
206939;Kobieta;16;1008;Occasional;2022-09-03
206940;Mężczyzna;40;1010;VIP;2023-01-02
206941;Kobieta;50;1002;Occasional;2024-11-01
206942;Kobieta;40;1004;VIP;2023-06-15
206943;Kobieta;20;1014;Regular;2022-11-13
206944;Mężczyzna;30;1004;Regular;2021-01-04
206945;Kobieta;37;1003;Occasional;2021-04-01
206946;Kobieta;42;1011;Occasional;2022-08-24
206947;Mężczyzna;35;1012;Occasional;2024-09-29
206948;Kobieta;52;1007;Occasional;2022-08-19
206949;Mężczyzna;31;1010;Regular;2024-09-06
206950;Kobieta;17;1018;Regular;2021-07-08
206951;Kobieta;24;1016;Occasional;2024-12-11
206952;Kobieta;41;1001;Regular;2022-07-19
206953;Kobieta;50;1007;New;2023-09-18
206954;Kobieta;42;1016;Regular;2023-10-24
206955;Kobieta;21;1007;Regular;2022-02-07
206956;Mężczyzna;41;1013;Regular;2021-06-10
206957;Kobieta;48;1006;Regular;2021-10-13
206958;Kobieta;51;1007;Regular;2022-04-21
206959;Mężczyzna;29;1010;Occasional;2021-04-07
206960;Kobieta;16;1010;Regular;2026-02-07
206961;Mężczyzna;31;1002;Occasional;2026-02-19
206962;Kobieta;38;1003;VIP;2025-09-30
206963;Kobieta;37;1004;New;2025-04-26
206964;Kobieta;43;1001;New;2021-06-24
206965;Mężczyzna;45;1011;Regular;2024-06-11
206966;Kobieta;27;1011;Regular;2025-07-05
206967;Kobieta;31;1002;Regular;2024-06-27
206968;Kobieta;42;1012;Regular;2022-03-12
206969;Kobieta;31;1008;Occasional;2023-08-31
206970;Kobieta;16;1010;Regular;2025-05-11
206971;Kobieta;35;1017;Occasional;2025-04-14
206972;Kobieta;53;1008;New;2025-01-29
206973;Kobieta;35;1013;Regular;2025-03-21
206974;Kobieta;49;1005;Regular;2022-11-11
206975;Kobieta;36;1003;Regular;2022-06-02
206976;Kobieta;52;1007;New;2023-02-04
206977;Kobieta;33;1001;Regular;2024-07-19
206978;Kobieta;29;1008;Regular;2025-10-25
206979;Kobieta;47;1002;Regular;2025-09-06
206980;Kobieta;34;1018;Occasional;2022-03-26
206981;Kobieta;44;1004;Occasional;2025-05-10
206982;Mężczyzna;23;1005;Regular;2021-08-03
206983;Kobieta;38;1017;Occasional;2022-12-01
206984;Kobieta;22;1015;New;2021-09-28
206985;Kobieta;24;1005;Regular;2021-05-06
206986;Kobieta;22;1016;Regular;2022-03-18
206987;Kobieta;44;1016;Regular;2024-11-15
206988;Kobieta;41;1011;Occasional;2022-02-15
206989;Kobieta;48;1016;Occasional;2025-03-30
206990;Mężczyzna;30;1016;Regular;2024-04-04
206991;Kobieta;20;1001;Regular;2021-01-18
206992;Kobieta;31;1011;Occasional;2025-06-14
206993;Kobieta;32;1004;Regular;2026-03-12
206994;Kobieta;27;1013;Regular;2023-05-08
206995;Kobieta;38;1005;New;2024-08-31
206996;Mężczyzna;51;1014;New;2024-05-07
206997;Kobieta;47;1006;New;2021-06-16
206998;Kobieta;26;1014;Regular;2024-08-11
206999;Kobieta;28;1012;Occasional;2023-04-27
207000;Kobieta;62;1016;Occasional;2026-03-15
207001;Kobieta;32;1014;New;2021-02-03
207002;Kobieta;35;1008;New;2021-11-03
207003;Mężczyzna;36;1011;New;2023-11-02
207004;Kobieta;47;1018;New;2022-10-13
207005;Kobieta;33;1011;VIP;2024-11-05
207006;Kobieta;28;1016;New;2025-01-24
207007;Mężczyzna;35;1014;Regular;2023-04-04
207008;Kobieta;34;1004;Occasional;2022-02-22
207009;Kobieta;23;1016;Regular;2025-02-14
207010;Mężczyzna;56;1017;VIP;2021-10-31
207011;Kobieta;22;1016;Occasional;2025-04-08
207012;Kobieta;37;1004;Occasional;2021-03-24
207013;Kobieta;56;1002;Regular;2024-07-20
207014;Kobieta;24;1006;Occasional;2021-05-03
207015;Kobieta;35;1014;Occasional;2025-07-30
207016;Kobieta;49;1008;New;2024-11-04
207017;Mężczyzna;39;1010;New;2021-05-19
207018;Kobieta;16;1015;Regular;2025-01-02
207019;Kobieta;42;1012;VIP;2023-06-15
207020;Kobieta;61;1003;Regular;2024-11-02
207021;Kobieta;36;1005;New;2024-05-21
207022;Kobieta;47;1016;Occasional;2024-06-22
207023;Kobieta;16;1016;Regular;2021-07-20
207024;Kobieta;51;1002;Regular;2024-12-28
207025;Mężczyzna;16;1016;New;2026-03-10
207026;Kobieta;30;1018;VIP;2026-04-28
207027;Mężczyzna;25;1009;Occasional;2021-09-27
207028;Kobieta;30;1015;New;2026-05-20
207029;Kobieta;27;1013;Occasional;2022-03-17
207030;Kobieta;36;1009;Regular;2024-02-26
207031;Kobieta;40;1014;Occasional;2024-08-31
207032;Kobieta;52;1001;Regular;2026-03-27
207033;Kobieta;40;1012;Occasional;2021-08-31
207034;Kobieta;26;1012;Regular;2026-01-19
207035;Kobieta;41;1008;Regular;2025-10-27
207036;Kobieta;31;1006;Occasional;2025-03-06
207037;Kobieta;16;1011;New;2023-08-17
207038;Kobieta;36;1010;Regular;2022-10-30
207039;Kobieta;54;1010;Regular;2022-01-25
207040;Kobieta;42;1018;Occasional;2022-04-02
207041;Kobieta;39;1011;Occasional;2024-08-16
207042;Kobieta;20;1013;Regular;2026-02-08
207043;Kobieta;39;1002;VIP;2024-07-14
207044;Kobieta;22;1008;Occasional;2026-04-27
207045;Mężczyzna;28;1004;Occasional;2022-05-23
207046;Kobieta;32;1005;Occasional;2023-10-10
207047;Kobieta;36;1005;Regular;2023-09-30
207048;Kobieta;31;1016;Occasional;2021-08-08
207049;Kobieta;39;1005;Occasional;2025-04-10
207050;Kobieta;73;1003;Occasional;2023-09-13
207051;Kobieta;28;1004;Occasional;2026-04-29
207052;Kobieta;16;1016;Regular;2022-05-13
207053;Kobieta;27;1001;Regular;2023-08-30
207054;Kobieta;16;1015;VIP;2022-10-18
207055;Kobieta;45;1006;Regular;2025-04-09
207056;Kobieta;31;1011;Regular;2022-02-14
207057;Kobieta;39;1004;Occasional;2021-10-16
207058;Kobieta;34;1003;Occasional;2025-11-11
207059;Kobieta;36;1004;Regular;2026-02-12
207060;Kobieta;27;1018;Regular;2021-11-24
207061;Mężczyzna;29;1010;Regular;2023-04-28
207062;Kobieta;24;1002;Regular;2023-07-22
207063;Mężczyzna;32;1001;Regular;2024-05-20
207064;Kobieta;16;1011;Regular;2021-02-22
207065;Mężczyzna;38;1001;Regular;2026-01-20
207066;Kobieta;35;1004;Regular;2025-08-20
207067;Kobieta;42;1011;New;2026-02-07
207068;Kobieta;48;1005;Regular;2026-04-08
207069;Kobieta;38;1012;Regular;2022-05-02
207070;Kobieta;35;1011;Regular;2023-03-21
207071;Kobieta;58;1016;Occasional;2024-08-25
207072;Kobieta;35;1005;Occasional;2026-05-25
207073;Kobieta;33;1001;Occasional;2021-12-01
207074;Kobieta;52;1007;New;2026-02-13
207075;Kobieta;32;1008;Occasional;2025-07-10
207076;Kobieta;42;1004;Regular;2024-08-07
207077;Kobieta;33;1003;Regular;2023-01-01
207078;Kobieta;31;1005;Regular;2025-03-02
207079;Kobieta;31;1015;Regular;2025-12-11
207080;Kobieta;53;1011;Occasional;2024-10-21
207081;Kobieta;58;1014;Regular;2022-07-04
207082;Kobieta;19;1016;VIP;2022-07-14
207083;Kobieta;17;1004;Regular;2024-11-17
207084;Kobieta;54;1004;Regular;2021-01-15
207085;Kobieta;22;1013;New;2024-09-23
207086;Kobieta;49;1014;Regular;2021-10-19
207087;Kobieta;24;1012;Regular;2022-06-29
207088;Kobieta;18;1012;VIP;2025-02-28
207089;Kobieta;34;1012;New;2024-11-11
207090;Kobieta;38;1012;Regular;2021-06-23
207091;Mężczyzna;38;1009;Regular;2023-12-26
207092;Kobieta;43;1016;New;2024-03-20
207093;Mężczyzna;44;1001;Occasional;2025-09-24
207094;Kobieta;37;1009;Regular;2026-01-16
207095;Kobieta;29;1004;Occasional;2023-05-20
207096;Mężczyzna;43;1003;VIP;2023-04-20
207097;Kobieta;35;1011;Occasional;2023-11-16
207098;Kobieta;36;1018;Regular;2026-02-18
207099;Kobieta;23;1003;VIP;2021-08-30
207100;Kobieta;19;1010;Regular;2023-03-18
207101;Kobieta;46;1012;VIP;2024-09-02
207102;Kobieta;16;1016;Regular;2022-04-17
207103;Kobieta;42;1007;Regular;2023-11-08
207104;Kobieta;38;1004;New;2021-04-09
207105;Kobieta;26;1007;Regular;2024-06-02
207106;Kobieta;30;1016;Regular;2026-04-07
207107;Kobieta;16;1006;VIP;2025-11-17
207108;Kobieta;37;1002;Regular;2023-07-04
207109;Kobieta;29;1012;Regular;2022-12-16
207110;Kobieta;55;1009;Occasional;2021-09-10
207111;Kobieta;28;1012;Occasional;2021-10-28
207112;Mężczyzna;18;1009;Regular;2024-08-06
207113;Kobieta;21;1008;Regular;2025-03-05
207114;Kobieta;16;1009;Occasional;2023-05-05
207115;Kobieta;24;1012;Occasional;2023-11-26
207116;Kobieta;36;1006;Regular;2023-01-17
207117;Mężczyzna;21;1009;Regular;2023-02-11
207118;Kobieta;21;1012;Regular;2023-03-03
207119;Kobieta;37;1010;Regular;2022-03-27
207120;Kobieta;34;1008;Regular;2021-07-20
207121;Mężczyzna;33;1017;Regular;2025-07-19
207122;Kobieta;38;1001;Occasional;2022-04-16
207123;Kobieta;29;1012;Occasional;2021-01-05
207124;Kobieta;30;1006;Occasional;2024-12-27
207125;Kobieta;16;1015;New;2022-01-11
207126;Kobieta;35;1014;Regular;2026-02-22
207127;Kobieta;40;1002;Occasional;2024-03-16
207128;Kobieta;56;1015;Occasional;2022-01-19
207129;Kobieta;16;1011;Regular;2025-04-23
207130;Kobieta;58;1012;Regular;2022-02-03
207131;Kobieta;20;1001;Regular;2021-05-07
207132;Kobieta;19;1008;Regular;2021-01-16
207133;Kobieta;42;1012;Regular;2021-11-27
207134;Kobieta;39;1015;Occasional;2026-03-13
207135;Kobieta;16;1005;Occasional;2021-08-20
207136;Kobieta;47;1012;VIP;2022-01-23
207137;Kobieta;38;1014;Regular;2021-03-08
207138;Kobieta;16;1002;Occasional;2026-04-12
207139;Mężczyzna;42;1004;Occasional;2024-12-27
207140;Mężczyzna;20;1018;VIP;2025-11-15
207141;Kobieta;51;1007;VIP;2024-07-24
207142;Mężczyzna;51;1003;Occasional;2025-03-15
207143;Kobieta;38;1015;New;2024-10-30
207144;Mężczyzna;23;1010;New;2025-03-04
207145;Kobieta;27;1007;Occasional;2021-07-10
207146;Kobieta;24;1008;New;2025-02-07
207147;Kobieta;35;1005;Occasional;2022-05-22
207148;Kobieta;44;1003;VIP;2026-02-16
207149;Kobieta;29;1008;Regular;2023-06-07
207150;Kobieta;23;1016;Regular;2026-03-07
207151;Kobieta;24;1015;Regular;2022-05-30
207152;Kobieta;28;1005;Occasional;2024-04-14
207153;Mężczyzna;25;1014;Regular;2024-03-23
207154;Mężczyzna;38;1009;VIP;2021-06-05
207155;Kobieta;35;1002;Regular;2023-01-08
207156;Kobieta;23;1008;Regular;2023-06-25
207157;Kobieta;29;1002;Occasional;2022-01-30
207158;Kobieta;55;1002;Regular;2025-10-01
207159;Kobieta;23;1008;Occasional;2022-02-23
207160;Kobieta;44;1012;Occasional;2023-07-10
207161;Kobieta;32;1008;Regular;2024-03-06
207162;Kobieta;20;1004;Regular;2021-01-02
207163;Kobieta;31;1001;Regular;2026-02-08
207164;Mężczyzna;36;1009;New;2021-03-13
207165;Kobieta;17;1001;Occasional;2021-05-13
207166;Kobieta;30;1013;Regular;2022-05-24
207167;Kobieta;16;1001;Occasional;2024-04-07
207168;Kobieta;36;1017;Occasional;2024-07-29
207169;Kobieta;25;1011;Occasional;2023-03-13
207170;Kobieta;21;1012;Regular;2024-11-08
207171;Kobieta;21;1001;Occasional;2024-01-11
207172;Kobieta;40;1009;Occasional;2021-06-27
207173;Kobieta;29;1008;Regular;2024-08-14
207174;Kobieta;44;1001;Regular;2023-02-16
207175;Kobieta;16;1018;Occasional;2024-01-06
207176;Kobieta;40;1017;VIP;2026-04-28
207177;Kobieta;18;1016;Regular;2022-05-03
207178;Kobieta;34;1015;Occasional;2023-08-09
207179;Kobieta;39;1009;Occasional;2024-11-08
207180;Kobieta;50;1006;Occasional;2023-09-25
207181;Mężczyzna;31;1002;Regular;2025-12-01
207182;Kobieta;51;1010;New;2023-07-08
207183;Kobieta;24;1008;VIP;2021-10-06
207184;Kobieta;48;1004;Regular;2025-02-03
207185;Kobieta;47;1016;Occasional;2025-10-10
207186;Kobieta;39;1011;Regular;2021-03-10
207187;Kobieta;28;1015;Occasional;2025-12-23
207188;Kobieta;28;1008;New;2023-01-23
207189;Kobieta;30;1007;VIP;2022-10-18
207190;Kobieta;30;1006;Occasional;2021-07-08
207191;Kobieta;35;1017;New;2021-04-29
207192;Kobieta;25;1003;Regular;2024-07-19
207193;Mężczyzna;25;1011;Regular;2026-01-27
207194;Kobieta;23;1001;Regular;2024-09-28
207195;Kobieta;29;1012;Regular;2022-08-17
207196;Mężczyzna;42;1015;Regular;2022-02-25
207197;Kobieta;43;1011;Regular;2021-10-01
207198;Mężczyzna;18;1001;Occasional;2026-03-01
207199;Kobieta;38;1012;Regular;2022-07-18
207200;Kobieta;38;1001;Occasional;2026-04-26
207201;Kobieta;21;1012;Occasional;2025-11-18
207202;Kobieta;38;1008;Regular;2023-04-08
207203;Kobieta;33;1009;Occasional;2023-07-21
207204;Kobieta;28;1003;Regular;2022-07-24
207205;Kobieta;31;1017;New;2024-10-09
207206;Kobieta;47;1014;VIP;2021-12-05
207207;Kobieta;32;1004;Regular;2021-01-16
207208;Kobieta;23;1005;Regular;2021-12-17
207209;Kobieta;36;1015;Regular;2023-12-05
207210;Mężczyzna;22;1003;Regular;2025-06-26
207211;Kobieta;30;1005;Regular;2024-03-29
207212;Mężczyzna;44;1009;VIP;2025-05-20
207213;Kobieta;21;1006;Regular;2022-01-08
207214;Kobieta;61;1002;Regular;2023-05-08
207215;Kobieta;42;1005;Regular;2023-06-15
207216;Kobieta;27;1004;Occasional;2023-02-08
207217;Kobieta;36;1015;Occasional;2024-01-10
207218;Kobieta;24;1002;Regular;2023-12-17
207219;Kobieta;25;1017;Occasional;2024-08-26
207220;Kobieta;16;1002;Occasional;2023-02-19
207221;Kobieta;32;1009;Regular;2025-04-24
207222;Kobieta;18;1013;VIP;2021-06-01
207223;Kobieta;47;1017;VIP;2023-09-29
207224;Kobieta;33;1001;Occasional;2021-05-24
207225;Kobieta;28;1009;New;2022-03-12
207226;Kobieta;25;1015;Occasional;2023-10-18
207227;Kobieta;34;1007;Occasional;2026-04-13
207228;Kobieta;38;1001;Occasional;2025-02-20
207229;Kobieta;36;1004;Regular;2021-10-15
207230;Kobieta;18;1003;Occasional;2025-07-05
207231;Kobieta;31;1009;New;2024-08-06
207232;Kobieta;45;1017;Regular;2024-02-29
207233;Kobieta;49;1001;Occasional;2022-03-02
207234;Kobieta;25;1012;Occasional;2022-01-30
207235;Kobieta;38;1007;Occasional;2021-04-25
207236;Kobieta;24;1007;Occasional;2022-10-04
207237;Kobieta;57;1018;Occasional;2021-05-14
207238;Kobieta;39;1018;Occasional;2021-10-03
207239;Kobieta;36;1005;Regular;2021-07-06
207240;Kobieta;37;1015;Occasional;2023-11-10
207241;Kobieta;46;1002;VIP;2022-07-17
207242;Kobieta;28;1018;New;2021-12-20
207243;Kobieta;51;1014;VIP;2026-05-11
207244;Kobieta;35;1013;Occasional;2022-09-09
207245;Mężczyzna;35;1008;Regular;2021-08-11
207246;Kobieta;39;1011;Occasional;2023-09-28
207247;Kobieta;27;1007;Occasional;2022-04-14
207248;Kobieta;55;1008;Occasional;2025-06-14
207249;Mężczyzna;60;1014;Occasional;2024-04-17
207250;Kobieta;30;1001;Regular;2023-08-24
207251;Mężczyzna;32;1003;Regular;2022-12-02
207252;Kobieta;44;1015;New;2025-08-07
207253;Kobieta;31;1015;Regular;2021-06-07
207254;Kobieta;21;1008;Occasional;2024-04-19
207255;Kobieta;33;1014;Occasional;2021-08-17
207256;Kobieta;31;1012;Occasional;2021-02-12
207257;Kobieta;51;1006;Occasional;2023-11-16
207258;Kobieta;42;1003;Regular;2023-11-18
207259;Kobieta;40;1007;Occasional;2024-05-05
207260;Kobieta;22;1017;Occasional;2024-06-20
207261;Kobieta;50;1004;Regular;2022-10-22
207262;Kobieta;71;1014;VIP;2023-12-16
207263;Kobieta;36;1017;Occasional;2024-01-11
207264;Kobieta;50;1004;Occasional;2022-05-24
207265;Kobieta;46;1001;Regular;2023-09-19
207266;Kobieta;39;1003;Regular;2022-03-31
207267;Kobieta;50;1015;Occasional;2021-03-21
207268;Kobieta;32;1001;Occasional;2023-12-03
207269;Kobieta;46;1005;Regular;2024-03-11
207270;Kobieta;54;1009;Regular;2024-10-21
207271;Kobieta;31;1001;Regular;2025-03-08
207272;Kobieta;51;1005;Regular;2022-01-21
207273;Mężczyzna;46;1004;Regular;2021-12-10
207274;Mężczyzna;50;1006;Regular;2023-06-21
207275;Kobieta;16;1012;Occasional;2022-06-15
207276;Kobieta;44;1004;Regular;2021-11-23
207277;Kobieta;22;1002;New;2021-01-21
207278;Kobieta;40;1012;Occasional;2022-08-12
207279;Kobieta;60;1017;Regular;2024-06-28
207280;Kobieta;49;1005;Regular;2026-01-24
207281;Kobieta;24;1009;VIP;2025-05-20
207282;Mężczyzna;43;1017;Occasional;2022-02-11
207283;Kobieta;47;1013;Regular;2026-01-04
207284;Kobieta;24;1018;New;2021-04-05
207285;Kobieta;49;1011;Occasional;2023-01-17
207286;Kobieta;38;1018;Occasional;2023-03-06
207287;Kobieta;23;1010;Regular;2023-07-28
207288;Kobieta;36;1013;New;2021-02-13
207289;Kobieta;48;1006;Regular;2021-04-12
207290;Kobieta;37;1004;Occasional;2021-01-05
207291;Kobieta;38;1012;New;2021-03-04
207292;Kobieta;40;1009;New;2021-12-28
207293;Mężczyzna;37;1012;Regular;2024-08-13
207294;Kobieta;47;1005;New;2026-02-15
207295;Kobieta;27;1002;Occasional;2022-09-23
207296;Mężczyzna;39;1011;Regular;2024-05-13
207297;Kobieta;41;1011;New;2024-06-24
207298;Kobieta;32;1003;VIP;2025-12-01
207299;Kobieta;37;1017;Regular;2024-12-26
207300;Kobieta;34;1002;Occasional;2024-07-11
207301;Mężczyzna;46;1002;Regular;2023-10-06
207302;Kobieta;34;1002;Occasional;2021-06-21
207303;Kobieta;34;1013;Regular;2023-03-01
207304;Mężczyzna;23;1012;Regular;2021-12-04
207305;Kobieta;25;1001;Occasional;2025-05-26
207306;Kobieta;39;1017;Occasional;2026-02-11
207307;Kobieta;17;1014;New;2023-07-16
207308;Kobieta;40;1002;VIP;2022-08-22
207309;Kobieta;16;1011;Regular;2025-07-18
207310;Kobieta;19;1015;Occasional;2025-05-25
207311;Kobieta;33;1015;Regular;2021-09-04
207312;Mężczyzna;41;1009;VIP;2024-09-22
207313;Kobieta;53;1002;Occasional;2024-11-24
207314;Mężczyzna;33;1001;Regular;2022-03-18
207315;Kobieta;54;1007;Regular;2026-05-15
207316;Kobieta;31;1017;Regular;2023-09-13
207317;Kobieta;33;1013;Occasional;2022-03-27
207318;Kobieta;41;1009;Occasional;2022-12-28
207319;Kobieta;41;1015;Regular;2024-03-24
207320;Kobieta;38;1002;Regular;2021-08-30
207321;Kobieta;34;1003;Regular;2025-08-11
207322;Kobieta;27;1005;VIP;2022-10-26
207323;Kobieta;35;1013;Occasional;2021-01-20
207324;Kobieta;62;1008;VIP;2026-01-24
207325;Kobieta;38;1003;Occasional;2022-11-18
207326;Kobieta;56;1007;VIP;2021-12-31
207327;Kobieta;46;1005;Regular;2023-10-08
207328;Kobieta;60;1010;Occasional;2023-02-20
207329;Kobieta;25;1011;VIP;2023-10-28
207330;Mężczyzna;50;1017;Regular;2022-05-22
207331;Kobieta;44;1016;VIP;2025-02-08
207332;Mężczyzna;16;1016;Occasional;2025-11-10
207333;Kobieta;44;1003;New;2022-02-10
207334;Kobieta;27;1003;VIP;2022-01-26
207335;Kobieta;29;1004;Occasional;2021-03-20
207336;Kobieta;32;1008;Regular;2024-01-10
207337;Kobieta;19;1010;VIP;2026-05-04
207338;Kobieta;38;1010;Occasional;2026-04-14
207339;Kobieta;38;1017;Regular;2024-11-10
207340;Kobieta;43;1012;Regular;2024-09-15
207341;Kobieta;16;1006;Regular;2023-10-05
207342;Kobieta;16;1003;Regular;2021-11-12
207343;Kobieta;38;1004;VIP;2023-01-13
207344;Kobieta;26;1008;Occasional;2023-08-10
207345;Kobieta;38;1010;Regular;2025-11-27
207346;Kobieta;17;1002;Regular;2023-12-16
207347;Mężczyzna;37;1008;Regular;2026-01-19
207348;Kobieta;29;1018;Regular;2022-01-02
207349;Kobieta;29;1007;Occasional;2022-03-19
207350;Kobieta;55;1003;Regular;2021-03-18
207351;Kobieta;41;1015;Occasional;2026-01-06
207352;Kobieta;16;1003;Regular;2024-10-16
207353;Kobieta;21;1011;Regular;2023-05-17
207354;Kobieta;21;1002;Regular;2022-07-22
207355;Mężczyzna;34;1002;VIP;2024-10-02
207356;Kobieta;34;1006;Regular;2023-02-23
207357;Mężczyzna;31;1016;Regular;2021-03-20
207358;Kobieta;16;1009;Regular;2024-08-09
207359;Kobieta;34;1009;Occasional;2025-02-25
207360;Kobieta;41;1015;Occasional;2024-02-11
207361;Kobieta;41;1009;Occasional;2021-11-03
207362;Kobieta;54;1007;Occasional;2024-02-18
207363;Kobieta;39;1011;Occasional;2024-05-12
207364;Kobieta;36;1018;Regular;2025-06-21
207365;Mężczyzna;27;1014;VIP;2026-02-07
207366;Kobieta;40;1006;Occasional;2023-11-25
207367;Kobieta;33;1011;Regular;2022-10-05
207368;Kobieta;35;1010;Occasional;2023-07-16
207369;Mężczyzna;57;1004;Regular;2025-02-06
207370;Mężczyzna;40;1008;Occasional;2025-10-31
207371;Kobieta;47;1009;Regular;2024-09-26
207372;Kobieta;17;1005;Regular;2026-01-16
207373;Kobieta;21;1012;Regular;2024-06-02
207374;Kobieta;27;1005;VIP;2026-04-24
207375;Mężczyzna;23;1007;Occasional;2025-04-15
207376;Mężczyzna;26;1014;Regular;2021-10-24
207377;Mężczyzna;16;1010;Regular;2025-03-29
207378;Kobieta;20;1008;Regular;2025-07-27
207379;Kobieta;47;1010;Occasional;2022-04-12
207380;Kobieta;27;1008;Regular;2022-12-28
207381;Kobieta;21;1010;Regular;2021-11-29
207382;Kobieta;60;1006;Occasional;2026-05-27
207383;Kobieta;26;1011;Regular;2021-04-15
207384;Kobieta;36;1014;Regular;2025-09-16
207385;Kobieta;31;1010;Regular;2023-05-19
207386;Kobieta;27;1004;Occasional;2022-05-20
207387;Kobieta;44;1014;Regular;2025-04-25
207388;Kobieta;24;1015;Occasional;2022-12-04
207389;Kobieta;37;1005;Regular;2022-06-18
207390;Mężczyzna;16;1018;Occasional;2021-07-31
207391;Kobieta;49;1018;Occasional;2022-10-25
207392;Kobieta;26;1008;Occasional;2021-12-04
207393;Mężczyzna;31;1015;Regular;2024-11-07
207394;Kobieta;38;1004;Regular;2024-12-12
207395;Kobieta;18;1013;Regular;2023-04-05
207396;Kobieta;52;1007;Regular;2023-12-08
207397;Kobieta;20;1008;New;2022-09-02
207398;Mężczyzna;33;1017;Occasional;2025-04-30
207399;Kobieta;19;1017;Regular;2025-05-10
207400;Kobieta;35;1012;Occasional;2023-06-24
207401;Kobieta;24;1004;New;2025-10-13
207402;Kobieta;27;1012;Regular;2025-02-07
207403;Mężczyzna;16;1002;Regular;2022-04-15
207404;Kobieta;28;1015;Regular;2023-11-07
207405;Kobieta;33;1011;Regular;2024-05-02
207406;Kobieta;30;1010;Regular;2026-02-13
207407;Kobieta;58;1009;New;2024-07-20
207408;Kobieta;35;1008;Regular;2023-11-01
207409;Mężczyzna;45;1018;Occasional;2021-04-11
207410;Kobieta;44;1011;VIP;2023-08-09
207411;Kobieta;23;1014;Occasional;2023-04-23
207412;Kobieta;24;1005;Regular;2021-08-13
207413;Kobieta;39;1008;Regular;2023-02-12
207414;Kobieta;16;1013;New;2023-04-26
207415;Kobieta;43;1004;Occasional;2021-02-28
207416;Kobieta;46;1005;VIP;2026-02-17
207417;Kobieta;38;1009;Regular;2026-04-07
207418;Mężczyzna;46;1010;Regular;2022-08-03
207419;Kobieta;45;1006;Occasional;2023-05-27
207420;Kobieta;41;1012;Occasional;2026-01-29
207421;Kobieta;44;1009;Occasional;2022-03-28
207422;Kobieta;40;1016;Regular;2022-03-22
207423;Kobieta;36;1003;Occasional;2022-10-12
207424;Kobieta;41;1005;New;2023-12-20
207425;Kobieta;40;1012;Occasional;2023-08-31
207426;Kobieta;36;1004;Regular;2022-12-07
207427;Kobieta;21;1003;Occasional;2025-02-03
207428;Kobieta;79;1013;Occasional;2021-01-21
207429;Kobieta;45;1003;Regular;2026-02-15
207430;Kobieta;39;1013;VIP;2021-08-07
207431;Kobieta;33;1002;Regular;2023-02-25
207432;Mężczyzna;25;1007;Regular;2025-12-29
207433;Mężczyzna;19;1003;Occasional;2025-03-04
207434;Mężczyzna;57;1008;VIP;2021-11-23
207435;Kobieta;21;1008;Occasional;2022-08-18
207436;Kobieta;32;1015;Regular;2022-10-06
207437;Mężczyzna;41;1015;Regular;2025-06-12
207438;Kobieta;48;1017;Occasional;2021-03-27
207439;Kobieta;33;1018;Regular;2023-11-25
207440;Kobieta;42;1015;Occasional;2022-03-12
207441;Kobieta;62;1004;Occasional;2023-05-28
207442;Kobieta;42;1007;Regular;2021-06-20
207443;Mężczyzna;28;1010;Regular;2024-01-12
207444;Kobieta;61;1011;Occasional;2023-06-06
207445;Mężczyzna;40;1014;Regular;2021-04-15
207446;Kobieta;37;1013;Occasional;2021-01-23
207447;Kobieta;23;1016;Occasional;2023-12-02
207448;Kobieta;30;1017;Occasional;2021-09-22
207449;Mężczyzna;34;1003;Occasional;2021-11-09
207450;Kobieta;30;1018;Occasional;2022-03-20
207451;Kobieta;30;1003;Regular;2021-08-30
207452;Kobieta;32;1015;Occasional;2025-12-28
207453;Mężczyzna;45;1006;Occasional;2023-05-29
207454;Kobieta;52;1015;VIP;2023-04-01
207455;Kobieta;33;1008;Regular;2022-05-31
207456;Mężczyzna;38;1010;Occasional;2025-08-10
207457;Kobieta;16;1008;Occasional;2023-03-08
207458;Kobieta;16;1012;Regular;2024-04-18
207459;Kobieta;33;1005;VIP;2024-05-04
207460;Mężczyzna;25;1017;VIP;2022-08-12
207461;Kobieta;38;1007;Regular;2025-11-22
207462;Kobieta;35;1017;New;2023-10-27
207463;Kobieta;41;1007;New;2026-03-19
207464;Kobieta;40;1003;Occasional;2021-02-02
207465;Kobieta;50;1013;Occasional;2023-01-30
207466;Kobieta;48;1006;Occasional;2024-04-11
207467;Kobieta;27;1014;Occasional;2021-02-12
207468;Mężczyzna;37;1009;Regular;2025-02-21
207469;Kobieta;37;1002;New;2021-09-10
207470;Kobieta;16;1014;Occasional;2024-11-17
207471;Kobieta;33;1015;Regular;2025-10-11
207472;Kobieta;32;1014;Regular;2025-11-28
207473;Kobieta;46;1015;Occasional;2026-02-16
207474;Kobieta;18;1013;Occasional;2024-10-22
207475;Kobieta;38;1010;Occasional;2024-05-04
207476;Kobieta;48;1002;Regular;2021-12-17
207477;Mężczyzna;23;1005;VIP;2024-04-16
207478;Kobieta;37;1008;New;2022-10-15
207479;Kobieta;52;1003;Occasional;2021-05-23
207480;Mężczyzna;35;1016;Regular;2024-10-17
207481;Kobieta;26;1011;Regular;2024-03-27
207482;Mężczyzna;29;1010;Occasional;2025-11-25
207483;Mężczyzna;30;1010;New;2024-01-15
207484;Kobieta;37;1016;New;2021-11-14
207485;Kobieta;27;1002;Regular;2022-11-28
207486;Kobieta;37;1010;Regular;2023-12-04
207487;Kobieta;39;1012;Occasional;2022-07-13
207488;Kobieta;41;1007;Occasional;2022-06-01
207489;Kobieta;22;1002;Regular;2022-12-08
207490;Mężczyzna;37;1016;Regular;2021-06-25
207491;Kobieta;17;1003;Regular;2024-12-28
207492;Kobieta;38;1008;Occasional;2023-12-01
207493;Kobieta;62;1016;Regular;2022-12-06
207494;Kobieta;27;1013;Regular;2025-06-14
207495;Mężczyzna;33;1009;Occasional;2025-06-28
207496;Kobieta;31;1006;Occasional;2023-06-25
207497;Kobieta;45;1005;Occasional;2026-02-09
207498;Kobieta;21;1016;Regular;2024-03-13
207499;Kobieta;28;1007;Regular;2023-09-07
207500;Kobieta;17;1006;Occasional;2023-09-18
207501;Kobieta;50;1008;Occasional;2022-06-20
207502;Kobieta;60;1014;Regular;2024-10-16
207503;Kobieta;28;1002;Occasional;2022-08-11
207504;Kobieta;20;1006;Regular;2022-06-23
207505;Mężczyzna;23;1010;Occasional;2022-06-21
207506;Kobieta;20;1017;Regular;2021-03-12
207507;Kobieta;21;1014;Regular;2022-10-31
207508;Mężczyzna;44;1006;Regular;2023-02-09
207509;Mężczyzna;29;1015;Regular;2023-06-05
207510;Kobieta;30;1001;Regular;2025-07-23
207511;Mężczyzna;39;1011;Occasional;2026-01-17
207512;Kobieta;36;1016;Regular;2025-09-01
207513;Kobieta;25;1015;Regular;2022-08-11
207514;Kobieta;43;1013;Regular;2021-10-04
207515;Kobieta;30;1018;VIP;2023-02-26
207516;Kobieta;41;1011;New;2021-12-20
207517;Kobieta;45;1013;Regular;2022-07-14
207518;Kobieta;51;1014;VIP;2024-05-19
207519;Kobieta;54;1015;VIP;2022-10-15
207520;Mężczyzna;35;1004;Regular;2021-08-08
207521;Kobieta;44;1009;New;2025-03-16
207522;Kobieta;27;1011;Regular;2023-12-11
207523;Kobieta;41;1013;VIP;2022-12-02
207524;Kobieta;22;1007;Occasional;2022-12-11
207525;Kobieta;16;1016;Occasional;2024-08-17
207526;Mężczyzna;40;1013;Regular;2023-08-26
207527;Kobieta;40;1008;Regular;2025-11-11
207528;Kobieta;41;1006;VIP;2021-12-22
207529;Kobieta;31;1008;Regular;2025-02-13
207530;Kobieta;52;1004;Regular;2023-07-23
207531;Kobieta;38;1005;Regular;2025-04-21
207532;Kobieta;38;1015;VIP;2023-10-10
207533;Kobieta;35;1009;Occasional;2022-12-03
207534;Kobieta;55;1018;VIP;2022-08-07
207535;Kobieta;33;1004;Regular;2022-11-24
207536;Kobieta;18;1018;VIP;2022-12-11
207537;Kobieta;16;1006;Regular;2023-11-16
207538;Kobieta;44;1014;Occasional;2023-02-19
207539;Kobieta;16;1003;Regular;2024-10-06
207540;Kobieta;35;1003;Regular;2025-03-05
207541;Kobieta;41;1016;Regular;2023-09-03
207542;Kobieta;47;1007;Regular;2022-02-27
207543;Kobieta;34;1016;New;2023-03-05
207544;Kobieta;26;1013;VIP;2021-04-17
207545;Mężczyzna;33;1015;VIP;2026-04-19
207546;Kobieta;36;1014;Regular;2024-10-18
207547;Kobieta;23;1004;Occasional;2023-06-24
207548;Kobieta;21;1011;Occasional;2023-02-24
207549;Kobieta;24;1001;New;2026-01-13
207550;Kobieta;22;1008;Regular;2023-03-12
207551;Kobieta;32;1004;Regular;2026-03-16
207552;Kobieta;52;1015;Regular;2022-03-02
207553;Kobieta;34;1007;Occasional;2024-12-05
207554;Kobieta;16;1001;Regular;2024-05-18
207555;Kobieta;56;1015;Regular;2026-01-31
207556;Kobieta;29;1006;Occasional;2023-10-10
207557;Mężczyzna;36;1006;Regular;2024-06-19
207558;Kobieta;45;1007;Occasional;2022-12-07
207559;Mężczyzna;48;1013;Regular;2021-02-05
207560;Kobieta;56;1001;Regular;2025-08-26
207561;Kobieta;27;1004;Regular;2023-02-20
207562;Kobieta;37;1013;Regular;2023-04-16
207563;Kobieta;39;1018;Regular;2023-10-10
207564;Kobieta;43;1014;Occasional;2025-05-25
207565;Mężczyzna;27;1007;Regular;2024-04-11
207566;Kobieta;27;1013;Regular;2025-01-23
207567;Kobieta;24;1009;New;2023-02-20
207568;Kobieta;38;1004;New;2023-07-02
207569;Mężczyzna;29;1018;VIP;2026-03-01
207570;Mężczyzna;34;1014;Regular;2023-10-30
207571;Kobieta;49;1007;Occasional;2025-09-11
207572;Mężczyzna;20;1015;Occasional;2022-09-16
207573;Kobieta;32;1009;Regular;2025-07-27
207574;Kobieta;42;1015;Occasional;2021-09-09
207575;Kobieta;35;1008;Regular;2023-12-28
207576;Kobieta;42;1012;VIP;2025-12-13
207577;Kobieta;31;1006;Regular;2023-10-02
207578;Kobieta;30;1016;Occasional;2022-10-06
207579;Kobieta;54;1007;Regular;2022-10-06
207580;Kobieta;30;1006;Regular;2022-11-01
207581;Kobieta;44;1010;New;2024-08-14
207582;Kobieta;26;1014;Occasional;2024-11-30
207583;Kobieta;43;1008;Occasional;2021-01-03
207584;Kobieta;36;1009;Regular;2023-06-11
207585;Kobieta;39;1001;Regular;2022-06-05
207586;Kobieta;37;1011;Occasional;2026-05-10
207587;Kobieta;50;1002;Regular;2025-12-27
207588;Kobieta;48;1002;Regular;2023-04-11
207589;Kobieta;49;1016;Regular;2024-04-21
207590;Kobieta;31;1012;VIP;2025-07-01
207591;Kobieta;48;1012;Regular;2022-04-01
207592;Kobieta;36;1006;VIP;2022-05-02
207593;Kobieta;40;1003;Occasional;2024-10-02
207594;Mężczyzna;36;1001;Occasional;2022-07-06
207595;Kobieta;16;1002;Occasional;2021-08-06
207596;Kobieta;40;1017;Occasional;2023-02-07
207597;Mężczyzna;16;1006;Occasional;2023-06-10
207598;Kobieta;42;1014;Occasional;2024-11-21
207599;Kobieta;54;1015;Occasional;2023-01-21
207600;Kobieta;29;1002;Occasional;2025-08-30
207601;Kobieta;45;1005;Regular;2023-02-07
207602;Kobieta;35;1014;New;2023-04-20
207603;Kobieta;16;1013;Occasional;2021-07-15
207604;Kobieta;45;1001;New;2025-01-02
207605;Kobieta;32;1004;Occasional;2023-03-01
207606;Mężczyzna;34;1003;Regular;2021-05-16
207607;Kobieta;55;1006;Occasional;2024-10-01
207608;Kobieta;33;1007;VIP;2021-10-05
207609;Kobieta;40;1001;VIP;2021-10-28
207610;Kobieta;60;1003;Regular;2024-03-06
207611;Mężczyzna;16;1005;Occasional;2024-01-09
207612;Mężczyzna;45;1011;Regular;2023-05-07
207613;Kobieta;25;1001;Occasional;2023-09-10
207614;Mężczyzna;54;1007;Regular;2024-02-02
207615;Kobieta;30;1008;Occasional;2022-02-09
207616;Kobieta;42;1010;Regular;2023-04-13
207617;Kobieta;50;1017;Regular;2024-04-28
207618;Kobieta;32;1009;Regular;2024-02-11
207619;Kobieta;41;1015;Regular;2024-09-04
207620;Kobieta;45;1018;VIP;2023-06-26
207621;Kobieta;39;1018;Regular;2026-04-15
207622;Mężczyzna;48;1003;Occasional;2026-01-22
207623;Kobieta;37;1015;VIP;2023-02-18
207624;Mężczyzna;21;1014;Regular;2026-04-01
207625;Kobieta;18;1007;Occasional;2021-12-10
207626;Kobieta;17;1014;New;2023-08-23
207627;Kobieta;16;1001;Occasional;2021-10-15
207628;Mężczyzna;44;1017;Regular;2023-10-28
207629;Kobieta;49;1003;Occasional;2024-03-07
207630;Kobieta;42;1002;Regular;2026-04-24
207631;Kobieta;35;1018;Occasional;2022-05-22
207632;Kobieta;35;1014;New;2021-02-25
207633;Kobieta;54;1002;VIP;2025-11-29
207634;Mężczyzna;32;1017;Regular;2023-11-06
207635;Kobieta;20;1003;Occasional;2023-11-06
207636;Kobieta;34;1004;New;2021-04-20
207637;Kobieta;40;1008;Regular;2025-02-05
207638;Kobieta;42;1013;VIP;2025-09-21
207639;Kobieta;27;1003;Occasional;2021-07-02
207640;Mężczyzna;36;1004;Occasional;2026-01-04
207641;Mężczyzna;26;1010;Regular;2026-02-01
207642;Kobieta;36;1013;Regular;2024-09-09
207643;Kobieta;51;1001;New;2022-03-21
207644;Kobieta;63;1014;Regular;2021-05-02
207645;Kobieta;27;1011;Regular;2023-04-12
207646;Kobieta;31;1011;Occasional;2021-05-03
207647;Kobieta;34;1017;VIP;2021-11-30
207648;Kobieta;25;1006;New;2025-12-24
207649;Kobieta;20;1017;Occasional;2023-11-26
207650;Kobieta;43;1007;Occasional;2025-04-15
207651;Kobieta;46;1006;Regular;2023-07-17
207652;Kobieta;35;1011;Occasional;2023-04-29
207653;Kobieta;24;1014;VIP;2024-02-11
207654;Mężczyzna;20;1014;Occasional;2021-12-10
207655;Kobieta;39;1009;Occasional;2022-08-22
207656;Kobieta;29;1011;Regular;2022-07-02
207657;Kobieta;23;1002;Regular;2025-11-14
207658;Kobieta;31;1014;Regular;2024-06-11
207659;Kobieta;21;1015;Regular;2022-05-01
207660;Mężczyzna;51;1010;Regular;2025-02-11
207661;Kobieta;58;1010;New;2022-02-19
207662;Kobieta;39;1016;Regular;2025-05-03
207663;Kobieta;46;1006;Regular;2024-05-28
207664;Kobieta;39;1011;Regular;2025-03-21
207665;Kobieta;32;1001;Occasional;2026-02-05
207666;Mężczyzna;30;1010;Regular;2022-09-11
207667;Kobieta;24;1001;Regular;2026-03-24
207668;Kobieta;54;1012;Occasional;2023-05-08
207669;Kobieta;17;1002;New;2024-10-17
207670;Kobieta;29;1005;Regular;2025-09-14
207671;Kobieta;36;1015;Regular;2024-07-21
207672;Mężczyzna;31;1001;Regular;2024-11-26
207673;Mężczyzna;43;1015;Occasional;2021-10-05
207674;Mężczyzna;41;1011;Occasional;2021-02-26
207675;Kobieta;46;1012;Regular;2023-08-04
207676;Kobieta;51;1001;Regular;2023-05-22
207677;Kobieta;35;1011;Occasional;2024-11-19
207678;Kobieta;28;1016;Regular;2022-08-14
207679;Kobieta;50;1015;Occasional;2023-06-27
207680;Kobieta;45;1003;Regular;2022-05-17
207681;Kobieta;37;1009;Regular;2023-07-27
207682;Mężczyzna;34;1007;Regular;2025-04-15
207683;Kobieta;23;1008;Occasional;2025-05-24
207684;Kobieta;49;1003;New;2023-02-09
207685;Kobieta;44;1012;New;2025-04-10
207686;Mężczyzna;31;1015;Regular;2024-04-29
207687;Kobieta;20;1003;VIP;2022-11-01
207688;Kobieta;27;1004;New;2025-01-08
207689;Mężczyzna;27;1009;Occasional;2022-07-07
207690;Kobieta;16;1013;Occasional;2024-09-09
207691;Kobieta;43;1002;Regular;2024-06-04
207692;Kobieta;35;1013;Regular;2025-09-01
207693;Kobieta;16;1005;VIP;2023-04-12
207694;Kobieta;16;1017;Regular;2023-09-12
207695;Mężczyzna;16;1007;Regular;2021-08-01
207696;Kobieta;39;1010;Regular;2021-09-15
207697;Kobieta;45;1013;Occasional;2022-12-31
207698;Kobieta;26;1016;New;2022-10-30
207699;Mężczyzna;50;1013;Occasional;2024-10-01
207700;Mężczyzna;25;1017;Regular;2024-01-02
207701;Kobieta;56;1003;Regular;2023-02-06
207702;Kobieta;32;1011;Regular;2021-02-20
207703;Kobieta;16;1009;Occasional;2025-01-22
207704;Kobieta;28;1002;Occasional;2025-12-27
207705;Kobieta;51;1016;Regular;2021-08-01
207706;Kobieta;28;1010;Occasional;2024-07-07
207707;Kobieta;45;1001;Regular;2021-11-01
207708;Kobieta;31;1009;Occasional;2021-03-19
207709;Kobieta;16;1007;Regular;2025-08-13
207710;Kobieta;49;1006;Regular;2024-02-15
207711;Kobieta;32;1009;Regular;2026-04-06
207712;Kobieta;23;1008;Occasional;2024-10-19
207713;Kobieta;24;1016;Regular;2021-09-23
207714;Kobieta;53;1008;Regular;2023-03-02
207715;Kobieta;35;1012;Occasional;2024-06-12
207716;Kobieta;20;1009;New;2024-06-24
207717;Kobieta;34;1001;New;2022-08-29
207718;Kobieta;25;1015;Occasional;2021-10-16
207719;Kobieta;16;1013;New;2025-11-08
207720;Kobieta;44;1013;Occasional;2024-07-03
207721;Kobieta;32;1004;Occasional;2023-11-21
207722;Kobieta;24;1006;Regular;2021-08-03
207723;Kobieta;37;1003;Regular;2023-05-02
207724;Kobieta;22;1014;Occasional;2025-06-11
207725;Kobieta;40;1011;New;2026-05-25
207726;Kobieta;34;1006;Occasional;2025-08-28
207727;Kobieta;41;1005;New;2026-03-07
207728;Mężczyzna;27;1005;Occasional;2022-05-25
207729;Mężczyzna;29;1002;Regular;2024-02-25
207730;Kobieta;25;1009;Occasional;2021-01-30
207731;Kobieta;30;1014;Regular;2025-07-01
207732;Mężczyzna;36;1007;Occasional;2024-04-28
207733;Kobieta;51;1004;Regular;2024-06-03
207734;Kobieta;24;1012;Regular;2024-12-20
207735;Kobieta;33;1012;Regular;2022-04-13
207736;Kobieta;36;1006;New;2025-07-14
207737;Kobieta;31;1004;Occasional;2023-07-12
207738;Kobieta;27;1010;Regular;2025-04-13
207739;Kobieta;41;1016;Regular;2024-02-23
207740;Kobieta;32;1006;Regular;2022-01-13
207741;Mężczyzna;23;1005;VIP;2021-03-07
207742;Kobieta;25;1014;Occasional;2025-07-28
207743;Kobieta;29;1016;Regular;2022-07-10
207744;Kobieta;33;1012;Regular;2026-04-24
207745;Kobieta;37;1017;Regular;2021-09-21
207746;Kobieta;33;1006;Regular;2025-12-05
207747;Kobieta;46;1016;Occasional;2022-05-02
207748;Kobieta;28;1014;Occasional;2023-02-11
207749;Kobieta;37;1017;Occasional;2025-07-31
207750;Kobieta;27;1003;Occasional;2022-07-12
207751;Kobieta;38;1016;New;2026-02-14
207752;Kobieta;25;1013;VIP;2021-12-05
207753;Mężczyzna;52;1016;Regular;2022-08-22
207754;Mężczyzna;35;1016;Occasional;2023-11-12
207755;Kobieta;22;1015;Regular;2022-12-23
207756;Kobieta;42;1011;Occasional;2023-06-01
207757;Kobieta;49;1002;Regular;2021-05-08
207758;Kobieta;43;1017;Regular;2023-12-14
207759;Kobieta;55;1018;Regular;2025-12-30
207760;Kobieta;20;1006;Regular;2021-04-12
207761;Kobieta;29;1017;Occasional;2026-04-04
207762;Kobieta;19;1003;VIP;2021-05-26
207763;Kobieta;37;1018;Occasional;2024-01-02
207764;Mężczyzna;18;1007;Occasional;2022-11-11
207765;Kobieta;32;1015;Regular;2024-01-18
207766;Mężczyzna;24;1017;Regular;2024-02-18
207767;Kobieta;40;1002;Regular;2025-04-28
207768;Mężczyzna;41;1003;New;2023-08-26
207769;Kobieta;27;1018;New;2022-07-05
207770;Kobieta;30;1017;Regular;2023-10-07
207771;Kobieta;44;1017;Occasional;2021-11-10
207772;Kobieta;36;1001;VIP;2024-06-01
207773;Kobieta;31;1010;Occasional;2021-04-04
207774;Kobieta;35;1006;Regular;2022-02-23
207775;Kobieta;55;1006;Regular;2022-12-16
207776;Kobieta;40;1007;Regular;2022-02-20
207777;Kobieta;41;1012;New;2024-02-10
207778;Kobieta;33;1003;New;2021-09-16
207779;Kobieta;22;1018;Regular;2022-01-30
207780;Kobieta;17;1011;Regular;2025-10-01
207781;Kobieta;35;1007;Regular;2026-05-13
207782;Kobieta;43;1007;Occasional;2022-10-10
207783;Mężczyzna;55;1015;New;2021-11-11
207784;Kobieta;22;1006;Regular;2022-09-22
207785;Kobieta;44;1013;Regular;2022-04-12
207786;Kobieta;30;1016;Occasional;2025-07-20
207787;Kobieta;16;1004;Regular;2026-02-22
207788;Kobieta;38;1012;Regular;2025-03-24
207789;Kobieta;41;1017;Regular;2022-08-24
207790;Mężczyzna;26;1010;Regular;2026-04-08
207791;Kobieta;36;1003;Regular;2025-10-14
207792;Kobieta;58;1007;VIP;2022-10-10
207793;Kobieta;37;1011;Occasional;2025-03-22
207794;Kobieta;53;1013;Regular;2026-04-10
207795;Kobieta;25;1010;Regular;2022-06-16
207796;Kobieta;25;1012;Occasional;2024-02-03
207797;Kobieta;16;1010;Regular;2021-11-08
207798;Kobieta;21;1004;Regular;2025-08-28
207799;Kobieta;40;1015;Occasional;2026-04-26
207800;Mężczyzna;27;1003;VIP;2024-12-08
207801;Kobieta;33;1010;New;2024-10-09
207802;Kobieta;16;1005;Regular;2023-07-23
207803;Kobieta;32;1013;Regular;2024-04-21
207804;Kobieta;33;1007;Regular;2021-09-01
207805;Mężczyzna;33;1006;VIP;2023-11-07
207806;Kobieta;19;1002;Occasional;2025-12-12
207807;Kobieta;34;1013;Regular;2025-07-20
207808;Mężczyzna;46;1010;Regular;2021-05-26
207809;Kobieta;41;1010;Regular;2021-01-14
207810;Kobieta;44;1010;Regular;2021-08-23
207811;Kobieta;33;1003;Regular;2022-09-08
207812;Mężczyzna;35;1004;Regular;2023-05-30
207813;Mężczyzna;37;1006;Occasional;2021-11-10
207814;Kobieta;29;1003;Regular;2021-11-09
207815;Kobieta;37;1010;Regular;2021-11-19
207816;Kobieta;52;1004;Occasional;2022-06-15
207817;Kobieta;16;1011;Occasional;2026-01-18
207818;Kobieta;33;1008;Occasional;2022-02-15
207819;Mężczyzna;26;1010;Regular;2023-07-11
207820;Mężczyzna;40;1005;Regular;2023-09-02
207821;Mężczyzna;51;1007;Occasional;2021-12-29
207822;Kobieta;48;1009;VIP;2022-06-24
207823;Kobieta;48;1002;Regular;2026-04-24
207824;Kobieta;51;1006;Occasional;2024-10-20
207825;Kobieta;28;1002;Occasional;2025-04-04
207826;Kobieta;36;1007;Occasional;2023-07-31
207827;Kobieta;16;1011;Regular;2026-05-12
207828;Kobieta;21;1010;Regular;2026-03-21
207829;Mężczyzna;23;1015;Occasional;2025-10-09
207830;Kobieta;39;1006;Regular;2022-10-13
207831;Kobieta;36;1008;Regular;2022-10-26
207832;Kobieta;16;1009;Regular;2022-10-08
207833;Kobieta;33;1004;Regular;2024-02-07
207834;Mężczyzna;47;1002;Regular;2025-08-02
207835;Mężczyzna;16;1002;Occasional;2022-07-09
207836;Kobieta;53;1010;Regular;2026-03-05
207837;Kobieta;24;1009;Occasional;2025-07-02
207838;Kobieta;44;1017;Regular;2022-09-04
207839;Kobieta;16;1013;Regular;2024-02-12
207840;Kobieta;16;1017;Regular;2026-05-20
207841;Kobieta;26;1001;Regular;2021-06-24
207842;Kobieta;28;1009;New;2026-01-05
207843;Mężczyzna;44;1004;Regular;2023-11-10
207844;Kobieta;27;1017;Regular;2022-05-20
207845;Kobieta;46;1005;Occasional;2024-02-07
207846;Kobieta;18;1003;Regular;2021-05-10
207847;Kobieta;32;1008;Regular;2022-07-07
207848;Kobieta;40;1004;Regular;2023-02-05
207849;Kobieta;16;1007;Occasional;2024-04-14
207850;Mężczyzna;44;1014;Regular;2025-07-31
207851;Kobieta;18;1011;Regular;2026-02-28
207852;Kobieta;37;1009;Occasional;2021-01-20
207853;Kobieta;34;1003;New;2022-06-16
207854;Kobieta;43;1018;Regular;2025-08-07
207855;Kobieta;32;1010;Regular;2021-12-24
207856;Kobieta;25;1014;Regular;2022-07-17
207857;Kobieta;43;1014;Occasional;2024-06-06
207858;Mężczyzna;38;1006;Regular;2024-03-31
207859;Kobieta;22;1005;Occasional;2025-06-05
207860;Kobieta;42;1011;Regular;2023-01-18
207861;Kobieta;42;1018;Regular;2023-07-29
207862;Kobieta;18;1014;Regular;2023-05-15
207863;Kobieta;34;1013;Occasional;2025-10-28
207864;Kobieta;30;1018;Regular;2024-01-20
207865;Kobieta;42;1013;Occasional;2021-07-28
207866;Kobieta;16;1001;New;2023-10-30
207867;Kobieta;44;1009;Regular;2025-05-22
207868;Kobieta;25;1017;VIP;2021-10-25
207869;Kobieta;36;1010;VIP;2024-03-24
207870;Kobieta;16;1005;New;2021-05-02
207871;Kobieta;46;1011;Occasional;2025-03-09
207872;Kobieta;45;1005;Regular;2025-06-23
207873;Mężczyzna;57;1009;Occasional;2024-10-16
207874;Kobieta;19;1015;Occasional;2021-06-18
207875;Kobieta;42;1008;New;2024-04-21
207876;Kobieta;21;1015;Regular;2025-01-31
207877;Kobieta;49;1015;Occasional;2026-04-22
207878;Kobieta;16;1017;New;2021-01-24
207879;Kobieta;35;1012;Regular;2026-04-26
207880;Mężczyzna;47;1010;Regular;2025-01-16
207881;Kobieta;16;1003;Regular;2022-06-03
207882;Kobieta;33;1006;Occasional;2025-08-08
207883;Kobieta;35;1003;VIP;2021-08-28
207884;Kobieta;28;1011;New;2023-09-11
207885;Kobieta;38;1008;Regular;2023-08-24
207886;Kobieta;44;1015;Regular;2025-07-05
207887;Kobieta;46;1015;Regular;2025-02-03
207888;Kobieta;47;1006;VIP;2021-12-27
207889;Kobieta;33;1017;Regular;2024-11-10
207890;Kobieta;17;1008;Occasional;2025-12-25
207891;Mężczyzna;50;1013;Regular;2021-07-06
207892;Kobieta;36;1002;Occasional;2022-10-14
207893;Kobieta;48;1012;Occasional;2024-10-04
207894;Mężczyzna;41;1002;Regular;2023-11-23
207895;Mężczyzna;50;1016;Regular;2025-02-03
207896;Kobieta;28;1013;Occasional;2021-12-06
207897;Mężczyzna;65;1001;Regular;2023-06-23
207898;Kobieta;32;1008;Regular;2025-03-27
207899;Mężczyzna;33;1016;Regular;2022-08-31
207900;Kobieta;57;1009;Occasional;2022-02-09
207901;Kobieta;54;1002;Occasional;2023-04-20
207902;Kobieta;54;1001;New;2025-06-20
207903;Kobieta;21;1010;Occasional;2022-06-28
207904;Kobieta;40;1005;New;2022-06-12
207905;Kobieta;45;1012;New;2021-02-14
207906;Mężczyzna;31;1004;Occasional;2021-07-30
207907;Mężczyzna;40;1018;Regular;2021-01-18
207908;Kobieta;25;1014;New;2025-03-17
207909;Kobieta;35;1004;Regular;2021-03-06
207910;Kobieta;26;1003;Occasional;2025-10-16
207911;Kobieta;38;1001;VIP;2024-04-23
207912;Kobieta;24;1007;VIP;2022-06-14
207913;Kobieta;31;1005;Regular;2022-05-25
207914;Kobieta;37;1011;Occasional;2025-01-26
207915;Kobieta;18;1003;Occasional;2025-12-18
207916;Kobieta;28;1017;Occasional;2025-04-14
207917;Kobieta;24;1011;Regular;2023-06-13
207918;Kobieta;55;1013;Regular;2026-03-19
207919;Kobieta;35;1011;Regular;2021-06-29
207920;Kobieta;28;1009;Regular;2023-01-19
207921;Kobieta;35;1010;Occasional;2023-12-19
207922;Kobieta;31;1016;Regular;2022-01-10
207923;Kobieta;30;1008;Regular;2024-07-27
207924;Kobieta;16;1009;Occasional;2023-02-17
207925;Kobieta;40;1011;Regular;2021-07-09
207926;Kobieta;16;1014;Occasional;2023-08-09
207927;Kobieta;49;1002;VIP;2021-12-08
207928;Kobieta;46;1016;Occasional;2023-07-22
207929;Kobieta;46;1016;Regular;2022-01-17
207930;Kobieta;46;1003;Regular;2026-02-02
207931;Kobieta;18;1017;Regular;2025-04-01
207932;Kobieta;29;1010;Occasional;2021-10-05
207933;Kobieta;29;1015;Occasional;2022-11-04
207934;Mężczyzna;51;1010;Regular;2026-04-01
207935;Kobieta;36;1001;Regular;2023-03-14
207936;Kobieta;35;1007;Regular;2024-06-20
207937;Kobieta;34;1008;Regular;2022-03-25
207938;Kobieta;25;1017;Occasional;2024-01-13
207939;Kobieta;32;1011;Occasional;2021-12-20
207940;Kobieta;34;1004;Regular;2025-06-04
207941;Kobieta;27;1007;Occasional;2024-11-13
207942;Kobieta;42;1016;Regular;2025-06-27
207943;Kobieta;16;1005;Regular;2025-09-10
207944;Kobieta;25;1008;Occasional;2022-08-10
207945;Kobieta;24;1003;Occasional;2024-02-27
207946;Kobieta;16;1018;Occasional;2021-05-04
207947;Kobieta;28;1008;Occasional;2023-12-20
207948;Kobieta;42;1014;Occasional;2023-04-09
207949;Kobieta;53;1001;Occasional;2022-02-23
207950;Kobieta;36;1015;Regular;2021-03-21
207951;Kobieta;22;1004;Regular;2025-10-27
207952;Kobieta;33;1007;Regular;2023-05-26
207953;Mężczyzna;25;1002;Regular;2021-10-06
207954;Kobieta;50;1001;Regular;2022-06-19
207955;Kobieta;26;1003;Regular;2021-07-13
207956;Kobieta;16;1009;Regular;2025-11-08
207957;Kobieta;35;1003;Regular;2025-01-17
207958;Mężczyzna;16;1004;Occasional;2024-08-22
207959;Kobieta;25;1013;Occasional;2023-09-01
207960;Kobieta;26;1002;Occasional;2024-09-17
207961;Kobieta;36;1013;New;2025-01-18
207962;Mężczyzna;41;1007;Regular;2022-03-26
207963;Kobieta;43;1013;Occasional;2022-06-05
207964;Kobieta;40;1005;VIP;2025-07-02
207965;Kobieta;30;1017;VIP;2025-07-09
207966;Mężczyzna;34;1012;Regular;2025-01-06
207967;Kobieta;53;1008;Occasional;2024-07-02
207968;Kobieta;64;1016;VIP;2023-02-04
207969;Kobieta;29;1005;Occasional;2021-08-24
207970;Kobieta;43;1010;Regular;2024-03-21
207971;Kobieta;39;1018;Regular;2022-07-30
207972;Mężczyzna;49;1002;Occasional;2023-06-08
207973;Kobieta;42;1016;Regular;2026-01-03
207974;Kobieta;41;1018;Occasional;2021-10-12
207975;Kobieta;26;1005;Regular;2025-04-23
207976;Mężczyzna;42;1008;Regular;2025-01-19
207977;Kobieta;25;1014;Regular;2022-01-12
207978;Kobieta;45;1016;Regular;2021-10-27
207979;Mężczyzna;48;1013;VIP;2025-07-04
207980;Kobieta;30;1012;Occasional;2021-04-03
207981;Kobieta;25;1012;Occasional;2025-12-31
207982;Kobieta;67;1011;VIP;2023-01-16
207983;Kobieta;40;1014;Regular;2021-11-12
207984;Kobieta;25;1001;Occasional;2024-11-16
207985;Kobieta;23;1006;VIP;2024-10-12
207986;Kobieta;18;1017;Regular;2025-04-24
207987;Kobieta;41;1013;Occasional;2022-08-13
207988;Kobieta;43;1003;New;2026-05-21
207989;Mężczyzna;26;1013;New;2021-09-11
207990;Kobieta;26;1010;Regular;2025-04-26
207991;Kobieta;38;1001;New;2022-06-27
207992;Mężczyzna;31;1011;Regular;2026-05-09
207993;Kobieta;44;1013;Regular;2022-11-15
207994;Kobieta;28;1018;Regular;2025-10-28
207995;Kobieta;46;1014;Occasional;2023-09-13
207996;Kobieta;22;1005;Regular;2021-11-09
207997;Mężczyzna;48;1016;VIP;2024-10-24
207998;Kobieta;38;1009;Occasional;2022-01-07
207999;Kobieta;53;1007;Regular;2025-01-14
208000;Mężczyzna;24;1007;Occasional;2025-03-01
208001;Kobieta;41;1005;Occasional;2022-11-30
208002;Kobieta;42;1004;Occasional;2022-09-18
208003;Mężczyzna;51;1006;Occasional;2021-07-30
208004;Kobieta;40;1005;Regular;2022-06-21
208005;Kobieta;31;1014;Regular;2023-03-04
208006;Kobieta;36;1018;Regular;2025-08-09
208007;Kobieta;16;1015;Occasional;2022-02-04
208008;Kobieta;17;1014;Occasional;2022-09-13
208009;Kobieta;16;1015;Regular;2021-04-07
208010;Kobieta;24;1008;Regular;2023-01-12
208011;Kobieta;19;1004;Regular;2025-01-28
208012;Kobieta;22;1009;Regular;2021-08-07
208013;Mężczyzna;35;1004;New;2024-09-02
208014;Kobieta;16;1008;Occasional;2021-01-12
208015;Kobieta;48;1011;Occasional;2023-06-13
208016;Kobieta;29;1012;Regular;2025-06-24
208017;Kobieta;46;1004;New;2022-06-24
208018;Kobieta;41;1012;New;2025-06-26
208019;Kobieta;35;1001;Occasional;2025-07-07
208020;Kobieta;24;1001;Occasional;2025-07-21
208021;Kobieta;42;1009;New;2021-09-11
208022;Kobieta;37;1017;VIP;2022-07-06
208023;Kobieta;43;1012;Occasional;2024-04-17
208024;Mężczyzna;40;1014;Regular;2021-05-01
208025;Kobieta;40;1003;Regular;2024-09-13
208026;Kobieta;40;1001;Regular;2022-11-06
208027;Kobieta;43;1008;Occasional;2022-12-09
208028;Kobieta;40;1013;Occasional;2026-05-30
208029;Kobieta;41;1015;Regular;2022-03-21
208030;Kobieta;35;1005;Regular;2025-07-12
208031;Kobieta;41;1013;Regular;2024-02-26
208032;Kobieta;31;1005;Regular;2021-08-13
208033;Kobieta;28;1010;Occasional;2022-04-05
208034;Kobieta;19;1001;Regular;2025-08-01
208035;Mężczyzna;28;1017;VIP;2025-01-10
208036;Mężczyzna;24;1008;Regular;2024-03-23
208037;Kobieta;32;1008;Occasional;2023-03-06
208038;Kobieta;37;1015;Occasional;2023-09-14
208039;Mężczyzna;36;1009;Regular;2025-01-31
208040;Kobieta;20;1010;Occasional;2025-07-31
208041;Kobieta;29;1009;New;2022-06-18
208042;Kobieta;26;1007;Occasional;2024-05-23
208043;Mężczyzna;33;1010;Regular;2021-01-05
208044;Kobieta;34;1009;Regular;2025-08-17
208045;Kobieta;45;1009;Regular;2022-11-27
208046;Kobieta;39;1018;Occasional;2024-04-06
208047;Kobieta;16;1003;VIP;2024-08-17
208048;Kobieta;37;1016;Regular;2025-01-06
208049;Kobieta;39;1017;Regular;2021-02-04
208050;Kobieta;35;1005;Occasional;2025-06-08
208051;Kobieta;46;1003;Regular;2022-11-08
208052;Kobieta;47;1001;Occasional;2024-07-12
208053;Kobieta;43;1013;Regular;2023-02-21
208054;Mężczyzna;29;1015;Regular;2022-10-27
208055;Kobieta;28;1003;Occasional;2025-10-30
208056;Kobieta;27;1007;Occasional;2024-03-17
208057;Kobieta;39;1017;Occasional;2021-09-12
208058;Mężczyzna;55;1002;Occasional;2021-06-12
208059;Kobieta;42;1012;Regular;2024-08-22
208060;Kobieta;51;1009;Regular;2023-07-09
208061;Kobieta;30;1006;VIP;2023-08-28
208062;Mężczyzna;32;1010;Regular;2021-12-18
208063;Mężczyzna;39;1006;VIP;2024-05-14
208064;Mężczyzna;47;1004;Regular;2024-09-07
208065;Kobieta;36;1002;Regular;2021-01-25
208066;Kobieta;39;1014;Occasional;2021-01-25
208067;Kobieta;48;1005;VIP;2026-04-30
208068;Kobieta;20;1005;Regular;2023-12-05
208069;Kobieta;53;1009;Regular;2024-12-24
208070;Mężczyzna;27;1011;Occasional;2026-05-07
208071;Kobieta;16;1016;VIP;2024-05-29
208072;Kobieta;33;1002;Occasional;2023-07-02
208073;Mężczyzna;49;1018;New;2025-05-05
208074;Kobieta;47;1017;Occasional;2022-08-21
208075;Kobieta;16;1001;Regular;2025-01-04
208076;Kobieta;42;1014;New;2026-04-05
208077;Kobieta;50;1015;Regular;2021-04-27
208078;Mężczyzna;31;1010;Occasional;2026-05-05
208079;Kobieta;27;1013;Occasional;2021-06-03
208080;Kobieta;30;1006;Regular;2024-02-01
208081;Kobieta;31;1004;VIP;2023-12-20
208082;Kobieta;28;1003;Regular;2023-01-19
208083;Kobieta;41;1004;New;2023-03-08
208084;Kobieta;36;1017;Occasional;2021-05-14
208085;Mężczyzna;18;1005;New;2025-11-12
208086;Kobieta;38;1017;Regular;2024-01-16
208087;Kobieta;58;1010;Occasional;2023-01-18
208088;Kobieta;24;1012;New;2023-06-19
208089;Kobieta;16;1002;Regular;2023-10-24
208090;Kobieta;19;1008;Occasional;2021-03-25
208091;Kobieta;41;1005;New;2024-11-12
208092;Kobieta;24;1004;Regular;2022-06-07
208093;Kobieta;53;1004;Occasional;2024-01-24
208094;Kobieta;26;1010;Regular;2023-07-17
208095;Kobieta;31;1014;Occasional;2022-12-23
208096;Kobieta;27;1014;VIP;2025-06-30
208097;Kobieta;20;1001;Regular;2025-07-28
208098;Kobieta;16;1010;Regular;2023-07-27
208099;Mężczyzna;19;1007;Regular;2025-07-16
208100;Kobieta;21;1007;Regular;2023-11-08
208101;Kobieta;21;1011;Regular;2026-05-16
208102;Kobieta;36;1001;Regular;2025-04-08
208103;Kobieta;31;1005;New;2025-02-08
208104;Mężczyzna;53;1018;Regular;2024-11-19
208105;Kobieta;59;1004;Regular;2021-04-27
208106;Kobieta;33;1004;Regular;2023-09-13
208107;Kobieta;33;1006;Regular;2026-05-08
208108;Kobieta;52;1006;Occasional;2026-04-17
208109;Kobieta;33;1012;Occasional;2025-06-21
208110;Mężczyzna;31;1005;Occasional;2025-08-30
208111;Kobieta;21;1011;Regular;2026-04-22
208112;Kobieta;44;1011;New;2023-04-02
208113;Kobieta;53;1005;Occasional;2025-07-06
208114;Mężczyzna;36;1002;Occasional;2021-09-19
208115;Kobieta;16;1001;VIP;2022-09-20
208116;Kobieta;34;1006;Regular;2024-07-04
208117;Kobieta;68;1006;VIP;2023-03-04
208118;Kobieta;46;1013;Occasional;2023-05-19
208119;Kobieta;50;1018;Occasional;2022-03-26
208120;Kobieta;36;1003;Regular;2024-01-05
208121;Kobieta;33;1015;Regular;2025-07-03
208122;Kobieta;49;1007;Regular;2023-12-06
208123;Kobieta;28;1009;Occasional;2021-09-10
208124;Kobieta;16;1013;Occasional;2025-05-13
208125;Kobieta;32;1014;Occasional;2025-09-26
208126;Kobieta;40;1017;Occasional;2022-12-07
208127;Kobieta;16;1005;Regular;2023-12-31
208128;Kobieta;58;1002;Regular;2025-01-08
208129;Kobieta;22;1016;Regular;2022-06-30
208130;Kobieta;43;1004;Occasional;2025-10-14
208131;Kobieta;35;1001;Regular;2021-11-13
208132;Kobieta;16;1018;New;2021-06-18
208133;Kobieta;34;1007;Regular;2021-03-03
208134;Kobieta;48;1016;Occasional;2021-07-31
208135;Kobieta;26;1002;Regular;2025-03-28
208136;Kobieta;40;1006;Occasional;2023-03-09
208137;Kobieta;38;1016;VIP;2024-06-23
208138;Kobieta;21;1006;Occasional;2026-02-16
208139;Kobieta;27;1002;New;2023-02-20
208140;Kobieta;37;1010;VIP;2025-07-27
208141;Kobieta;29;1013;Regular;2023-12-09
208142;Kobieta;23;1015;Regular;2025-06-18
208143;Kobieta;38;1008;Regular;2022-07-28
208144;Kobieta;37;1001;Regular;2023-02-15
208145;Kobieta;49;1002;Occasional;2022-09-03
208146;Mężczyzna;47;1005;Regular;2022-02-02
208147;Kobieta;64;1016;Occasional;2023-04-26
208148;Kobieta;20;1002;Regular;2023-04-09
208149;Kobieta;46;1001;Occasional;2022-11-12
208150;Kobieta;25;1013;Occasional;2026-01-06
208151;Kobieta;33;1017;Regular;2024-05-15
208152;Mężczyzna;19;1018;Occasional;2026-04-04
208153;Kobieta;34;1009;Occasional;2021-06-06
208154;Kobieta;45;1008;Occasional;2022-09-15
208155;Mężczyzna;31;1017;VIP;2026-03-24
208156;Kobieta;43;1001;Regular;2023-11-17
208157;Kobieta;44;1018;Occasional;2022-04-10
208158;Kobieta;37;1017;Regular;2021-02-24
208159;Kobieta;38;1015;Occasional;2024-11-04
208160;Kobieta;26;1012;Regular;2024-06-18
208161;Kobieta;18;1015;VIP;2023-10-11
208162;Kobieta;41;1015;Occasional;2022-03-13
208163;Kobieta;35;1012;Occasional;2022-01-02
208164;Kobieta;16;1002;Occasional;2022-11-20
208165;Kobieta;28;1014;Occasional;2023-10-27
208166;Kobieta;38;1004;Occasional;2023-06-30
208167;Kobieta;27;1016;Regular;2024-07-31
208168;Kobieta;38;1001;Occasional;2022-05-07
208169;Kobieta;25;1017;VIP;2024-05-04
208170;Kobieta;22;1011;Regular;2022-08-29
208171;Kobieta;49;1006;Occasional;2021-03-13
208172;Kobieta;39;1010;VIP;2024-11-09
208173;Kobieta;16;1015;New;2026-01-31
208174;Kobieta;51;1007;Occasional;2024-01-01
208175;Kobieta;32;1015;New;2025-01-22
208176;Kobieta;16;1008;New;2024-05-26
208177;Kobieta;26;1018;Occasional;2023-07-18
208178;Kobieta;30;1009;Occasional;2021-06-17
208179;Kobieta;22;1018;VIP;2021-06-21
208180;Kobieta;20;1002;New;2021-09-13
208181;Mężczyzna;37;1005;Regular;2024-12-17
208182;Kobieta;39;1016;Occasional;2023-01-10
208183;Kobieta;40;1010;Occasional;2022-08-04
208184;Kobieta;36;1016;Regular;2021-11-22
208185;Kobieta;25;1008;New;2023-11-19
208186;Kobieta;16;1003;VIP;2024-10-18
208187;Kobieta;49;1005;Regular;2024-01-01
208188;Kobieta;26;1005;Regular;2023-01-05
208189;Mężczyzna;33;1002;Occasional;2024-08-07
208190;Kobieta;35;1012;Occasional;2026-05-21
208191;Kobieta;39;1011;Regular;2026-04-15
208192;Kobieta;24;1015;Regular;2021-05-18
208193;Kobieta;16;1003;Regular;2025-09-25
208194;Kobieta;39;1011;Occasional;2023-07-02
208195;Kobieta;38;1009;Occasional;2025-01-20
208196;Kobieta;49;1008;Regular;2023-04-15
208197;Kobieta;41;1008;VIP;2024-09-24
208198;Kobieta;42;1009;Occasional;2022-07-16
208199;Kobieta;42;1017;Regular;2021-01-19
208200;Kobieta;47;1012;Occasional;2024-01-23
208201;Kobieta;28;1009;Regular;2021-11-04
208202;Kobieta;51;1017;Occasional;2023-09-12
208203;Kobieta;40;1010;Regular;2021-12-05
208204;Kobieta;25;1007;Regular;2024-07-12
208205;Kobieta;37;1001;VIP;2023-02-04
208206;Kobieta;22;1016;Regular;2024-11-07
208207;Mężczyzna;51;1018;Regular;2021-03-13
208208;Kobieta;33;1012;New;2024-02-22
208209;Kobieta;39;1008;VIP;2024-09-19
208210;Mężczyzna;53;1004;Regular;2023-08-20
208211;Kobieta;33;1015;Regular;2024-04-02
208212;Mężczyzna;33;1014;New;2023-08-27
208213;Kobieta;27;1015;Regular;2021-02-18
208214;Kobieta;42;1011;Regular;2023-12-18
208215;Mężczyzna;48;1006;Regular;2021-09-02
208216;Kobieta;31;1014;Regular;2021-12-02
208217;Kobieta;49;1013;Regular;2024-01-31
208218;Kobieta;47;1015;Regular;2026-02-27
208219;Kobieta;35;1004;Regular;2023-03-02
208220;Mężczyzna;16;1004;Regular;2023-07-06
208221;Mężczyzna;16;1017;VIP;2023-05-09
208222;Mężczyzna;27;1011;Occasional;2022-10-09
208223;Mężczyzna;40;1011;Occasional;2022-04-02
208224;Kobieta;48;1005;Regular;2026-02-11
208225;Mężczyzna;27;1014;Occasional;2025-05-14
208226;Kobieta;35;1004;Regular;2023-11-02
208227;Kobieta;32;1003;Regular;2021-08-18
208228;Kobieta;16;1003;New;2023-11-23
208229;Kobieta;42;1007;Occasional;2022-08-25
208230;Kobieta;36;1005;Occasional;2024-06-12
208231;Mężczyzna;45;1015;Regular;2022-07-29
208232;Kobieta;37;1007;Occasional;2024-07-16
208233;Kobieta;21;1011;Occasional;2021-09-15
208234;Kobieta;35;1011;Regular;2021-01-12
208235;Kobieta;46;1011;Regular;2022-10-02
208236;Kobieta;50;1006;New;2023-08-04
208237;Kobieta;24;1012;VIP;2021-02-25
208238;Kobieta;35;1013;New;2023-03-15
208239;Kobieta;34;1009;Occasional;2022-05-27
208240;Kobieta;52;1015;Occasional;2024-07-08
208241;Kobieta;43;1011;VIP;2023-10-24
208242;Kobieta;39;1015;Regular;2022-03-25
208243;Kobieta;33;1016;Occasional;2025-08-28
208244;Kobieta;53;1005;Occasional;2022-12-12
208245;Kobieta;31;1008;Regular;2024-10-09
208246;Mężczyzna;50;1008;Occasional;2025-06-23
208247;Mężczyzna;21;1014;Occasional;2023-11-02
208248;Kobieta;48;1016;Regular;2023-08-07
208249;Kobieta;28;1014;Occasional;2023-07-19
208250;Kobieta;25;1007;Occasional;2021-02-07
208251;Kobieta;35;1014;Occasional;2026-05-18
208252;Kobieta;43;1015;Occasional;2021-08-21
208253;Kobieta;36;1013;Regular;2022-11-16
208254;Mężczyzna;19;1016;Regular;2022-02-08
208255;Kobieta;51;1001;Occasional;2022-07-12
208256;Kobieta;35;1008;Occasional;2021-09-04
208257;Kobieta;26;1012;Regular;2024-02-09
208258;Kobieta;41;1008;VIP;2025-08-24
208259;Kobieta;29;1010;Occasional;2026-04-17
208260;Kobieta;46;1016;New;2025-12-27
208261;Kobieta;22;1004;Regular;2021-10-29
208262;Kobieta;17;1018;Regular;2023-10-14
208263;Mężczyzna;41;1015;Occasional;2023-06-22
208264;Kobieta;34;1006;Regular;2025-03-04
208265;Mężczyzna;36;1007;Regular;2024-05-22
208266;Kobieta;29;1014;Regular;2021-02-16
208267;Kobieta;41;1006;VIP;2021-09-01
208268;Kobieta;16;1002;New;2026-01-18
208269;Kobieta;46;1016;Occasional;2021-12-07
208270;Kobieta;33;1006;Regular;2023-03-28
208271;Kobieta;29;1011;Regular;2025-07-25
208272;Mężczyzna;34;1012;Occasional;2024-02-26
208273;Kobieta;16;1012;Regular;2024-07-24
208274;Kobieta;34;1001;New;2023-11-11
208275;Kobieta;16;1007;Regular;2025-02-15
208276;Kobieta;25;1012;Regular;2024-11-02
208277;Kobieta;34;1009;New;2021-02-16
208278;Kobieta;33;1010;New;2023-04-03
208279;Kobieta;39;1016;Occasional;2024-07-22
208280;Kobieta;39;1012;Occasional;2024-06-25
208281;Kobieta;56;1001;Occasional;2021-07-16
208282;Kobieta;48;1007;Occasional;2024-04-09
208283;Kobieta;19;1004;Regular;2022-09-13
208284;Mężczyzna;16;1018;VIP;2025-06-07
208285;Kobieta;40;1017;Occasional;2025-07-31
208286;Mężczyzna;18;1001;Occasional;2023-03-29
208287;Kobieta;25;1005;New;2022-12-18
208288;Kobieta;37;1014;Regular;2023-09-26
208289;Mężczyzna;44;1011;Regular;2026-04-27
208290;Mężczyzna;33;1006;Regular;2023-06-04
208291;Kobieta;29;1004;VIP;2021-06-04
208292;Kobieta;30;1014;VIP;2024-11-24
208293;Kobieta;47;1010;Occasional;2024-12-18
208294;Kobieta;42;1001;Regular;2026-01-07
208295;Kobieta;36;1017;Occasional;2022-03-22
208296;Kobieta;42;1018;Regular;2021-10-26
208297;Kobieta;42;1002;VIP;2023-11-27
208298;Kobieta;37;1010;Regular;2025-11-14
208299;Kobieta;33;1010;Occasional;2025-06-20
208300;Kobieta;39;1001;VIP;2023-10-05
208301;Mężczyzna;53;1005;New;2024-05-27
208302;Kobieta;43;1011;Occasional;2024-04-04
208303;Kobieta;41;1004;Occasional;2026-01-29
208304;Mężczyzna;62;1001;Regular;2024-07-28
208305;Kobieta;16;1003;Occasional;2022-09-23
208306;Kobieta;37;1013;Occasional;2023-11-30
208307;Kobieta;36;1008;Occasional;2026-01-16
208308;Kobieta;27;1004;New;2023-11-01
208309;Kobieta;16;1016;Regular;2023-01-22
208310;Mężczyzna;36;1002;Occasional;2024-03-26
208311;Kobieta;26;1003;Occasional;2025-12-06
208312;Kobieta;21;1005;New;2024-06-27
208313;Kobieta;49;1012;Regular;2024-01-11
208314;Kobieta;33;1012;New;2022-07-16
208315;Mężczyzna;16;1018;Regular;2025-01-13
208316;Kobieta;38;1016;Regular;2025-09-23
208317;Kobieta;26;1002;Occasional;2024-02-19
208318;Kobieta;18;1004;Occasional;2026-05-12
208319;Kobieta;27;1016;Regular;2025-06-21
208320;Kobieta;46;1003;New;2025-06-02
208321;Kobieta;20;1018;Occasional;2021-01-10
208322;Kobieta;35;1009;Occasional;2026-02-06
208323;Kobieta;35;1009;VIP;2025-03-20
208324;Kobieta;35;1015;Regular;2025-02-22
208325;Mężczyzna;47;1015;Occasional;2022-05-01
208326;Kobieta;20;1011;Regular;2022-01-24
208327;Kobieta;40;1008;Occasional;2022-12-18
208328;Kobieta;44;1017;Occasional;2025-11-15
208329;Kobieta;20;1012;Regular;2025-10-22
208330;Kobieta;35;1007;Occasional;2021-01-11
208331;Kobieta;36;1005;Regular;2023-09-21
208332;Kobieta;34;1015;Regular;2022-03-14
208333;Kobieta;56;1011;New;2022-01-10
208334;Kobieta;26;1015;Regular;2026-01-12
208335;Kobieta;26;1015;Occasional;2026-01-05
208336;Mężczyzna;20;1007;Regular;2024-02-09
208337;Kobieta;36;1018;Regular;2021-07-03
208338;Kobieta;31;1018;Regular;2021-02-17
208339;Kobieta;28;1013;Regular;2023-07-20
208340;Kobieta;53;1017;Regular;2022-05-15
208341;Kobieta;29;1008;Regular;2022-03-04
208342;Kobieta;29;1009;Occasional;2021-11-25
208343;Kobieta;16;1012;VIP;2021-03-24
208344;Kobieta;43;1002;Regular;2025-12-08
208345;Mężczyzna;44;1001;Occasional;2021-02-16
208346;Kobieta;49;1002;Regular;2022-08-11
208347;Kobieta;29;1003;Regular;2025-04-06
208348;Kobieta;19;1001;Regular;2022-03-19
208349;Kobieta;41;1002;Occasional;2023-09-30
208350;Kobieta;29;1006;VIP;2025-12-20
208351;Mężczyzna;38;1014;Occasional;2025-12-24
208352;Kobieta;26;1004;Occasional;2024-07-06
208353;Kobieta;38;1018;Occasional;2025-04-07
208354;Kobieta;37;1007;Occasional;2022-06-12
208355;Kobieta;34;1009;Regular;2022-03-29
208356;Kobieta;31;1010;Regular;2021-07-02
208357;Kobieta;47;1017;Regular;2022-11-09
208358;Kobieta;40;1001;New;2022-10-02
208359;Kobieta;32;1018;Regular;2023-12-30
208360;Kobieta;63;1012;Regular;2024-02-14
208361;Kobieta;42;1012;Occasional;2023-02-13
208362;Mężczyzna;40;1003;VIP;2025-11-16
208363;Kobieta;34;1003;Regular;2022-04-20
208364;Kobieta;29;1009;Regular;2023-01-23
208365;Kobieta;23;1018;Occasional;2021-02-26
208366;Kobieta;46;1018;Occasional;2026-05-28
208367;Kobieta;27;1018;Regular;2023-01-01
208368;Kobieta;26;1001;Regular;2022-01-09
208369;Kobieta;48;1014;Occasional;2023-06-20
208370;Kobieta;18;1018;VIP;2026-05-01
208371;Kobieta;31;1006;Occasional;2021-08-24
208372;Mężczyzna;37;1016;Regular;2024-06-21
208373;Kobieta;20;1013;Regular;2024-10-24
208374;Kobieta;44;1011;Regular;2021-06-12
208375;Kobieta;51;1008;Regular;2021-02-23
208376;Kobieta;16;1009;Occasional;2024-07-07
208377;Mężczyzna;49;1007;Occasional;2024-05-19
208378;Kobieta;43;1006;Regular;2023-06-01
208379;Kobieta;33;1016;Regular;2022-01-07
208380;Kobieta;31;1013;Regular;2022-09-27
208381;Kobieta;52;1004;Occasional;2021-10-02
208382;Kobieta;45;1017;Regular;2025-08-22
208383;Kobieta;37;1015;Regular;2021-09-05
208384;Mężczyzna;21;1004;Regular;2021-05-22
208385;Kobieta;46;1013;VIP;2023-08-02
208386;Kobieta;36;1013;Regular;2024-09-20
208387;Kobieta;16;1006;Regular;2022-08-03
208388;Kobieta;32;1016;Regular;2021-06-29
208389;Kobieta;25;1005;Occasional;2023-06-17
208390;Kobieta;26;1009;VIP;2025-11-02
208391;Mężczyzna;44;1017;VIP;2026-02-25
208392;Mężczyzna;33;1002;New;2023-06-22
208393;Kobieta;45;1018;Regular;2024-11-28
208394;Mężczyzna;41;1010;Regular;2023-01-29
208395;Kobieta;24;1016;Occasional;2025-04-11
208396;Mężczyzna;45;1013;Regular;2022-01-19
208397;Kobieta;26;1004;Regular;2021-09-27
208398;Kobieta;43;1006;VIP;2021-08-02
208399;Kobieta;32;1018;Regular;2021-12-25
208400;Kobieta;45;1006;VIP;2025-09-20
208401;Mężczyzna;47;1001;Occasional;2021-07-17
208402;Kobieta;24;1006;Occasional;2022-03-07
208403;Mężczyzna;35;1002;Occasional;2023-02-02
208404;Kobieta;63;1014;Occasional;2024-09-27
208405;Kobieta;27;1014;Occasional;2025-04-17
208406;Kobieta;35;1004;Regular;2026-02-25
208407;Kobieta;33;1009;Occasional;2025-08-21
208408;Kobieta;30;1009;New;2023-11-28
208409;Mężczyzna;26;1003;Regular;2021-03-07
208410;Kobieta;31;1012;Occasional;2024-02-17
208411;Mężczyzna;39;1014;Regular;2025-11-03
208412;Kobieta;37;1010;VIP;2023-04-07
208413;Mężczyzna;16;1008;Occasional;2024-07-10
208414;Kobieta;28;1010;Regular;2025-12-08
208415;Kobieta;46;1017;Regular;2022-07-27
208416;Kobieta;44;1010;VIP;2022-05-13
208417;Mężczyzna;32;1005;Occasional;2022-11-12
208418;Kobieta;38;1010;VIP;2025-03-23
208419;Mężczyzna;24;1007;Occasional;2025-12-04
208420;Kobieta;16;1004;Occasional;2021-08-29
208421;Mężczyzna;27;1004;Regular;2022-09-25
208422;Kobieta;26;1008;VIP;2022-06-24
208423;Kobieta;28;1007;Regular;2022-07-14
208424;Kobieta;45;1017;Occasional;2025-09-06
208425;Kobieta;35;1009;Occasional;2023-01-07
208426;Kobieta;37;1017;Regular;2021-12-22
208427;Kobieta;23;1017;Regular;2022-01-02
208428;Kobieta;24;1008;Regular;2024-07-13
208429;Kobieta;39;1003;Occasional;2025-05-05
208430;Kobieta;43;1004;Regular;2025-12-04
208431;Kobieta;19;1013;Regular;2024-04-05
208432;Kobieta;45;1014;New;2026-03-09
208433;Kobieta;57;1013;Regular;2025-10-08
208434;Kobieta;49;1014;Regular;2023-08-26
208435;Kobieta;43;1010;Occasional;2021-06-05
208436;Kobieta;27;1013;Regular;2024-10-13
208437;Kobieta;22;1013;Occasional;2023-09-03
208438;Kobieta;31;1004;Regular;2024-04-09
208439;Kobieta;32;1002;Regular;2025-04-03
208440;Kobieta;55;1002;Occasional;2022-04-26
208441;Kobieta;37;1013;Occasional;2025-07-21
208442;Kobieta;50;1017;Regular;2024-08-07
208443;Kobieta;39;1002;Regular;2026-05-13
208444;Kobieta;20;1009;Regular;2022-11-22
208445;Kobieta;40;1008;Occasional;2022-01-15
208446;Kobieta;36;1017;Occasional;2025-01-30
208447;Kobieta;44;1007;New;2025-02-12
208448;Kobieta;22;1015;Regular;2021-08-22
208449;Mężczyzna;18;1010;Occasional;2022-12-25
208450;Kobieta;31;1011;Regular;2025-08-15
208451;Kobieta;41;1011;Regular;2025-05-01
208452;Kobieta;23;1004;Regular;2022-06-21
208453;Kobieta;43;1015;Occasional;2022-06-10
208454;Kobieta;27;1007;Regular;2022-08-01
208455;Mężczyzna;39;1017;Occasional;2022-12-05
208456;Kobieta;26;1008;Occasional;2025-02-19
208457;Kobieta;41;1008;New;2024-02-14
208458;Kobieta;33;1006;Regular;2025-05-08
208459;Kobieta;55;1008;Occasional;2023-04-23
208460;Kobieta;39;1002;Occasional;2025-07-25
208461;Mężczyzna;37;1001;Occasional;2025-02-08
208462;Kobieta;41;1007;Regular;2026-02-27
208463;Kobieta;20;1006;Occasional;2025-03-14
208464;Kobieta;48;1006;Regular;2024-10-10
208465;Mężczyzna;33;1012;New;2025-03-06
208466;Kobieta;17;1015;Regular;2026-04-11
208467;Kobieta;16;1002;Regular;2024-07-23
208468;Kobieta;28;1003;Occasional;2025-07-23
208469;Mężczyzna;28;1008;Regular;2023-12-16
208470;Kobieta;49;1017;VIP;2024-11-04
208471;Kobieta;61;1010;Regular;2024-09-23
208472;Kobieta;53;1013;Regular;2026-04-05
208473;Kobieta;32;1004;Occasional;2022-12-23
208474;Kobieta;16;1010;Regular;2023-05-12
208475;Kobieta;80;1006;Regular;2025-04-25
208476;Kobieta;29;1004;Occasional;2024-10-11
208477;Kobieta;30;1017;Occasional;2024-01-05
208478;Kobieta;42;1015;Regular;2024-06-10
208479;Kobieta;33;1007;Regular;2023-07-15
208480;Mężczyzna;28;1013;Regular;2023-01-10
208481;Kobieta;16;1005;New;2022-05-11
208482;Kobieta;16;1005;Regular;2021-02-19
208483;Kobieta;34;1003;Regular;2025-02-20
208484;Mężczyzna;62;1010;Occasional;2026-01-03
208485;Kobieta;31;1004;New;2022-04-21
208486;Kobieta;52;1016;VIP;2024-11-01
208487;Mężczyzna;50;1016;Occasional;2023-03-22
208488;Kobieta;21;1003;New;2021-12-18
208489;Kobieta;37;1007;Regular;2021-04-02
208490;Kobieta;22;1002;Regular;2024-06-23
208491;Kobieta;19;1003;Occasional;2022-04-16
208492;Kobieta;40;1005;Occasional;2023-02-08
208493;Kobieta;49;1003;Regular;2024-03-05
208494;Kobieta;20;1003;Regular;2022-09-14
208495;Kobieta;24;1011;Regular;2023-10-30
208496;Mężczyzna;26;1010;Occasional;2024-10-12
208497;Mężczyzna;43;1003;Occasional;2026-05-08
208498;Kobieta;18;1013;Regular;2022-03-19
208499;Kobieta;30;1002;Occasional;2021-11-05
208500;Kobieta;34;1009;Occasional;2025-10-12
208501;Kobieta;21;1008;Occasional;2025-04-03
208502;Kobieta;36;1016;Regular;2022-01-08
208503;Kobieta;57;1015;Occasional;2024-07-03
208504;Mężczyzna;26;1010;Regular;2022-11-06
208505;Kobieta;39;1009;Regular;2024-11-03
208506;Kobieta;44;1010;New;2021-10-06
208507;Kobieta;24;1003;Regular;2021-01-19
208508;Kobieta;41;1006;Occasional;2021-05-14
208509;Mężczyzna;19;1015;Occasional;2021-03-15
208510;Kobieta;33;1002;Occasional;2024-12-15
208511;Kobieta;25;1017;New;2024-06-07
208512;Kobieta;52;1009;Regular;2024-11-29
208513;Mężczyzna;40;1009;New;2022-12-19
208514;Kobieta;53;1013;Regular;2026-03-30
208515;Kobieta;36;1017;Occasional;2025-05-27
208516;Kobieta;22;1009;Regular;2021-05-16
208517;Mężczyzna;23;1015;Occasional;2023-03-27
208518;Kobieta;33;1006;Occasional;2023-09-05
208519;Kobieta;47;1015;Occasional;2021-04-02
208520;Kobieta;29;1014;Regular;2026-05-09
208521;Kobieta;29;1007;Regular;2021-12-19
208522;Kobieta;63;1001;Occasional;2025-03-25
208523;Kobieta;45;1014;Regular;2024-08-30
208524;Kobieta;37;1004;Regular;2022-07-10
208525;Kobieta;40;1014;Regular;2023-04-28
208526;Kobieta;39;1007;Regular;2024-08-28
208527;Kobieta;71;1013;Regular;2024-01-19
208528;Kobieta;37;1003;New;2023-07-05
208529;Kobieta;54;1010;Regular;2021-01-15
208530;Kobieta;28;1006;Occasional;2024-12-07
208531;Kobieta;61;1017;Occasional;2025-09-14
208532;Kobieta;39;1009;Occasional;2025-09-07
208533;Kobieta;54;1002;Regular;2025-01-08
208534;Kobieta;52;1011;Regular;2021-09-26
208535;Kobieta;28;1017;Regular;2023-05-07
208536;Kobieta;42;1013;Regular;2025-12-07
208537;Mężczyzna;35;1010;VIP;2025-08-19
208538;Kobieta;21;1008;New;2026-05-09
208539;Mężczyzna;44;1017;Regular;2023-12-04
208540;Kobieta;25;1007;Occasional;2024-08-29
208541;Kobieta;57;1011;VIP;2025-07-12
208542;Kobieta;39;1013;Occasional;2021-04-24
208543;Kobieta;28;1012;Occasional;2024-04-15
208544;Kobieta;16;1001;Regular;2024-02-10
208545;Kobieta;16;1015;Regular;2026-01-28
208546;Kobieta;36;1017;Regular;2021-08-24
208547;Kobieta;16;1004;Regular;2022-05-14
208548;Kobieta;19;1004;Occasional;2024-04-07
208549;Kobieta;57;1001;Occasional;2023-10-12
208550;Kobieta;47;1012;New;2021-09-08
208551;Kobieta;27;1013;Regular;2024-12-31
208552;Kobieta;36;1016;Regular;2024-01-26
208553;Mężczyzna;25;1017;Occasional;2025-07-12
208554;Mężczyzna;38;1008;Regular;2025-04-08
208555;Kobieta;38;1015;Regular;2023-01-28
208556;Kobieta;20;1008;Regular;2025-03-26
208557;Kobieta;29;1005;VIP;2025-05-22
208558;Kobieta;42;1004;New;2021-10-02
208559;Kobieta;27;1017;Regular;2023-08-26
208560;Kobieta;17;1010;Regular;2022-03-04
208561;Kobieta;51;1003;VIP;2021-01-02
208562;Mężczyzna;57;1005;Regular;2025-05-10
208563;Kobieta;37;1004;Regular;2023-10-26
208564;Mężczyzna;30;1005;Regular;2025-11-18
208565;Kobieta;39;1006;Occasional;2025-06-07
208566;Mężczyzna;24;1009;Regular;2022-02-15
208567;Kobieta;25;1015;New;2023-06-06
208568;Mężczyzna;44;1012;Occasional;2025-02-04
208569;Kobieta;17;1002;Occasional;2022-06-27
208570;Kobieta;38;1015;Occasional;2021-06-27
208571;Kobieta;33;1014;Regular;2022-12-08
208572;Kobieta;48;1018;Occasional;2021-03-05
208573;Kobieta;37;1018;Regular;2024-05-10
208574;Kobieta;16;1003;Occasional;2025-11-09
208575;Kobieta;52;1004;Regular;2026-05-21
208576;Kobieta;43;1014;Occasional;2024-04-13
208577;Kobieta;38;1006;Occasional;2025-01-29
208578;Kobieta;16;1018;Occasional;2023-05-18
208579;Kobieta;18;1011;Regular;2022-03-19
208580;Kobieta;46;1012;Regular;2022-07-23
208581;Kobieta;35;1001;Regular;2021-12-01
208582;Kobieta;43;1012;Regular;2023-04-27
208583;Kobieta;45;1007;Occasional;2022-03-08
208584;Kobieta;27;1008;Regular;2024-10-13
208585;Kobieta;42;1014;Regular;2023-01-15
208586;Kobieta;37;1012;Occasional;2022-04-20
208587;Kobieta;46;1016;Regular;2023-07-01
208588;Kobieta;28;1004;Regular;2023-04-10
208589;Kobieta;19;1018;Regular;2022-08-22
208590;Kobieta;36;1009;VIP;2025-11-27
208591;Kobieta;43;1008;Occasional;2024-09-11
208592;Kobieta;29;1016;New;2021-10-01
208593;Kobieta;26;1008;New;2025-08-03
208594;Mężczyzna;46;1011;New;2023-12-22
208595;Kobieta;58;1014;Regular;2023-01-13
208596;Kobieta;33;1009;Regular;2025-03-22
208597;Kobieta;38;1003;Occasional;2022-03-24
208598;Kobieta;32;1016;New;2022-03-11
208599;Kobieta;29;1011;Regular;2025-03-02
208600;Mężczyzna;16;1014;Regular;2021-04-09
208601;Kobieta;27;1017;Occasional;2021-09-03
208602;Kobieta;30;1018;Regular;2025-03-02
208603;Kobieta;32;1010;New;2022-07-15
208604;Mężczyzna;48;1002;VIP;2023-03-29
208605;Kobieta;16;1005;Regular;2026-01-10
208606;Kobieta;20;1002;Occasional;2023-10-08
208607;Kobieta;41;1018;Regular;2021-11-11
208608;Kobieta;41;1013;New;2024-12-10
208609;Kobieta;47;1011;Regular;2025-09-26
208610;Kobieta;39;1002;Occasional;2024-03-25
208611;Kobieta;21;1014;Regular;2024-07-01
208612;Kobieta;23;1012;Regular;2023-06-11
208613;Kobieta;25;1017;New;2023-08-06
208614;Kobieta;38;1002;Regular;2021-10-24
208615;Kobieta;33;1017;VIP;2026-05-22
208616;Kobieta;40;1007;Occasional;2023-10-15
208617;Kobieta;30;1011;Regular;2026-03-26
208618;Kobieta;46;1015;Occasional;2023-02-12
208619;Kobieta;32;1004;Regular;2024-06-24
208620;Kobieta;18;1003;Regular;2021-08-07
208621;Mężczyzna;16;1003;New;2021-09-07
208622;Kobieta;48;1018;Occasional;2021-08-27
208623;Mężczyzna;49;1001;Regular;2023-02-22
208624;Mężczyzna;16;1004;VIP;2024-11-14
208625;Kobieta;21;1014;Regular;2023-11-02
208626;Kobieta;46;1005;Occasional;2024-12-16
208627;Kobieta;49;1007;Occasional;2021-07-23
208628;Mężczyzna;19;1003;Occasional;2022-01-01
208629;Kobieta;29;1010;Regular;2024-05-23
208630;Mężczyzna;18;1003;Occasional;2024-07-25
208631;Kobieta;33;1006;Occasional;2023-05-19
208632;Kobieta;36;1018;New;2022-11-20
208633;Kobieta;16;1017;Regular;2024-11-30
208634;Mężczyzna;27;1002;Regular;2023-10-07
208635;Kobieta;52;1002;Regular;2024-06-18
208636;Kobieta;19;1014;Regular;2024-03-13
208637;Mężczyzna;31;1017;Occasional;2023-06-26
208638;Kobieta;50;1011;Regular;2025-02-24
208639;Kobieta;49;1016;New;2021-04-30
208640;Kobieta;31;1015;Occasional;2024-04-30
208641;Kobieta;35;1018;New;2025-12-22
208642;Kobieta;27;1008;Regular;2023-01-31
208643;Kobieta;50;1006;Regular;2021-10-02
208644;Mężczyzna;31;1010;Regular;2021-10-05
208645;Kobieta;16;1009;VIP;2022-08-10
208646;Kobieta;37;1006;Occasional;2024-06-13
208647;Kobieta;39;1012;New;2021-04-26
208648;Kobieta;33;1013;Occasional;2025-01-11
208649;Mężczyzna;40;1007;VIP;2021-03-01
208650;Kobieta;56;1005;Regular;2022-07-19
208651;Kobieta;32;1014;New;2022-11-04
208652;Kobieta;16;1003;VIP;2024-11-24
208653;Kobieta;34;1001;Regular;2021-10-10
208654;Mężczyzna;32;1002;Occasional;2021-07-13
208655;Kobieta;32;1002;Regular;2026-03-10
208656;Kobieta;41;1005;Occasional;2021-05-05
208657;Kobieta;51;1012;Occasional;2025-04-08
208658;Kobieta;47;1007;Regular;2022-08-15
208659;Mężczyzna;26;1007;Occasional;2024-04-26
208660;Kobieta;30;1003;Regular;2021-01-01
208661;Kobieta;16;1013;Regular;2025-03-14
208662;Kobieta;36;1018;VIP;2022-05-17
208663;Kobieta;53;1007;Occasional;2025-10-17
208664;Kobieta;16;1007;New;2022-08-30
208665;Kobieta;28;1009;Regular;2024-01-25
208666;Kobieta;24;1010;Occasional;2025-12-14
208667;Kobieta;31;1009;Occasional;2023-08-01
208668;Kobieta;24;1009;Regular;2025-07-24
208669;Kobieta;30;1018;Regular;2022-03-25
208670;Kobieta;35;1018;Occasional;2022-08-13
208671;Kobieta;43;1007;Regular;2021-01-05
208672;Kobieta;36;1001;Regular;2024-05-22
208673;Kobieta;18;1005;New;2021-11-21
208674;Kobieta;25;1012;New;2021-11-16
208675;Kobieta;36;1018;Occasional;2021-12-12
208676;Kobieta;47;1004;Occasional;2021-01-26
208677;Kobieta;16;1005;New;2022-04-03
208678;Kobieta;50;1016;Occasional;2023-05-16
208679;Kobieta;34;1001;Regular;2021-12-16
208680;Kobieta;36;1006;Occasional;2021-05-26
208681;Kobieta;21;1001;Regular;2021-03-27
208682;Mężczyzna;21;1004;Regular;2026-02-10
208683;Kobieta;28;1018;Occasional;2021-03-09
208684;Mężczyzna;39;1015;Regular;2021-02-10
208685;Mężczyzna;54;1014;Occasional;2024-02-28
208686;Kobieta;33;1006;Regular;2024-12-05
208687;Mężczyzna;32;1018;Regular;2021-04-02
208688;Kobieta;34;1009;Occasional;2023-01-31
208689;Kobieta;42;1011;Occasional;2022-12-12
208690;Mężczyzna;20;1002;Regular;2022-10-04
208691;Kobieta;31;1012;Occasional;2025-07-24
208692;Kobieta;30;1008;Occasional;2021-07-20
208693;Kobieta;36;1018;Regular;2025-11-03
208694;Kobieta;63;1003;Regular;2023-05-27
208695;Kobieta;35;1015;Regular;2025-10-08
208696;Kobieta;25;1001;Occasional;2023-03-20
208697;Kobieta;31;1015;New;2026-01-20
208698;Mężczyzna;45;1009;Occasional;2023-03-08
208699;Kobieta;33;1001;New;2024-12-12
208700;Kobieta;21;1016;Occasional;2025-02-12
208701;Kobieta;46;1006;Regular;2022-03-28
208702;Kobieta;30;1005;Regular;2022-11-16
208703;Kobieta;25;1015;Regular;2022-12-04
208704;Kobieta;50;1001;Regular;2023-08-12
208705;Kobieta;33;1003;Occasional;2025-07-16
208706;Kobieta;39;1008;New;2022-12-02
208707;Kobieta;56;1011;Occasional;2021-09-03
208708;Mężczyzna;16;1010;Occasional;2021-05-26
208709;Mężczyzna;22;1004;Regular;2025-02-07
208710;Kobieta;41;1016;Regular;2021-04-05
208711;Kobieta;42;1001;Occasional;2023-04-30
208712;Mężczyzna;41;1016;Occasional;2021-05-04
208713;Kobieta;26;1016;VIP;2021-07-04
208714;Kobieta;55;1017;Occasional;2021-12-12
208715;Kobieta;40;1007;Regular;2021-01-21
208716;Kobieta;19;1009;Regular;2022-03-29
208717;Kobieta;34;1002;VIP;2023-10-17
208718;Kobieta;23;1011;Regular;2021-10-03
208719;Kobieta;16;1005;Occasional;2023-02-13
208720;Kobieta;21;1013;Regular;2021-11-05
208721;Kobieta;49;1017;Regular;2021-09-19
208722;Kobieta;53;1009;Occasional;2026-03-10
208723;Kobieta;28;1010;New;2023-12-25
208724;Kobieta;46;1018;Regular;2021-10-17
208725;Kobieta;25;1006;Regular;2021-02-23
208726;Kobieta;32;1009;New;2025-07-23
208727;Kobieta;42;1009;Regular;2025-12-14
208728;Kobieta;44;1009;New;2023-05-26
208729;Kobieta;29;1014;Occasional;2023-03-07
208730;Kobieta;55;1018;Regular;2024-01-08
208731;Kobieta;31;1009;Regular;2026-05-23
208732;Kobieta;27;1006;Occasional;2026-03-14
208733;Kobieta;35;1016;Regular;2023-02-09
208734;Kobieta;35;1011;Occasional;2021-02-11
208735;Kobieta;38;1011;Occasional;2022-01-13
208736;Kobieta;20;1003;Regular;2024-12-13
208737;Kobieta;53;1017;New;2023-07-04
208738;Kobieta;16;1007;VIP;2025-08-22
208739;Kobieta;32;1011;Regular;2024-08-29
208740;Mężczyzna;16;1008;VIP;2023-11-29
208741;Kobieta;40;1002;New;2025-09-13
208742;Kobieta;36;1018;Regular;2022-09-23
208743;Mężczyzna;33;1008;Regular;2021-09-18
208744;Kobieta;39;1018;Occasional;2026-02-09
208745;Kobieta;39;1014;Regular;2025-01-12
208746;Kobieta;33;1008;Occasional;2026-04-12
208747;Mężczyzna;35;1002;Regular;2023-10-28
208748;Kobieta;20;1009;Occasional;2024-09-26
208749;Kobieta;36;1013;Regular;2025-09-19
208750;Mężczyzna;36;1005;Occasional;2022-02-28
208751;Kobieta;35;1002;Regular;2024-12-24
208752;Kobieta;31;1015;Occasional;2022-10-28
208753;Mężczyzna;43;1001;Regular;2023-03-05
208754;Kobieta;27;1001;Regular;2025-12-28
208755;Mężczyzna;34;1013;Regular;2026-04-12
208756;Kobieta;23;1016;Regular;2022-04-21
208757;Kobieta;38;1013;Occasional;2021-03-03
208758;Kobieta;53;1002;VIP;2024-11-01
208759;Kobieta;42;1002;Regular;2023-06-19
208760;Kobieta;34;1003;New;2025-11-24
208761;Mężczyzna;31;1013;Occasional;2023-04-13
208762;Kobieta;35;1017;Occasional;2021-03-11
208763;Mężczyzna;25;1005;Occasional;2026-04-25
208764;Kobieta;28;1017;VIP;2021-07-30
208765;Kobieta;57;1012;New;2023-05-26
208766;Kobieta;29;1006;Occasional;2022-05-14
208767;Kobieta;35;1002;VIP;2024-04-14
208768;Kobieta;41;1007;New;2024-01-04
208769;Kobieta;19;1016;Regular;2022-01-06
208770;Kobieta;23;1008;Regular;2025-06-26
208771;Kobieta;36;1014;Regular;2021-12-19
208772;Kobieta;27;1012;Occasional;2025-05-20
208773;Kobieta;41;1012;Regular;2025-07-13
208774;Kobieta;16;1011;Regular;2022-04-08
208775;Kobieta;42;1008;Regular;2025-11-27
208776;Kobieta;32;1013;Regular;2022-01-30
208777;Mężczyzna;28;1012;Occasional;2026-03-18
208778;Kobieta;28;1016;Occasional;2022-01-15
208779;Kobieta;42;1012;Occasional;2022-12-01
208780;Kobieta;16;1015;Regular;2022-09-30
208781;Kobieta;43;1005;Occasional;2024-12-04
208782;Kobieta;48;1009;VIP;2024-05-29
208783;Kobieta;54;1012;Regular;2024-09-03
208784;Mężczyzna;35;1007;VIP;2021-04-11
208785;Kobieta;30;1017;Regular;2025-11-28
208786;Kobieta;40;1002;Regular;2025-10-18
208787;Kobieta;16;1005;New;2023-07-28
208788;Kobieta;29;1003;Regular;2021-06-23
208789;Kobieta;29;1011;Regular;2023-11-17
208790;Kobieta;25;1012;Regular;2023-03-22
208791;Kobieta;59;1004;Occasional;2021-03-14
208792;Kobieta;42;1017;Occasional;2021-01-28
208793;Mężczyzna;16;1011;Occasional;2024-05-21
208794;Kobieta;49;1012;Occasional;2025-09-18
208795;Kobieta;40;1013;Occasional;2022-12-31
208796;Kobieta;43;1007;Occasional;2022-03-10
208797;Kobieta;44;1015;VIP;2025-01-28
208798;Kobieta;27;1016;Regular;2026-02-27
208799;Kobieta;28;1012;Regular;2022-02-10
208800;Kobieta;52;1005;Occasional;2025-04-27
208801;Kobieta;34;1011;Regular;2021-07-12
208802;Kobieta;45;1002;Regular;2022-10-11
208803;Kobieta;27;1001;Regular;2022-10-27
208804;Kobieta;29;1010;Occasional;2022-07-27
208805;Mężczyzna;32;1011;Occasional;2025-06-29
208806;Mężczyzna;25;1016;Regular;2021-01-12
208807;Kobieta;49;1012;Occasional;2021-04-29
208808;Kobieta;48;1004;Occasional;2021-01-06
208809;Kobieta;31;1001;Regular;2024-01-14
208810;Kobieta;43;1003;New;2023-08-29
208811;Kobieta;35;1003;Occasional;2023-11-16
208812;Kobieta;30;1017;Regular;2026-05-18
208813;Kobieta;25;1004;Regular;2026-03-08
208814;Mężczyzna;30;1005;Occasional;2024-06-19
208815;Kobieta;17;1015;New;2022-06-15
208816;Kobieta;25;1006;Regular;2023-11-11
208817;Kobieta;46;1001;Regular;2023-05-31
208818;Kobieta;45;1011;Regular;2023-05-31
208819;Mężczyzna;47;1001;Occasional;2022-03-02
208820;Kobieta;18;1011;New;2024-12-02
208821;Kobieta;43;1007;Regular;2024-10-30
208822;Kobieta;43;1010;VIP;2023-01-09
208823;Kobieta;39;1018;Regular;2023-05-03
208824;Mężczyzna;37;1002;Occasional;2025-09-14
208825;Kobieta;33;1012;Occasional;2022-08-08
208826;Kobieta;44;1004;Occasional;2024-03-28
208827;Kobieta;41;1013;Regular;2024-04-07
208828;Kobieta;40;1015;New;2025-10-12
208829;Kobieta;37;1008;Occasional;2021-02-26
208830;Mężczyzna;29;1003;Occasional;2025-08-21
208831;Kobieta;33;1007;VIP;2021-02-03
208832;Kobieta;16;1014;VIP;2023-12-08
208833;Kobieta;41;1018;New;2022-01-22
208834;Kobieta;37;1002;Regular;2021-10-30
208835;Kobieta;36;1005;Regular;2025-06-03
208836;Kobieta;27;1016;Occasional;2026-04-21
208837;Kobieta;32;1017;Regular;2025-01-30
208838;Kobieta;47;1002;Occasional;2022-08-18
208839;Kobieta;19;1009;Regular;2025-11-06
208840;Kobieta;17;1004;Occasional;2023-01-03
208841;Kobieta;32;1006;Regular;2023-02-21
208842;Kobieta;26;1007;Regular;2025-10-29
208843;Kobieta;34;1001;Regular;2022-09-07
208844;Kobieta;33;1002;Regular;2025-03-24
208845;Mężczyzna;39;1006;Occasional;2021-05-17
208846;Kobieta;16;1014;Occasional;2021-06-03
208847;Kobieta;54;1002;Regular;2023-05-21
208848;Kobieta;37;1008;Regular;2022-05-07
208849;Kobieta;31;1009;Regular;2026-02-18
208850;Kobieta;37;1010;VIP;2021-03-06
208851;Kobieta;28;1002;Regular;2026-04-12
208852;Kobieta;46;1005;Regular;2025-03-25
208853;Kobieta;57;1003;Regular;2024-09-17
208854;Kobieta;43;1001;Regular;2022-05-04
208855;Kobieta;49;1013;Regular;2024-09-01
208856;Kobieta;29;1012;Regular;2024-08-23
208857;Kobieta;34;1013;Occasional;2021-04-02
208858;Kobieta;17;1001;Occasional;2025-12-25
208859;Mężczyzna;20;1003;New;2024-05-08
208860;Mężczyzna;26;1018;VIP;2025-07-08
208861;Kobieta;25;1001;Regular;2026-05-17
208862;Kobieta;31;1013;New;2022-07-24
208863;Mężczyzna;46;1017;VIP;2023-01-11
208864;Mężczyzna;33;1009;Occasional;2024-05-23
208865;Kobieta;46;1009;Regular;2024-03-08
208866;Kobieta;17;1007;Occasional;2024-11-22
208867;Kobieta;76;1004;Occasional;2023-02-13
208868;Mężczyzna;32;1007;VIP;2023-05-24
208869;Kobieta;37;1018;Occasional;2023-07-14
208870;Mężczyzna;48;1004;Regular;2022-04-12
208871;Kobieta;37;1006;Occasional;2023-09-01
208872;Kobieta;27;1012;New;2021-04-22
208873;Kobieta;40;1008;Occasional;2021-04-03
208874;Mężczyzna;16;1015;Regular;2021-10-20
208875;Kobieta;43;1003;VIP;2025-03-08
208876;Kobieta;29;1005;Regular;2021-03-18
208877;Kobieta;53;1014;Occasional;2026-04-30
208878;Kobieta;20;1008;Occasional;2021-02-01
208879;Kobieta;33;1010;Occasional;2021-02-16
208880;Kobieta;41;1002;Regular;2023-03-19
208881;Kobieta;33;1001;Occasional;2021-08-17
208882;Kobieta;29;1006;Occasional;2025-06-11
208883;Kobieta;36;1014;Occasional;2026-01-17
208884;Kobieta;49;1009;Regular;2023-05-04
208885;Mężczyzna;25;1017;Regular;2024-12-26
208886;Kobieta;18;1010;Occasional;2025-09-18
208887;Kobieta;30;1015;Regular;2024-10-17
208888;Mężczyzna;25;1015;Occasional;2022-08-08
208889;Mężczyzna;32;1016;VIP;2026-01-12
208890;Kobieta;43;1016;Regular;2022-01-10
208891;Kobieta;47;1009;Regular;2026-03-12
208892;Kobieta;26;1002;New;2021-10-23
208893;Kobieta;41;1009;Regular;2026-05-11
208894;Kobieta;20;1009;Occasional;2021-09-25
208895;Kobieta;39;1013;New;2024-09-20
208896;Kobieta;35;1005;Regular;2025-01-09
208897;Kobieta;40;1011;Occasional;2024-11-29
208898;Kobieta;24;1002;New;2022-09-05
208899;Kobieta;30;1015;Regular;2021-06-28
208900;Kobieta;50;1002;VIP;2022-01-06
208901;Mężczyzna;32;1002;VIP;2021-04-05
208902;Mężczyzna;37;1001;Occasional;2026-04-23
208903;Kobieta;34;1003;Regular;2022-08-26
208904;Kobieta;31;1010;Occasional;2021-10-11
208905;Kobieta;62;1018;New;2022-07-27
208906;Kobieta;36;1009;VIP;2021-05-28
208907;Kobieta;39;1013;VIP;2021-05-18
208908;Kobieta;47;1004;Regular;2025-08-07
208909;Kobieta;26;1002;Occasional;2023-08-08
208910;Kobieta;40;1002;Regular;2021-05-23
208911;Kobieta;50;1018;Regular;2023-01-11
208912;Kobieta;29;1003;Occasional;2021-04-01
208913;Kobieta;54;1006;Occasional;2025-08-31
208914;Kobieta;31;1018;New;2025-02-01
208915;Kobieta;23;1005;Regular;2025-10-21
208916;Kobieta;42;1009;Regular;2021-11-19
208917;Kobieta;27;1017;Regular;2022-01-03
208918;Mężczyzna;24;1007;Regular;2024-05-22
208919;Mężczyzna;54;1004;New;2023-09-22
208920;Mężczyzna;16;1009;Regular;2021-11-23
208921;Mężczyzna;16;1005;VIP;2021-10-03
208922;Kobieta;31;1018;Occasional;2022-09-14
208923;Mężczyzna;48;1009;Regular;2023-12-21
208924;Kobieta;36;1003;Regular;2023-10-13
208925;Kobieta;46;1005;Regular;2022-05-13
208926;Kobieta;46;1013;VIP;2024-10-26
208927;Kobieta;46;1009;Regular;2023-02-10
208928;Kobieta;16;1003;Occasional;2024-11-15
208929;Kobieta;32;1007;New;2024-02-19
208930;Kobieta;49;1010;Regular;2022-08-31
208931;Kobieta;33;1018;Regular;2022-07-23
208932;Kobieta;49;1004;Regular;2021-01-18
208933;Kobieta;42;1004;Regular;2025-06-06
208934;Kobieta;22;1012;VIP;2024-11-22
208935;Mężczyzna;41;1016;Occasional;2025-07-23
208936;Kobieta;38;1015;New;2022-07-31
208937;Kobieta;16;1014;Occasional;2023-03-10
208938;Kobieta;48;1012;Occasional;2022-09-17
208939;Kobieta;19;1017;VIP;2021-01-16
208940;Kobieta;62;1007;Regular;2024-04-04
208941;Mężczyzna;23;1016;Occasional;2024-10-31
208942;Kobieta;53;1004;Occasional;2021-06-18
208943;Kobieta;16;1007;Regular;2022-05-31
208944;Kobieta;44;1018;Regular;2023-06-10
208945;Kobieta;56;1009;Occasional;2022-06-12
208946;Kobieta;52;1002;Occasional;2022-12-04
208947;Kobieta;35;1005;Regular;2021-02-01
208948;Kobieta;23;1007;Regular;2023-02-04
208949;Kobieta;36;1006;Occasional;2024-02-02
208950;Mężczyzna;17;1010;Regular;2023-04-29
208951;Kobieta;36;1017;Occasional;2024-02-05
208952;Mężczyzna;32;1001;Occasional;2026-05-02
208953;Kobieta;39;1016;Occasional;2025-05-02
208954;Kobieta;42;1016;New;2025-08-29
208955;Kobieta;24;1004;New;2023-09-25
208956;Kobieta;38;1008;Occasional;2021-11-22
208957;Kobieta;45;1010;Occasional;2023-05-05
208958;Mężczyzna;42;1013;New;2024-02-04
208959;Kobieta;25;1004;Regular;2021-11-04
208960;Kobieta;39;1011;New;2024-04-22
208961;Kobieta;33;1018;Regular;2021-11-17
208962;Kobieta;36;1015;VIP;2023-11-01
208963;Kobieta;48;1013;New;2025-01-15
208964;Kobieta;33;1018;Regular;2022-03-09
208965;Kobieta;31;1016;Occasional;2024-03-12
208966;Kobieta;24;1013;Regular;2024-09-26
208967;Kobieta;31;1004;Regular;2021-04-20
208968;Kobieta;38;1003;Occasional;2021-12-17
208969;Kobieta;47;1008;Regular;2022-05-27
208970;Mężczyzna;27;1003;Occasional;2025-03-24
208971;Kobieta;20;1008;Occasional;2024-08-16
208972;Kobieta;24;1014;Regular;2025-09-20
208973;Kobieta;35;1007;Occasional;2023-12-19
208974;Kobieta;35;1016;Regular;2025-09-08
208975;Mężczyzna;48;1014;VIP;2025-09-10
208976;Kobieta;47;1018;VIP;2024-06-28
208977;Kobieta;40;1009;Regular;2023-10-21
208978;Kobieta;28;1004;Regular;2023-01-14
208979;Kobieta;22;1013;Regular;2021-07-24
208980;Kobieta;36;1011;Regular;2021-02-20
208981;Mężczyzna;35;1013;Occasional;2021-04-29
208982;Kobieta;29;1017;Occasional;2022-08-27
208983;Kobieta;32;1013;Occasional;2023-04-21
208984;Kobieta;28;1017;Occasional;2022-06-09
208985;Kobieta;16;1006;Regular;2023-09-08
208986;Kobieta;27;1017;Occasional;2025-01-20
208987;Kobieta;44;1001;Regular;2021-04-17
208988;Kobieta;39;1013;Regular;2022-10-27
208989;Kobieta;40;1005;Regular;2022-08-30
208990;Kobieta;16;1018;Occasional;2025-11-24
208991;Kobieta;16;1015;Occasional;2024-02-24
208992;Kobieta;50;1003;Occasional;2023-04-25
208993;Kobieta;16;1001;Regular;2021-01-24
208994;Kobieta;24;1014;Occasional;2025-12-19
208995;Kobieta;33;1015;Occasional;2021-06-25
208996;Kobieta;55;1004;Regular;2023-07-01
208997;Kobieta;44;1004;Occasional;2023-06-21
208998;Mężczyzna;33;1016;Regular;2024-12-19
208999;Kobieta;20;1014;Regular;2022-12-29
209000;Kobieta;46;1015;Regular;2024-09-02
209001;Kobieta;28;1007;Regular;2021-07-23
209002;Kobieta;31;1016;Regular;2021-09-20
209003;Kobieta;47;1007;Occasional;2024-12-02
209004;Mężczyzna;31;1014;Regular;2025-06-22
209005;Mężczyzna;36;1015;Occasional;2023-02-27
209006;Kobieta;76;1017;Occasional;2024-08-19
209007;Kobieta;33;1005;Occasional;2022-10-20
209008;Kobieta;46;1008;Occasional;2024-10-28
209009;Kobieta;44;1008;VIP;2025-05-31
209010;Kobieta;35;1006;Occasional;2021-11-06
209011;Kobieta;37;1017;Occasional;2026-03-25
209012;Kobieta;27;1005;Occasional;2024-03-15
209013;Kobieta;35;1006;New;2023-11-29
209014;Kobieta;46;1003;Regular;2021-12-24
209015;Kobieta;31;1009;Occasional;2026-04-23
209016;Kobieta;38;1006;Occasional;2022-10-19
209017;Kobieta;17;1011;Regular;2024-06-05
209018;Kobieta;30;1005;Regular;2023-10-31
209019;Mężczyzna;37;1017;New;2021-08-21
209020;Kobieta;39;1016;VIP;2024-10-05
209021;Kobieta;51;1010;VIP;2023-11-08
209022;Kobieta;39;1015;Occasional;2026-04-04
209023;Kobieta;47;1016;Regular;2024-04-03
209024;Kobieta;38;1010;Occasional;2024-11-05
209025;Kobieta;27;1008;Occasional;2021-10-13
209026;Kobieta;50;1017;Regular;2024-04-27
209027;Kobieta;24;1017;Regular;2024-12-21
209028;Kobieta;47;1004;Regular;2022-07-16
209029;Mężczyzna;47;1014;Regular;2022-07-05
209030;Kobieta;16;1014;Occasional;2023-10-22
209031;Mężczyzna;46;1008;New;2022-10-17
209032;Kobieta;43;1007;Regular;2021-04-13
209033;Kobieta;25;1010;VIP;2021-02-10
209034;Kobieta;46;1009;Occasional;2023-09-04
209035;Kobieta;34;1008;VIP;2025-06-01
209036;Kobieta;60;1006;Occasional;2024-11-24
209037;Kobieta;39;1009;Occasional;2024-11-23
209038;Mężczyzna;48;1005;Occasional;2025-01-05
209039;Kobieta;30;1014;Regular;2024-06-06
209040;Kobieta;38;1005;Regular;2025-03-05
209041;Kobieta;46;1012;Regular;2024-07-09
209042;Kobieta;26;1013;Occasional;2024-08-30
209043;Kobieta;33;1007;Regular;2021-10-23
209044;Kobieta;19;1017;Regular;2022-08-07
209045;Mężczyzna;19;1013;Occasional;2023-05-17
209046;Mężczyzna;45;1017;Occasional;2025-12-05
209047;Mężczyzna;35;1002;Regular;2024-03-02
209048;Kobieta;24;1008;Occasional;2021-02-13
209049;Kobieta;44;1003;Regular;2025-03-01
209050;Kobieta;32;1002;Occasional;2022-02-19
209051;Mężczyzna;16;1006;Regular;2021-03-17
209052;Kobieta;38;1009;Regular;2026-03-27
209053;Mężczyzna;39;1017;Occasional;2021-10-21
209054;Kobieta;24;1002;Occasional;2025-05-30
209055;Mężczyzna;24;1003;New;2023-12-02
209056;Kobieta;38;1013;Regular;2022-01-28
209057;Kobieta;19;1010;Regular;2021-07-19
209058;Kobieta;32;1017;Occasional;2025-10-18
209059;Mężczyzna;39;1007;Regular;2026-03-06
209060;Kobieta;34;1008;VIP;2024-09-22
209061;Kobieta;46;1010;Occasional;2022-08-27
209062;Kobieta;48;1016;Regular;2024-05-08
209063;Mężczyzna;42;1013;Occasional;2025-03-09
209064;Kobieta;55;1012;Regular;2023-12-06
209065;Kobieta;16;1008;VIP;2026-05-03
209066;Kobieta;37;1013;Occasional;2021-07-01
209067;Kobieta;46;1018;Occasional;2022-05-15
209068;Kobieta;37;1006;Regular;2024-09-09
209069;Kobieta;31;1017;VIP;2024-11-20
209070;Kobieta;40;1007;Occasional;2021-11-20
209071;Kobieta;41;1004;Occasional;2023-09-24
209072;Mężczyzna;39;1005;Regular;2026-01-07
209073;Kobieta;49;1001;Regular;2026-03-04
209074;Kobieta;37;1012;Regular;2022-10-22
209075;Kobieta;37;1002;Regular;2026-01-25
209076;Kobieta;56;1009;Occasional;2025-04-23
209077;Kobieta;41;1014;Regular;2023-09-14
209078;Kobieta;60;1013;Regular;2025-09-19
209079;Mężczyzna;44;1009;Regular;2023-01-30
209080;Kobieta;31;1005;Occasional;2024-12-13
209081;Kobieta;35;1017;Occasional;2023-02-27
209082;Kobieta;38;1013;Regular;2026-04-18
209083;Kobieta;24;1005;Occasional;2021-03-06
209084;Mężczyzna;43;1006;Occasional;2025-09-20
209085;Kobieta;16;1004;Regular;2024-12-28
209086;Kobieta;57;1003;Regular;2022-03-24
209087;Kobieta;48;1012;VIP;2024-02-15
209088;Kobieta;42;1017;Regular;2024-02-15
209089;Kobieta;37;1017;Regular;2023-09-04
209090;Kobieta;38;1002;Occasional;2023-11-24
209091;Mężczyzna;38;1003;Regular;2021-09-26
209092;Kobieta;37;1015;Occasional;2023-10-20
209093;Kobieta;43;1004;Regular;2024-10-27
209094;Mężczyzna;42;1012;VIP;2025-07-04
209095;Mężczyzna;37;1007;Regular;2024-12-18
209096;Kobieta;37;1010;Occasional;2023-02-03
209097;Kobieta;28;1012;Regular;2023-06-27
209098;Kobieta;32;1008;Regular;2024-02-23
209099;Kobieta;36;1014;Regular;2024-03-24
209100;Mężczyzna;30;1014;New;2022-09-08
209101;Kobieta;53;1006;Regular;2025-07-24
209102;Kobieta;46;1003;Occasional;2021-11-08
209103;Kobieta;38;1012;Regular;2021-11-06
209104;Kobieta;17;1016;Regular;2023-01-10
209105;Kobieta;38;1008;Regular;2024-02-16
209106;Kobieta;21;1005;Regular;2023-08-12
209107;Kobieta;36;1009;Regular;2022-01-21
209108;Kobieta;47;1003;Occasional;2026-02-23
209109;Kobieta;36;1004;Regular;2021-06-29
209110;Mężczyzna;35;1016;Regular;2022-08-01
209111;Kobieta;34;1001;Occasional;2026-04-05
209112;Kobieta;59;1011;Regular;2021-10-28
209113;Kobieta;52;1002;Occasional;2023-12-23
209114;Kobieta;37;1002;Occasional;2026-03-30
209115;Kobieta;35;1007;Occasional;2024-01-30
209116;Kobieta;37;1013;VIP;2023-05-13
209117;Kobieta;16;1008;Regular;2024-01-17
209118;Kobieta;29;1005;Regular;2024-05-01
209119;Kobieta;24;1016;Regular;2024-10-01
209120;Mężczyzna;36;1008;Regular;2022-04-23
209121;Kobieta;46;1013;VIP;2024-03-01
209122;Kobieta;22;1010;Occasional;2023-06-28
209123;Kobieta;29;1003;Regular;2023-12-09
209124;Kobieta;40;1012;VIP;2023-04-25
209125;Kobieta;36;1009;New;2021-11-14
209126;Kobieta;50;1018;Occasional;2023-10-19
209127;Kobieta;30;1013;Occasional;2023-09-05
209128;Kobieta;36;1007;Occasional;2021-11-18
209129;Kobieta;56;1001;Regular;2021-05-31
209130;Kobieta;42;1014;VIP;2023-05-19
209131;Kobieta;26;1011;Regular;2025-07-16
209132;Kobieta;37;1007;Regular;2026-05-28
209133;Mężczyzna;46;1015;Regular;2022-08-03
209134;Kobieta;26;1005;VIP;2024-03-31
209135;Kobieta;19;1002;VIP;2025-01-24
209136;Kobieta;32;1003;Regular;2021-04-23
209137;Kobieta;30;1003;Regular;2026-04-28
209138;Mężczyzna;28;1002;Regular;2022-03-09
209139;Kobieta;16;1001;New;2022-06-22
209140;Kobieta;41;1015;Occasional;2021-09-29
209141;Kobieta;27;1003;New;2023-03-03
209142;Kobieta;25;1005;Occasional;2023-10-11
209143;Kobieta;45;1017;New;2021-02-15
209144;Kobieta;41;1009;New;2022-09-04
209145;Kobieta;34;1010;New;2022-04-25
209146;Kobieta;24;1009;Occasional;2022-05-12
209147;Kobieta;16;1007;Regular;2021-03-15
209148;Kobieta;53;1018;Regular;2023-01-21
209149;Kobieta;36;1011;Occasional;2021-03-26
209150;Kobieta;34;1012;Regular;2024-09-13
209151;Kobieta;45;1016;Regular;2021-05-19
209152;Kobieta;40;1001;New;2023-05-27
209153;Kobieta;16;1011;Regular;2024-09-17
209154;Kobieta;17;1007;Occasional;2022-09-30
209155;Kobieta;51;1015;Occasional;2023-02-23
209156;Kobieta;22;1015;New;2026-02-09
209157;Kobieta;46;1011;VIP;2025-06-06
209158;Kobieta;16;1018;Regular;2025-04-26
209159;Kobieta;29;1015;New;2023-01-03
209160;Kobieta;51;1004;Regular;2024-12-16
209161;Kobieta;43;1013;Regular;2025-02-23
209162;Kobieta;42;1001;Regular;2023-12-04
209163;Kobieta;16;1011;Regular;2022-09-24
209164;Mężczyzna;16;1009;Occasional;2022-07-17
209165;Kobieta;53;1011;VIP;2024-01-28
209166;Kobieta;22;1009;Occasional;2022-11-03
209167;Kobieta;50;1018;New;2022-09-29
209168;Mężczyzna;48;1014;Regular;2024-12-25
209169;Kobieta;19;1010;Regular;2025-08-23
209170;Kobieta;41;1008;Regular;2022-07-06
209171;Kobieta;22;1006;Regular;2025-02-26
209172;Mężczyzna;22;1011;Regular;2026-03-26
209173;Kobieta;39;1002;New;2025-11-12
209174;Kobieta;23;1008;Regular;2025-02-26
209175;Kobieta;25;1006;New;2021-02-14
209176;Kobieta;34;1009;VIP;2025-02-12
209177;Kobieta;49;1016;Regular;2025-01-04
209178;Kobieta;25;1014;Regular;2021-05-15
209179;Kobieta;50;1015;Regular;2025-01-16
209180;Kobieta;42;1012;Occasional;2023-02-06
209181;Kobieta;36;1011;VIP;2025-03-16
209182;Kobieta;32;1003;Regular;2021-04-10
209183;Kobieta;36;1007;Regular;2023-07-02
209184;Mężczyzna;23;1004;New;2024-06-28
209185;Kobieta;49;1003;New;2025-08-09
209186;Kobieta;26;1009;Regular;2022-04-29
209187;Kobieta;23;1003;Occasional;2026-05-25
209188;Mężczyzna;42;1012;Occasional;2025-03-03
209189;Kobieta;46;1009;VIP;2024-03-04
209190;Kobieta;22;1010;Regular;2024-07-02
209191;Kobieta;25;1013;New;2025-07-03
209192;Kobieta;40;1004;Occasional;2024-12-11
209193;Kobieta;38;1005;Regular;2025-04-30
209194;Kobieta;29;1004;Regular;2022-09-20
209195;Kobieta;28;1003;Regular;2022-08-16
209196;Kobieta;16;1001;New;2024-03-18
209197;Kobieta;32;1006;New;2022-01-05
209198;Mężczyzna;41;1015;Regular;2021-08-10
209199;Kobieta;32;1013;Regular;2023-07-18
209200;Kobieta;58;1007;Regular;2023-11-05
209201;Kobieta;25;1005;Occasional;2023-01-11
209202;Kobieta;44;1011;Regular;2025-12-31
209203;Kobieta;40;1013;Regular;2025-09-21
209204;Kobieta;44;1013;New;2022-12-06
209205;Kobieta;28;1005;New;2023-01-26
209206;Kobieta;33;1008;Occasional;2022-07-13
209207;Kobieta;55;1006;Regular;2025-01-18
209208;Kobieta;45;1014;New;2022-02-27
209209;Kobieta;27;1003;VIP;2025-06-11
209210;Kobieta;44;1009;Occasional;2021-09-06
209211;Kobieta;56;1016;VIP;2022-09-27
209212;Mężczyzna;49;1015;VIP;2025-02-02
209213;Kobieta;46;1002;Regular;2022-02-09
209214;Kobieta;26;1002;Occasional;2023-08-22
209215;Kobieta;19;1008;VIP;2021-12-01
209216;Kobieta;16;1002;Occasional;2023-11-17
209217;Kobieta;21;1017;Regular;2023-11-27
209218;Kobieta;30;1014;Occasional;2025-09-23
209219;Kobieta;16;1010;Occasional;2021-10-09
209220;Kobieta;26;1009;Regular;2023-06-09
209221;Mężczyzna;35;1018;Regular;2023-09-22
209222;Kobieta;20;1018;Occasional;2023-09-24
209223;Kobieta;46;1008;Regular;2021-11-13
209224;Kobieta;26;1003;Regular;2025-07-15
209225;Kobieta;38;1011;Occasional;2022-03-14
209226;Kobieta;35;1002;Occasional;2026-05-06
209227;Kobieta;44;1005;Regular;2021-02-05
209228;Mężczyzna;21;1005;Regular;2025-12-21
209229;Kobieta;23;1018;VIP;2022-04-08
209230;Kobieta;35;1011;Occasional;2023-11-13
209231;Kobieta;16;1006;Occasional;2023-03-01
209232;Kobieta;34;1017;Regular;2024-07-08
209233;Kobieta;16;1001;Regular;2025-01-03
209234;Kobieta;46;1010;Regular;2024-12-30
209235;Kobieta;51;1009;VIP;2025-05-16
209236;Mężczyzna;19;1005;Occasional;2024-06-02
209237;Mężczyzna;50;1017;Regular;2021-05-24
209238;Kobieta;46;1016;VIP;2022-06-24
209239;Kobieta;40;1010;Occasional;2022-04-19
209240;Kobieta;37;1004;Occasional;2024-11-13
209241;Kobieta;43;1012;New;2025-12-05
209242;Kobieta;25;1017;Occasional;2023-11-24
209243;Kobieta;41;1014;Occasional;2025-04-19
209244;Mężczyzna;38;1008;Occasional;2025-09-26
209245;Kobieta;38;1002;Regular;2026-03-27
209246;Kobieta;46;1007;New;2023-12-13
209247;Kobieta;16;1007;Occasional;2026-04-08
209248;Mężczyzna;45;1004;Regular;2024-10-22
209249;Kobieta;35;1002;Regular;2021-07-29
209250;Mężczyzna;37;1017;Occasional;2023-07-22
209251;Kobieta;44;1012;Regular;2022-09-21
209252;Mężczyzna;32;1015;Regular;2022-09-02
209253;Kobieta;30;1001;VIP;2024-11-22
209254;Kobieta;29;1001;Regular;2022-08-20
209255;Kobieta;40;1009;Occasional;2025-10-22
209256;Kobieta;19;1018;Occasional;2025-04-05
209257;Kobieta;44;1002;Occasional;2023-08-21
209258;Kobieta;20;1001;Occasional;2023-11-03
209259;Kobieta;16;1014;Regular;2024-06-15
209260;Kobieta;39;1008;Regular;2023-03-30
209261;Kobieta;23;1004;Regular;2023-10-18
209262;Kobieta;41;1010;VIP;2023-01-01
209263;Kobieta;55;1014;Regular;2021-11-11
209264;Kobieta;29;1002;Occasional;2021-01-07
209265;Kobieta;53;1010;VIP;2021-09-03
209266;Kobieta;27;1008;Occasional;2023-05-24
209267;Kobieta;21;1007;Occasional;2024-09-07
209268;Kobieta;16;1009;Regular;2022-08-28
209269;Kobieta;38;1016;Occasional;2025-04-06
209270;Kobieta;44;1011;Regular;2025-04-06
209271;Kobieta;38;1017;Occasional;2024-09-11
209272;Kobieta;47;1010;Occasional;2023-01-20
209273;Kobieta;16;1015;Regular;2024-11-19
209274;Kobieta;53;1013;New;2026-04-08
209275;Kobieta;26;1009;VIP;2024-09-16
209276;Mężczyzna;25;1010;Regular;2022-06-20
209277;Kobieta;40;1003;Occasional;2025-03-28
209278;Kobieta;24;1015;Regular;2023-04-25
209279;Kobieta;54;1006;Occasional;2026-02-04
209280;Mężczyzna;37;1007;VIP;2024-09-18
209281;Kobieta;35;1002;Occasional;2022-10-11
209282;Kobieta;40;1014;Regular;2022-12-15
209283;Kobieta;35;1004;Occasional;2023-07-13
209284;Kobieta;32;1004;Occasional;2023-11-12
209285;Kobieta;57;1012;VIP;2025-11-01
209286;Kobieta;59;1008;Regular;2023-05-31
209287;Mężczyzna;30;1002;Regular;2021-02-08
209288;Kobieta;49;1009;Regular;2023-03-26
209289;Kobieta;38;1005;Occasional;2022-02-20
209290;Mężczyzna;16;1012;Regular;2021-06-07
209291;Kobieta;56;1007;Regular;2023-04-17
209292;Kobieta;30;1012;Regular;2021-10-26
209293;Kobieta;42;1009;Regular;2025-10-21
209294;Kobieta;33;1006;Occasional;2022-03-20
209295;Kobieta;33;1011;Occasional;2021-09-28
209296;Kobieta;32;1009;Regular;2022-03-17
209297;Kobieta;55;1003;Occasional;2024-01-29
209298;Kobieta;29;1009;Occasional;2023-07-25
209299;Kobieta;27;1011;Regular;2021-04-02
209300;Mężczyzna;30;1003;Occasional;2022-03-20
209301;Kobieta;48;1008;Occasional;2025-01-17
209302;Kobieta;51;1016;Regular;2025-10-20
209303;Kobieta;37;1005;Occasional;2024-02-27
209304;Kobieta;19;1001;Regular;2024-12-20
209305;Kobieta;16;1014;VIP;2025-12-10
209306;Kobieta;51;1002;VIP;2026-02-20
209307;Kobieta;54;1014;Occasional;2025-05-08
209308;Mężczyzna;30;1001;Regular;2026-03-18
209309;Kobieta;43;1016;New;2026-04-16
209310;Mężczyzna;35;1016;New;2026-05-16
209311;Kobieta;45;1002;Occasional;2022-03-08
209312;Kobieta;32;1009;Occasional;2022-03-02
209313;Kobieta;32;1010;Occasional;2024-01-12
209314;Kobieta;45;1011;Regular;2025-05-23
209315;Kobieta;40;1017;VIP;2026-03-18
209316;Mężczyzna;27;1016;Occasional;2026-04-17
209317;Kobieta;24;1004;Occasional;2022-09-05
209318;Kobieta;22;1017;Regular;2021-07-02
209319;Kobieta;16;1018;Occasional;2021-02-07
209320;Kobieta;25;1018;Regular;2023-04-24
209321;Kobieta;30;1016;New;2025-05-02
209322;Kobieta;44;1004;Occasional;2023-03-15
209323;Kobieta;49;1008;New;2025-10-26
209324;Kobieta;34;1012;Regular;2025-02-24
209325;Kobieta;53;1004;New;2023-04-16
209326;Kobieta;16;1014;Regular;2021-09-13
209327;Kobieta;33;1003;Regular;2024-12-31
209328;Kobieta;38;1001;New;2021-12-27
209329;Kobieta;31;1003;Occasional;2022-02-16
209330;Kobieta;37;1001;Occasional;2025-05-26
209331;Kobieta;39;1004;Regular;2022-04-26
209332;Kobieta;37;1005;Occasional;2024-05-29
209333;Kobieta;30;1016;New;2024-03-17
209334;Kobieta;37;1012;Regular;2022-08-23
209335;Kobieta;16;1006;Occasional;2025-10-06
209336;Kobieta;36;1018;New;2021-08-07
209337;Kobieta;42;1009;Occasional;2025-05-07
209338;Kobieta;51;1006;VIP;2021-08-05
209339;Kobieta;17;1011;Occasional;2023-12-18
209340;Kobieta;31;1015;Occasional;2022-01-24
209341;Kobieta;40;1016;Regular;2022-12-30
209342;Kobieta;19;1003;Occasional;2022-06-23
209343;Kobieta;23;1009;Regular;2021-10-23
209344;Kobieta;39;1006;Regular;2021-03-02
209345;Kobieta;16;1009;Regular;2023-11-15
209346;Kobieta;16;1013;Occasional;2025-06-07
209347;Kobieta;29;1012;Occasional;2024-11-12
209348;Kobieta;40;1004;Regular;2025-10-11
209349;Kobieta;47;1018;Regular;2022-11-11
209350;Kobieta;25;1003;VIP;2022-12-10
209351;Mężczyzna;22;1011;VIP;2022-03-28
209352;Kobieta;38;1011;Occasional;2024-09-12
209353;Mężczyzna;30;1017;Occasional;2023-04-17
209354;Mężczyzna;44;1013;VIP;2023-04-06
209355;Kobieta;25;1004;Occasional;2023-12-13
209356;Mężczyzna;36;1009;Regular;2022-07-17
209357;Kobieta;46;1001;Occasional;2025-04-05
209358;Mężczyzna;36;1005;Occasional;2025-08-02
209359;Kobieta;51;1017;Regular;2023-04-04
209360;Kobieta;30;1014;Occasional;2023-12-21
209361;Kobieta;40;1008;Occasional;2025-12-01
209362;Kobieta;25;1006;Occasional;2021-03-02
209363;Mężczyzna;34;1001;Regular;2022-12-01
209364;Kobieta;38;1017;Regular;2023-04-14
209365;Kobieta;36;1007;Occasional;2025-04-22
209366;Kobieta;25;1015;Occasional;2022-11-28
209367;Kobieta;35;1015;Occasional;2022-05-06
209368;Kobieta;32;1008;Regular;2022-06-29
209369;Kobieta;34;1013;Regular;2025-02-06
209370;Kobieta;34;1002;Occasional;2022-11-30
209371;Mężczyzna;39;1007;Occasional;2022-01-05
209372;Kobieta;36;1003;Occasional;2023-01-26
209373;Mężczyzna;18;1018;Occasional;2024-02-29
209374;Kobieta;41;1015;Occasional;2024-06-10
209375;Kobieta;24;1004;Regular;2026-04-19
209376;Kobieta;23;1014;Occasional;2024-03-13
209377;Kobieta;31;1016;Regular;2023-08-13
209378;Kobieta;31;1013;Occasional;2021-02-27
209379;Kobieta;16;1012;Occasional;2024-08-12
209380;Kobieta;48;1018;Regular;2025-11-11
209381;Kobieta;16;1012;VIP;2021-08-15
209382;Mężczyzna;40;1006;Regular;2022-04-13
209383;Mężczyzna;16;1006;Occasional;2026-02-12
209384;Kobieta;42;1011;Regular;2025-11-22
209385;Kobieta;30;1005;Occasional;2022-09-11
209386;Kobieta;34;1007;Occasional;2025-06-17
209387;Kobieta;22;1014;Regular;2021-11-20
209388;Kobieta;41;1009;Regular;2024-11-27
209389;Kobieta;38;1008;Occasional;2024-03-19
209390;Kobieta;63;1012;Occasional;2024-10-27
209391;Kobieta;31;1017;Regular;2022-11-25
209392;Kobieta;41;1016;Regular;2023-11-04
209393;Kobieta;44;1001;New;2023-10-19
209394;Kobieta;36;1008;New;2022-07-12
209395;Kobieta;31;1014;Occasional;2021-12-21
209396;Kobieta;55;1018;New;2021-09-01
209397;Kobieta;31;1012;Regular;2025-08-26
209398;Kobieta;16;1011;Regular;2024-07-23
209399;Mężczyzna;25;1009;Regular;2022-07-21
209400;Kobieta;17;1015;Occasional;2024-05-27
209401;Kobieta;32;1007;Regular;2025-10-16
209402;Kobieta;41;1001;Regular;2026-05-05
209403;Kobieta;39;1010;VIP;2021-03-04
209404;Kobieta;46;1008;VIP;2024-08-01
209405;Kobieta;27;1002;Regular;2024-09-19
209406;Mężczyzna;37;1001;New;2022-06-30
209407;Kobieta;19;1009;Occasional;2023-03-02
209408;Kobieta;30;1007;Regular;2023-02-17
209409;Kobieta;47;1012;VIP;2024-09-06
209410;Kobieta;20;1017;Regular;2021-09-25
209411;Kobieta;47;1001;Occasional;2025-07-02
209412;Kobieta;28;1012;VIP;2021-05-10
209413;Kobieta;38;1001;Regular;2021-06-26
209414;Kobieta;39;1005;Occasional;2022-09-12
209415;Kobieta;19;1007;Occasional;2023-05-29
209416;Kobieta;19;1001;Regular;2023-06-19
209417;Kobieta;38;1011;Occasional;2021-12-12
209418;Kobieta;23;1008;Regular;2022-09-20
209419;Kobieta;37;1012;Occasional;2025-10-25
209420;Kobieta;49;1003;New;2022-02-20
209421;Kobieta;51;1002;Regular;2022-08-09
209422;Kobieta;36;1007;Occasional;2022-10-14
209423;Kobieta;16;1016;New;2025-03-28
209424;Kobieta;52;1015;New;2023-12-17
209425;Kobieta;35;1007;Regular;2023-09-17
209426;Kobieta;42;1005;Regular;2022-08-11
209427;Kobieta;26;1011;Occasional;2021-06-01
209428;Mężczyzna;27;1007;Regular;2022-12-30
209429;Kobieta;25;1005;Occasional;2022-08-06
209430;Kobieta;30;1012;Occasional;2024-08-03
209431;Kobieta;24;1002;Regular;2024-09-08
209432;Kobieta;29;1007;VIP;2025-05-20
209433;Kobieta;16;1013;Regular;2021-01-28
209434;Kobieta;40;1002;Regular;2022-05-21
209435;Mężczyzna;48;1017;Regular;2022-10-19
209436;Kobieta;30;1017;Regular;2021-12-16
209437;Kobieta;32;1011;Occasional;2025-10-12
209438;Kobieta;16;1013;Regular;2022-07-23
209439;Kobieta;27;1013;Occasional;2024-04-16
209440;Kobieta;31;1010;New;2023-01-15
209441;Kobieta;29;1015;Regular;2024-01-28
209442;Kobieta;32;1018;Occasional;2022-04-20
209443;Kobieta;62;1013;Regular;2022-02-21
209444;Kobieta;46;1015;Occasional;2025-11-03
209445;Kobieta;31;1012;Regular;2022-02-19
209446;Kobieta;28;1002;Occasional;2022-04-07
209447;Kobieta;32;1008;Regular;2026-03-09
209448;Kobieta;51;1001;Regular;2024-03-17
209449;Mężczyzna;56;1015;Regular;2021-01-26
209450;Kobieta;26;1010;Regular;2024-10-05
209451;Kobieta;20;1018;Regular;2025-04-20
209452;Kobieta;35;1002;Occasional;2023-10-30
209453;Kobieta;58;1001;Occasional;2023-02-28
209454;Kobieta;16;1009;VIP;2021-07-07
209455;Kobieta;41;1014;Regular;2022-02-13
209456;Kobieta;27;1013;Regular;2023-02-06
209457;Kobieta;29;1007;Regular;2022-02-02
209458;Kobieta;42;1006;Occasional;2023-05-06
209459;Mężczyzna;38;1018;Regular;2022-04-18
209460;Kobieta;26;1009;Regular;2026-01-26
209461;Kobieta;41;1010;VIP;2026-03-04
209462;Kobieta;67;1016;Regular;2024-07-08
209463;Kobieta;19;1009;Regular;2023-10-09
209464;Kobieta;40;1009;Regular;2021-01-08
209465;Kobieta;28;1002;VIP;2023-06-04
209466;Kobieta;43;1008;Occasional;2024-08-29
209467;Kobieta;20;1004;Regular;2025-01-07
209468;Kobieta;26;1002;Regular;2024-09-28
209469;Kobieta;37;1006;Occasional;2023-07-30
209470;Kobieta;27;1002;Regular;2021-09-14
209471;Kobieta;35;1007;Regular;2021-06-20
209472;Kobieta;46;1017;Regular;2022-10-03
209473;Mężczyzna;32;1013;Occasional;2023-07-23
209474;Mężczyzna;22;1005;Occasional;2023-01-20
209475;Kobieta;51;1004;Occasional;2025-08-03
209476;Kobieta;28;1011;VIP;2023-04-27
209477;Kobieta;48;1009;Regular;2022-03-17
209478;Kobieta;33;1007;New;2026-04-22
209479;Kobieta;26;1010;Occasional;2023-02-11
209480;Kobieta;54;1018;Occasional;2023-02-14
209481;Kobieta;33;1001;Regular;2021-01-27
209482;Kobieta;25;1009;Occasional;2023-08-12
209483;Kobieta;53;1010;Regular;2024-12-03
209484;Kobieta;78;1003;New;2024-08-10
209485;Kobieta;24;1013;New;2024-06-25
209486;Kobieta;44;1009;Regular;2023-12-05
209487;Mężczyzna;39;1014;VIP;2023-04-09
209488;Mężczyzna;16;1018;Occasional;2021-09-29
209489;Kobieta;23;1016;VIP;2021-03-23
209490;Kobieta;61;1007;Regular;2024-04-16
209491;Kobieta;42;1006;VIP;2025-02-21
209492;Kobieta;38;1013;VIP;2021-07-12
209493;Kobieta;23;1018;VIP;2022-02-22
209494;Kobieta;24;1010;VIP;2023-06-08
209495;Mężczyzna;43;1005;Regular;2024-07-15
209496;Kobieta;35;1014;Regular;2025-01-18
209497;Kobieta;22;1008;Regular;2026-01-14
209498;Kobieta;26;1015;Occasional;2023-11-15
209499;Kobieta;30;1011;Regular;2021-03-31
209500;Mężczyzna;39;1017;New;2022-10-23
209501;Kobieta;21;1015;Occasional;2022-07-27
209502;Kobieta;34;1010;Regular;2023-08-25
209503;Mężczyzna;27;1014;Regular;2025-03-23
209504;Kobieta;32;1014;VIP;2024-08-12
209505;Kobieta;30;1012;Regular;2022-09-28
209506;Kobieta;26;1012;Regular;2025-08-31
209507;Kobieta;36;1004;VIP;2022-08-08
209508;Kobieta;43;1014;Occasional;2022-10-01
209509;Kobieta;16;1018;Regular;2025-06-02
209510;Mężczyzna;49;1006;Regular;2024-12-20
209511;Mężczyzna;25;1003;Occasional;2024-03-06
209512;Kobieta;43;1012;Regular;2023-10-20
209513;Kobieta;26;1012;Occasional;2023-08-20
209514;Kobieta;16;1015;VIP;2025-10-19
209515;Kobieta;16;1006;Regular;2021-08-15
209516;Kobieta;51;1015;Occasional;2025-07-05
209517;Kobieta;54;1001;Regular;2022-02-16
209518;Kobieta;37;1015;Regular;2021-06-24
209519;Kobieta;41;1012;Regular;2022-09-17
209520;Mężczyzna;36;1011;Occasional;2021-11-05
209521;Kobieta;16;1001;Regular;2023-05-04
209522;Kobieta;30;1018;Regular;2022-04-23
209523;Kobieta;19;1013;New;2022-09-04
209524;Kobieta;46;1008;Regular;2021-03-22
209525;Kobieta;37;1016;Occasional;2023-11-23
209526;Kobieta;21;1002;Regular;2024-01-13
209527;Kobieta;16;1006;VIP;2023-07-03
209528;Kobieta;26;1009;Regular;2022-04-03
209529;Mężczyzna;16;1002;New;2022-11-08
209530;Mężczyzna;42;1008;Regular;2022-06-16
209531;Kobieta;44;1001;Occasional;2025-04-23
209532;Kobieta;36;1018;VIP;2021-08-30
209533;Kobieta;19;1007;New;2022-06-17
209534;Kobieta;47;1003;Occasional;2025-12-20
209535;Kobieta;32;1002;VIP;2022-05-30
209536;Kobieta;46;1010;Regular;2026-04-02
209537;Mężczyzna;29;1009;Occasional;2022-03-10
209538;Kobieta;20;1014;VIP;2023-04-03
209539;Kobieta;36;1016;Occasional;2025-05-19
209540;Kobieta;42;1008;Occasional;2025-03-01
209541;Kobieta;19;1007;Regular;2023-07-10
209542;Kobieta;39;1001;VIP;2022-07-22
209543;Mężczyzna;34;1008;Regular;2022-04-05
209544;Mężczyzna;34;1006;Occasional;2025-11-10
209545;Kobieta;59;1008;Occasional;2023-02-17
209546;Kobieta;26;1013;Occasional;2025-02-17
209547;Kobieta;21;1013;New;2024-11-09
209548;Kobieta;16;1007;Regular;2025-03-31
209549;Kobieta;53;1016;Occasional;2026-03-31
209550;Kobieta;31;1001;Regular;2024-07-29
209551;Kobieta;43;1004;Regular;2021-01-11
209552;Kobieta;25;1008;Regular;2022-02-22
209553;Kobieta;44;1001;VIP;2022-05-15
209554;Kobieta;21;1013;Occasional;2024-02-02
209555;Kobieta;33;1001;Regular;2023-11-10
209556;Kobieta;22;1009;VIP;2025-04-17
209557;Kobieta;25;1009;Occasional;2023-11-14
209558;Kobieta;21;1007;Regular;2021-06-12
209559;Kobieta;35;1006;Regular;2026-02-22
209560;Kobieta;38;1014;Regular;2023-07-26
209561;Kobieta;34;1007;Regular;2025-12-12
209562;Kobieta;16;1008;Regular;2026-01-26
209563;Kobieta;23;1006;Occasional;2025-05-01
209564;Kobieta;34;1001;Regular;2022-04-06
209565;Kobieta;35;1005;New;2021-10-20
209566;Kobieta;38;1009;Occasional;2022-06-26
209567;Kobieta;45;1001;Regular;2023-01-06
209568;Kobieta;59;1012;Regular;2022-05-07
209569;Kobieta;25;1006;Occasional;2024-10-13
209570;Kobieta;17;1004;Regular;2022-12-03
209571;Kobieta;47;1004;Occasional;2022-04-28
209572;Mężczyzna;40;1005;Occasional;2024-02-06
209573;Kobieta;48;1018;Occasional;2022-01-02
209574;Kobieta;22;1017;VIP;2021-01-06
209575;Kobieta;16;1017;Regular;2026-04-09
209576;Kobieta;31;1007;Occasional;2024-05-06
209577;Kobieta;29;1009;Occasional;2022-12-07
209578;Kobieta;41;1010;Regular;2024-04-09
209579;Kobieta;21;1009;Regular;2021-08-19
209580;Kobieta;23;1015;Occasional;2024-03-22
209581;Kobieta;25;1003;Occasional;2021-03-01
209582;Kobieta;27;1016;Regular;2021-08-22
209583;Kobieta;53;1012;VIP;2025-06-19
209584;Kobieta;20;1007;New;2023-06-29
209585;Kobieta;33;1004;Occasional;2023-03-12
209586;Kobieta;49;1005;Regular;2021-05-27
209587;Kobieta;43;1003;Occasional;2024-03-11
209588;Kobieta;27;1011;Regular;2021-02-07
209589;Kobieta;36;1012;Regular;2021-06-19
209590;Kobieta;31;1007;Occasional;2025-07-10
209591;Kobieta;51;1016;VIP;2023-07-28
209592;Kobieta;30;1002;Occasional;2025-06-21
209593;Kobieta;37;1002;Regular;2024-12-03
209594;Kobieta;25;1004;New;2024-01-07
209595;Kobieta;50;1007;VIP;2024-09-26
209596;Kobieta;28;1001;Occasional;2023-05-06
209597;Kobieta;45;1009;Regular;2024-04-02
209598;Kobieta;16;1003;Regular;2024-03-29
209599;Kobieta;46;1014;Occasional;2023-11-28
209600;Kobieta;32;1014;Regular;2024-02-05
209601;Kobieta;63;1008;Occasional;2025-08-02
209602;Mężczyzna;52;1012;Regular;2021-02-14
209603;Kobieta;33;1013;New;2021-08-07
209604;Kobieta;51;1011;Regular;2021-07-16
209605;Kobieta;31;1011;Occasional;2025-03-18
209606;Kobieta;29;1003;Regular;2024-09-12
209607;Kobieta;41;1007;Occasional;2025-05-22
209608;Kobieta;39;1001;Occasional;2024-09-19
209609;Kobieta;32;1015;Occasional;2021-06-05
209610;Kobieta;21;1015;Occasional;2023-02-09
209611;Kobieta;23;1010;Occasional;2024-07-13
209612;Kobieta;16;1005;VIP;2024-12-07
209613;Kobieta;39;1004;Occasional;2023-07-31
209614;Mężczyzna;37;1002;New;2024-06-12
209615;Kobieta;26;1008;Regular;2021-04-24
209616;Kobieta;39;1012;VIP;2023-09-29
209617;Kobieta;32;1004;Occasional;2025-10-23
209618;Kobieta;28;1012;VIP;2024-02-21
209619;Kobieta;41;1012;Regular;2023-04-20
209620;Kobieta;46;1001;Occasional;2024-03-03
209621;Kobieta;38;1010;Regular;2022-03-08
209622;Kobieta;47;1011;Occasional;2021-07-27
209623;Kobieta;23;1011;VIP;2024-04-13
209624;Mężczyzna;37;1018;Regular;2021-10-07
209625;Kobieta;61;1006;Regular;2026-04-09
209626;Kobieta;41;1009;Regular;2022-03-11
209627;Kobieta;38;1018;Regular;2021-11-20
209628;Kobieta;51;1018;Regular;2023-01-18
209629;Mężczyzna;22;1005;Regular;2025-07-09
209630;Kobieta;50;1007;Occasional;2025-08-06
209631;Kobieta;31;1004;Occasional;2021-01-28
209632;Kobieta;32;1009;Occasional;2022-10-09
209633;Kobieta;39;1015;Regular;2021-01-29
209634;Kobieta;45;1016;VIP;2021-09-16
209635;Kobieta;43;1009;Regular;2024-02-04
209636;Kobieta;42;1018;Occasional;2022-05-23
209637;Kobieta;29;1010;VIP;2022-04-19
209638;Kobieta;42;1008;Regular;2022-07-31
209639;Kobieta;22;1005;VIP;2023-07-24
209640;Kobieta;22;1011;Occasional;2025-02-25
209641;Kobieta;32;1005;Occasional;2023-08-15
209642;Kobieta;18;1016;VIP;2025-12-31
209643;Kobieta;24;1001;Occasional;2025-12-28
209644;Kobieta;21;1001;Occasional;2024-03-30
209645;Kobieta;48;1010;Regular;2023-06-12
209646;Kobieta;22;1011;Occasional;2026-04-16
209647;Kobieta;35;1013;Regular;2024-12-22
209648;Kobieta;18;1010;Regular;2025-01-25
209649;Kobieta;29;1003;New;2023-09-11
209650;Kobieta;40;1001;Regular;2025-04-18
209651;Kobieta;42;1017;Regular;2023-07-07
209652;Kobieta;33;1009;New;2023-07-29
209653;Mężczyzna;45;1005;Occasional;2023-07-11
209654;Kobieta;36;1014;Occasional;2024-11-01
209655;Kobieta;28;1005;Regular;2023-03-07
209656;Kobieta;16;1012;Occasional;2024-07-29
209657;Mężczyzna;31;1015;Occasional;2024-02-13
209658;Mężczyzna;41;1012;Occasional;2021-10-10
209659;Kobieta;31;1012;Regular;2023-03-08
209660;Kobieta;40;1010;Occasional;2021-05-12
209661;Kobieta;22;1012;Occasional;2023-09-20
209662;Kobieta;21;1001;Regular;2026-05-09
209663;Kobieta;24;1002;Occasional;2021-07-28
209664;Kobieta;48;1002;Regular;2022-05-19
209665;Kobieta;32;1013;VIP;2024-11-14
209666;Kobieta;28;1002;Regular;2023-05-31
209667;Kobieta;31;1002;VIP;2022-06-28
209668;Kobieta;35;1017;Regular;2025-02-10
209669;Mężczyzna;43;1008;Occasional;2022-03-21
209670;Kobieta;47;1009;Occasional;2021-10-12
209671;Kobieta;21;1006;Occasional;2022-03-30
209672;Kobieta;44;1003;Regular;2024-02-02
209673;Kobieta;41;1011;Regular;2025-07-10
209674;Mężczyzna;30;1009;VIP;2025-11-29
209675;Kobieta;31;1011;Regular;2022-12-16
209676;Mężczyzna;42;1001;Occasional;2023-10-01
209677;Kobieta;35;1009;Regular;2025-02-24
209678;Kobieta;18;1015;Occasional;2025-07-21
209679;Kobieta;49;1010;VIP;2021-01-25
209680;Kobieta;33;1002;Occasional;2024-07-28
209681;Mężczyzna;50;1005;Regular;2025-10-29
209682;Kobieta;35;1015;New;2021-01-06
209683;Kobieta;23;1015;Regular;2026-05-12
209684;Kobieta;25;1016;Occasional;2024-03-27
209685;Kobieta;24;1010;New;2021-05-28
209686;Kobieta;26;1002;VIP;2025-11-06
209687;Kobieta;34;1018;Occasional;2021-11-26
209688;Kobieta;31;1007;Regular;2023-07-15
209689;Kobieta;43;1007;Occasional;2024-03-20
209690;Mężczyzna;36;1006;Occasional;2022-04-11
209691;Kobieta;36;1018;Regular;2023-01-21
209692;Kobieta;22;1006;VIP;2025-04-03
209693;Mężczyzna;38;1015;Occasional;2022-11-13
209694;Kobieta;40;1010;New;2021-09-26
209695;Kobieta;28;1005;Regular;2024-03-26
209696;Mężczyzna;44;1010;Regular;2024-11-26
209697;Kobieta;19;1004;Occasional;2023-12-17
209698;Mężczyzna;29;1005;Regular;2022-09-24
209699;Kobieta;23;1012;Occasional;2023-05-04
209700;Kobieta;51;1010;Occasional;2025-03-13
209701;Kobieta;22;1009;Regular;2023-04-15
209702;Kobieta;33;1007;Regular;2026-05-14
209703;Mężczyzna;25;1003;Regular;2025-09-15
209704;Kobieta;28;1016;Regular;2024-05-16
209705;Mężczyzna;24;1010;New;2024-02-08
209706;Kobieta;38;1012;Regular;2025-09-29
209707;Kobieta;32;1009;Regular;2025-03-28
209708;Kobieta;40;1013;Regular;2026-01-06
209709;Kobieta;24;1014;Occasional;2022-09-21
209710;Kobieta;45;1011;Occasional;2023-01-26
209711;Kobieta;59;1018;Regular;2022-02-08
209712;Kobieta;20;1007;Occasional;2022-02-28
209713;Kobieta;29;1010;Occasional;2023-02-01
209714;Kobieta;36;1013;Occasional;2022-05-30
209715;Kobieta;16;1017;Regular;2021-12-07
209716;Mężczyzna;35;1005;Occasional;2021-04-11
209717;Kobieta;42;1017;Occasional;2025-12-12
209718;Kobieta;29;1018;Occasional;2021-07-05
209719;Kobieta;16;1013;Regular;2021-05-09
209720;Kobieta;58;1015;Occasional;2022-06-28
209721;Mężczyzna;46;1013;Occasional;2022-10-23
209722;Kobieta;32;1013;Regular;2024-04-26
209723;Kobieta;19;1015;Regular;2023-03-13
209724;Kobieta;29;1010;Regular;2022-12-24
209725;Mężczyzna;36;1018;Occasional;2021-03-19
209726;Mężczyzna;43;1015;Regular;2023-02-27
209727;Kobieta;54;1013;Occasional;2023-02-01
209728;Mężczyzna;33;1015;New;2022-01-16
209729;Kobieta;16;1016;VIP;2024-03-26
209730;Mężczyzna;22;1003;Occasional;2024-05-30
209731;Kobieta;35;1007;VIP;2023-09-23
209732;Kobieta;21;1012;Regular;2025-11-14
209733;Kobieta;39;1017;Occasional;2023-10-06
209734;Mężczyzna;34;1005;Regular;2023-09-27
209735;Kobieta;29;1006;Regular;2022-09-08
209736;Kobieta;28;1009;VIP;2024-12-30
209737;Kobieta;38;1006;VIP;2024-04-09
209738;Kobieta;47;1012;Occasional;2026-05-26
209739;Kobieta;51;1015;Regular;2026-05-23
209740;Mężczyzna;35;1013;Regular;2024-03-27
209741;Mężczyzna;48;1018;Occasional;2024-07-14
209742;Kobieta;44;1012;Occasional;2026-03-30
209743;Kobieta;45;1009;VIP;2021-07-22
209744;Kobieta;35;1014;Regular;2024-06-05
209745;Kobieta;29;1018;New;2022-04-10
209746;Kobieta;43;1012;New;2024-01-14
209747;Mężczyzna;24;1004;New;2022-10-07
209748;Kobieta;35;1002;Occasional;2026-04-30
209749;Kobieta;20;1002;Occasional;2022-01-03
209750;Kobieta;41;1001;Regular;2024-04-12
209751;Kobieta;64;1006;Regular;2023-11-05
209752;Kobieta;36;1011;Occasional;2024-09-17
209753;Kobieta;44;1016;VIP;2024-05-08
209754;Kobieta;37;1012;Regular;2025-05-12
209755;Kobieta;45;1003;Occasional;2026-02-08
209756;Kobieta;31;1015;Regular;2021-02-15
209757;Kobieta;40;1013;Regular;2023-09-22
209758;Kobieta;17;1005;Regular;2026-01-09
209759;Mężczyzna;36;1012;Regular;2024-09-11
209760;Kobieta;42;1007;Regular;2026-03-10
209761;Mężczyzna;28;1010;Occasional;2023-06-28
209762;Kobieta;28;1002;Occasional;2021-09-18
209763;Kobieta;26;1014;Regular;2024-05-17
209764;Kobieta;16;1015;VIP;2024-09-06
209765;Kobieta;32;1010;Occasional;2025-07-27
209766;Kobieta;40;1016;Regular;2023-04-18
209767;Kobieta;39;1011;Occasional;2025-10-19
209768;Mężczyzna;31;1006;VIP;2022-03-13
209769;Kobieta;19;1006;Regular;2025-02-24
209770;Kobieta;32;1006;Occasional;2022-12-17
209771;Mężczyzna;34;1005;Occasional;2026-02-07
209772;Kobieta;39;1004;New;2024-01-19
209773;Kobieta;35;1017;Regular;2024-02-21
209774;Kobieta;42;1001;Occasional;2022-11-19
209775;Kobieta;36;1014;Regular;2025-11-20
209776;Mężczyzna;36;1002;Occasional;2024-02-10
209777;Kobieta;44;1009;Regular;2021-06-25
209778;Kobieta;39;1018;Occasional;2023-12-13
209779;Kobieta;41;1016;Occasional;2021-09-16
209780;Mężczyzna;40;1003;Regular;2022-01-06
209781;Kobieta;42;1015;Regular;2025-04-12
209782;Kobieta;41;1008;Occasional;2022-07-29
209783;Kobieta;24;1011;Regular;2025-05-29
209784;Kobieta;38;1008;Regular;2025-03-18
209785;Mężczyzna;57;1002;Occasional;2022-11-05
209786;Mężczyzna;49;1007;Regular;2023-03-25
209787;Kobieta;38;1013;Regular;2021-08-10
209788;Kobieta;40;1013;New;2024-03-31
209789;Kobieta;34;1010;Occasional;2021-12-18
209790;Kobieta;27;1001;Regular;2025-04-14
209791;Kobieta;16;1008;Occasional;2022-07-21
209792;Kobieta;34;1009;Occasional;2022-12-22
209793;Kobieta;25;1008;Occasional;2021-05-08
209794;Kobieta;29;1009;Regular;2021-09-06
209795;Kobieta;46;1006;Regular;2025-05-10
209796;Kobieta;17;1018;Regular;2023-12-17
209797;Kobieta;66;1013;Occasional;2025-10-04
209798;Mężczyzna;38;1006;Occasional;2024-06-14
209799;Kobieta;46;1017;New;2022-01-18
209800;Kobieta;20;1001;VIP;2024-02-03
209801;Kobieta;18;1002;Regular;2024-01-16
209802;Kobieta;51;1001;New;2023-08-28
209803;Kobieta;28;1008;Regular;2025-03-17
209804;Kobieta;39;1016;Occasional;2023-03-27
209805;Kobieta;16;1009;Occasional;2024-06-01
209806;Kobieta;49;1002;Regular;2023-06-18
209807;Mężczyzna;26;1013;Regular;2025-09-02
209808;Kobieta;63;1004;Regular;2024-08-29
209809;Kobieta;34;1007;Regular;2021-06-09
209810;Mężczyzna;32;1003;Regular;2023-11-03
209811;Kobieta;34;1017;Occasional;2024-04-10
209812;Kobieta;24;1002;Occasional;2026-05-22
209813;Mężczyzna;16;1008;Regular;2024-02-09
209814;Kobieta;40;1006;New;2024-04-20
209815;Kobieta;19;1011;Regular;2025-01-21
209816;Kobieta;35;1005;Regular;2021-10-08
209817;Kobieta;42;1003;Regular;2024-09-16
209818;Kobieta;21;1008;Regular;2023-10-21
209819;Kobieta;34;1011;VIP;2022-05-18
209820;Kobieta;45;1006;Occasional;2022-12-29
209821;Kobieta;29;1001;New;2023-11-09
209822;Kobieta;19;1011;Regular;2022-10-31
209823;Kobieta;42;1017;New;2023-03-11
209824;Mężczyzna;49;1013;Regular;2023-03-15
209825;Kobieta;16;1002;Regular;2026-05-15
209826;Kobieta;38;1012;Occasional;2021-07-26
209827;Kobieta;43;1003;Regular;2023-08-14
209828;Kobieta;47;1001;VIP;2023-06-28
209829;Kobieta;24;1008;Regular;2021-03-08
209830;Kobieta;39;1015;Regular;2025-08-01
209831;Kobieta;35;1016;Occasional;2021-10-14
209832;Kobieta;32;1012;Regular;2023-10-12
209833;Kobieta;31;1006;Regular;2022-07-20
209834;Kobieta;39;1001;Occasional;2023-02-01
209835;Kobieta;53;1009;New;2026-05-04
209836;Kobieta;35;1006;Regular;2025-07-15
209837;Kobieta;30;1010;Regular;2024-04-24
209838;Kobieta;28;1006;Regular;2023-05-23
209839;Mężczyzna;29;1017;New;2021-05-07
209840;Kobieta;41;1011;VIP;2025-07-20
209841;Kobieta;22;1004;VIP;2022-09-19
209842;Kobieta;34;1009;Regular;2022-01-03
209843;Kobieta;42;1002;Occasional;2025-07-01
209844;Kobieta;34;1001;Regular;2024-01-13
209845;Kobieta;32;1015;Occasional;2021-07-22
209846;Kobieta;36;1017;Regular;2021-03-06
209847;Kobieta;50;1003;VIP;2026-01-22
209848;Kobieta;18;1003;Occasional;2025-02-16
209849;Kobieta;35;1014;Regular;2023-12-03
209850;Mężczyzna;16;1012;Regular;2026-02-21
209851;Kobieta;46;1018;Occasional;2021-06-16
209852;Mężczyzna;48;1007;VIP;2024-01-23
209853;Kobieta;42;1014;Regular;2021-11-10
209854;Kobieta;25;1001;New;2025-08-15
209855;Kobieta;36;1008;New;2021-04-20
209856;Kobieta;29;1014;New;2022-01-14
209857;Kobieta;21;1015;Occasional;2022-12-17
209858;Kobieta;35;1009;Occasional;2024-04-19
209859;Kobieta;42;1003;Regular;2023-02-05
209860;Kobieta;39;1007;Occasional;2023-04-05
209861;Kobieta;57;1006;Regular;2024-04-18
209862;Kobieta;17;1008;Regular;2021-07-26
209863;Kobieta;25;1018;Regular;2022-02-11
209864;Mężczyzna;23;1003;Occasional;2025-04-10
209865;Kobieta;27;1004;New;2023-06-12
209866;Kobieta;16;1015;New;2022-08-10
209867;Kobieta;37;1016;Regular;2022-09-06
209868;Kobieta;40;1012;Occasional;2024-10-06
209869;Kobieta;29;1002;Occasional;2024-01-04
209870;Kobieta;24;1006;VIP;2022-10-08
209871;Kobieta;18;1016;Occasional;2025-03-10
209872;Kobieta;33;1004;Regular;2023-08-17
209873;Kobieta;36;1002;Regular;2021-12-05
209874;Kobieta;33;1001;Regular;2025-11-02
209875;Kobieta;61;1015;Occasional;2026-01-21
209876;Kobieta;37;1005;Regular;2024-04-15
209877;Kobieta;37;1017;Regular;2025-10-02
209878;Kobieta;46;1009;Regular;2025-06-19
209879;Kobieta;29;1017;Occasional;2023-11-14
209880;Kobieta;26;1002;VIP;2026-04-29
209881;Kobieta;20;1005;VIP;2025-10-09
209882;Mężczyzna;30;1012;Regular;2025-08-02
209883;Kobieta;34;1005;Regular;2023-01-05
209884;Kobieta;40;1010;Occasional;2024-04-16
209885;Kobieta;42;1003;Occasional;2023-05-14
209886;Kobieta;36;1009;New;2022-09-17
209887;Mężczyzna;57;1012;Regular;2026-01-08
209888;Kobieta;35;1012;Regular;2021-04-10
209889;Kobieta;59;1005;New;2021-06-16
209890;Kobieta;40;1016;Occasional;2024-08-01
209891;Kobieta;33;1009;Regular;2022-09-16
209892;Kobieta;19;1001;Regular;2025-10-24
209893;Kobieta;30;1003;Occasional;2023-01-16
209894;Kobieta;17;1016;Regular;2022-11-10
209895;Kobieta;41;1001;VIP;2022-05-04
209896;Kobieta;23;1009;Regular;2025-11-04
209897;Mężczyzna;44;1017;Regular;2025-07-20
209898;Kobieta;45;1012;Regular;2023-11-09
209899;Kobieta;29;1005;VIP;2024-05-18
209900;Kobieta;35;1004;Occasional;2025-10-02
209901;Mężczyzna;43;1001;Regular;2025-06-30
209902;Kobieta;28;1013;VIP;2025-10-06
209903;Kobieta;22;1006;Regular;2026-01-14
209904;Kobieta;21;1005;VIP;2021-07-19
209905;Kobieta;30;1014;Regular;2024-03-27
209906;Kobieta;17;1018;Regular;2024-04-05
209907;Kobieta;32;1001;Occasional;2022-02-18
209908;Kobieta;34;1006;Regular;2022-05-31
209909;Kobieta;36;1010;VIP;2025-06-09
209910;Kobieta;41;1016;Occasional;2023-04-20
209911;Kobieta;35;1014;VIP;2023-12-13
209912;Kobieta;21;1013;New;2021-03-20
209913;Kobieta;19;1014;Regular;2023-03-26
209914;Mężczyzna;53;1014;Regular;2024-02-08
209915;Kobieta;21;1002;Occasional;2026-02-24
209916;Kobieta;31;1018;New;2024-07-26
209917;Kobieta;54;1006;Regular;2023-08-17
209918;Mężczyzna;39;1007;Regular;2022-02-06
209919;Kobieta;21;1004;Occasional;2024-06-25
209920;Kobieta;21;1001;Regular;2024-02-27
209921;Kobieta;36;1010;Regular;2024-01-19
209922;Kobieta;45;1015;Occasional;2023-07-20
209923;Kobieta;27;1011;New;2023-01-06
209924;Kobieta;37;1009;Regular;2022-11-24
209925;Kobieta;39;1010;New;2022-05-23
209926;Kobieta;46;1018;Regular;2026-01-30
209927;Mężczyzna;18;1015;Occasional;2021-05-29
209928;Kobieta;17;1014;Regular;2024-11-10
209929;Kobieta;31;1016;New;2021-06-02
209930;Kobieta;21;1009;Regular;2023-06-15
209931;Kobieta;33;1009;Occasional;2022-04-06
209932;Kobieta;40;1003;Regular;2022-11-14
209933;Kobieta;36;1015;Regular;2026-04-20
209934;Kobieta;16;1017;Occasional;2024-02-01
209935;Kobieta;46;1010;Regular;2022-03-04
209936;Kobieta;44;1009;VIP;2021-05-16
209937;Kobieta;16;1012;Occasional;2025-05-04
209938;Kobieta;24;1015;Regular;2022-07-18
209939;Kobieta;33;1010;VIP;2023-02-05
209940;Kobieta;23;1012;Occasional;2024-06-16
209941;Kobieta;55;1017;Occasional;2026-05-02
209942;Kobieta;40;1015;New;2021-10-03
209943;Kobieta;17;1013;Occasional;2023-09-19
209944;Kobieta;26;1017;Occasional;2025-11-30
209945;Kobieta;21;1002;Occasional;2021-01-01
209946;Kobieta;42;1012;VIP;2024-10-04
209947;Kobieta;46;1012;Occasional;2022-12-21
209948;Kobieta;47;1014;VIP;2022-02-27
209949;Kobieta;33;1015;VIP;2022-09-01
209950;Kobieta;33;1017;Occasional;2024-02-19
209951;Kobieta;21;1008;Regular;2022-07-09
209952;Kobieta;62;1001;Occasional;2023-01-07
209953;Kobieta;45;1012;New;2021-05-03
209954;Mężczyzna;16;1008;Occasional;2021-03-02
209955;Kobieta;16;1014;Regular;2024-11-03
209956;Kobieta;55;1007;New;2022-06-01
209957;Kobieta;50;1004;New;2025-02-19
209958;Kobieta;33;1008;Regular;2023-01-02
209959;Kobieta;16;1010;Regular;2023-06-29
209960;Kobieta;43;1016;Occasional;2025-12-14
209961;Kobieta;41;1005;Regular;2023-04-27
209962;Kobieta;56;1010;Regular;2024-04-06
209963;Kobieta;42;1011;Regular;2023-01-17
209964;Kobieta;30;1005;Occasional;2023-04-06
209965;Kobieta;51;1013;Occasional;2022-07-21
209966;Kobieta;42;1010;New;2021-10-30
209967;Kobieta;59;1012;Regular;2024-08-24
209968;Mężczyzna;47;1005;Regular;2026-05-29
209969;Kobieta;42;1002;Regular;2025-09-06
209970;Kobieta;42;1016;Regular;2022-03-17
209971;Mężczyzna;20;1017;Regular;2023-07-03
209972;Kobieta;43;1001;Regular;2024-06-25
209973;Kobieta;50;1008;Regular;2022-02-15
209974;Kobieta;28;1001;Occasional;2024-05-06
209975;Kobieta;36;1004;Regular;2022-11-30
209976;Kobieta;30;1011;Regular;2024-05-02
209977;Kobieta;56;1011;Regular;2023-08-22
209978;Kobieta;55;1018;Regular;2025-12-17
209979;Kobieta;19;1005;Occasional;2021-01-23
209980;Kobieta;22;1004;Regular;2024-10-01
209981;Kobieta;32;1007;Occasional;2023-06-28
209982;Kobieta;16;1012;Regular;2023-06-08
209983;Kobieta;29;1018;Regular;2023-07-14
209984;Kobieta;42;1012;Occasional;2021-01-11
209985;Kobieta;42;1017;Regular;2021-12-29
209986;Kobieta;28;1004;Occasional;2023-03-08
209987;Mężczyzna;42;1018;Occasional;2025-07-18
209988;Kobieta;34;1016;Regular;2021-09-08
209989;Kobieta;36;1001;New;2022-05-03
209990;Kobieta;17;1015;Occasional;2025-07-20
209991;Kobieta;38;1001;VIP;2025-07-11
209992;Kobieta;44;1016;Regular;2023-10-11
209993;Mężczyzna;50;1015;Regular;2021-03-24
209994;Kobieta;56;1014;Regular;2026-05-01
209995;Kobieta;41;1004;Regular;2022-05-08
209996;Kobieta;21;1018;Occasional;2024-11-11
209997;Kobieta;41;1004;Occasional;2022-04-17
209998;Kobieta;38;1003;Occasional;2024-12-19
209999;Kobieta;31;1016;New;2024-07-09
210000;Mężczyzna;39;1013;Regular;2025-02-27
