ProductId;ProductName;Manufacturer;Category;Subcategory;IsPrivateLabel;CurrentPrice;CurrentUnitCost;Capacity;VAT_Rate;ProductStatus;IsEcoVegan;PriceSegment
10001;VelvetLine Usta Long-lasting 30ml;VelvetLine;Makijaż;Usta;0;152,1;60,84;30ml;0,23;Active;0;Premium
10002;VelvetLine Twarz Long-lasting 8ml;VelvetLine;Makijaż;Twarz;0;32,2;12,88;8ml;0,23;Active;0;Economy
10003;DermaGlow Krem na noc Przeciwzmarszczkowy 150ml;DermaGlow;Pielęgnacja twarzy;Kremy na noc;0;115,88;52,15;150ml;0,23;Active;1;Premium
10004;Veluria Krem na noc Matujący 30ml;Veluria;Pielęgnacja twarzy;Kremy na noc;0;118,91;53,51;30ml;0,23;Active;0;Premium
10005;PureCare Wkładki Ochronny 200ml;PureCare;Higiena intymna;Wkładki;0;11,09;7,21;200ml;0,23;Active;1;Economy
10006;VitaCore Odporność D3 2000 j.m. 60 kaps.;VitaCore;Suplementy i Zdrowie;Odporność;0;56,56;31,11;kaps.;0,08;Active;0;Mid-Market
10007;BotanicaPro Odżywki Odbudowujący 250ml;BotanicaPro;Włosy;Odżywki;0;19,15;10,53;250ml;0,23;Active;1;Economy
10008;NutriMax Witaminy Magnez + B6 60 kaps.;NutriMax;Suplementy i Zdrowie;Witaminy;0;65,04;35,77;kaps.;0,08;Active;1;Mid-Market
10009;Aura Basic Wkładki Ochronny 40 szt.;Aura Basic;Higiena intymna;Wkładki;1;12,17;5,48;szt.;0,23;Active;0;Economy
10010;Aura Care Żele do mycia Z witaminą C 50ml;Aura Care;Pielęgnacja twarzy;Żele do mycia;1;48,57;12,14;50ml;0,23;Active;1;Economy
10011;ColorAura Twarz Wodoodporny 30ml;ColorAura;Makijaż;Twarz;0;32,12;12,85;30ml;0,23;Active;0;Economy
10012;SilkMane Stylizacja Odbudowujący 250ml;SilkMane;Włosy;Stylizacja;0;39,23;21,58;250ml;0,23;Active;0;Mid-Market
10013;DermaGlow Krem na dzień Nawilżający 30ml;DermaGlow;Pielęgnacja twarzy;Kremy na dzień;0;124,92;56,21;30ml;0,23;Phase-Out;1;Premium
10014;PureCare Podpaski Normal 40 szt.;PureCare;Higiena intymna;Podpaski;0;12,1;7,87;szt.;0,23;Phase-Out;1;Economy
10015;Aura Kids Chusteczki Sensitive 40 szt.;Aura Kids;Dziecko;Chusteczki;1;10,9;6,54;szt.;0,23;Active;0;Economy
10016;DermaGlow Żele do mycia Matujący 50ml;DermaGlow;Pielęgnacja twarzy;Żele do mycia;0;39,7;17,86;50ml;0,23;Active;0;Economy
10017;LumiSkin Żele do mycia Przeciwzmarszczkowy 30ml;LumiSkin;Pielęgnacja twarzy;Żele do mycia;0;130,36;58,66;30ml;0,23;Active;1;Premium
10018;ColorAura Usta Long-lasting 30ml;ColorAura;Makijaż;Usta;0;116,78;46,71;30ml;0,23;Active;0;Premium
10019;FreshGlow Podpaski Normal 40 szt.;FreshGlow;Higiena intymna;Podpaski;0;22,86;14,86;szt.;0,23;Active;0;Premium
10020;SilkMane Maski Przeciwłupieżowy 500ml;SilkMane;Włosy;Maski;0;28,82;15,85;500ml;0,23;Active;0;Economy
10021;SoftTouch Wkładki Ochronny 200ml;SoftTouch;Higiena intymna;Wkładki;0;26,59;17,28;200ml;0,23;Discontinued;0;Premium
10022;Aura Beauty Oczy Wodoodporny 8ml;Aura Beauty;Makijaż;Oczy;1;88,94;17,79;8ml;0,23;Active;0;Mid-Market
10023;Aura Care Sera Matujący 30ml;Aura Care;Pielęgnacja twarzy;Sera;1;71,04;17,76;30ml;0,23;Discontinued;1;Mid-Market
10024;PureBotanica Krem na dzień Z witaminą C 50ml;PureBotanica;Pielęgnacja twarzy;Kremy na dzień;0;21,4;9,63;50ml;0,23;Active;1;Economy
10025;PureBotanica Krem na noc Z witaminą C 150ml;PureBotanica;Pielęgnacja twarzy;Kremy na noc;0;133,4;60,03;150ml;0,23;Phase-Out;1;Premium
10026;ScentMaison EDT Fresh 100ml;ScentMaison;Perfumy;EDT;0;309,71;108,4;100ml;0,23;Active;0;Premium
10027;VelvetLine Oczy Long-lasting 8ml;VelvetLine;Makijaż;Oczy;0;123,85;49,54;8ml;0,23;Active;1;Premium
10028;VelvetLine Twarz Long-lasting 15g;VelvetLine;Makijaż;Twarz;0;121,31;48,52;15g;0,23;Phase-Out;0;Premium
10029;PureCare Wkładki Normal 200ml;PureCare;Higiena intymna;Wkładki;0;20,59;13,38;200ml;0,23;Active;1;Premium
10030;GlamTouch Oczy Matujący 8ml;GlamTouch;Makijaż;Oczy;0;88,56;35,42;8ml;0,23;Active;0;Mid-Market
10031;Aura Kids Pieluchy Rozmiar 4 500ml;Aura Kids;Dziecko;Pieluchy;1;43,17;25,9;500ml;0,23;Active;0;Mid-Market
10032;HealthSpark Minerały D3 2000 j.m. 60 kaps.;HealthSpark;Suplementy i Zdrowie;Minerały;0;80,46;44,25;kaps.;0,08;Phase-Out;0;Premium
10033;Aura Care Szampon Nawilżająca 500ml;Aura Care;Włosy;Szampony;1;40,08;14,03;500ml;0,23;Active;1;Mid-Market
10034;VigorHair Odżywki Przeciwłupieżowy 400ml;VigorHair;Włosy;Odżywki;0;37,39;20,56;400ml;0,23;Active;0;Mid-Market
10035;Aura Kids Kosmetyki Nawilżane 500ml;Aura Kids;Dziecko;Kosmetyki;1;60,27;36,16;500ml;0,23;Phase-Out;0;Premium
10036;SilkMane Stylizacja Odbudowujący 250ml;SilkMane;Włosy;Stylizacja;0;54,28;29,85;250ml;0,23;Active;0;Mid-Market
10037;Aura Care Odporność Magnez + B6 30 kaps.;Aura Care;Suplementy i Zdrowie;Odporność;1;27,25;8,18;kaps.;0,08;Phase-Out;1;Economy
10038;NutriMax Minerały D3 2000 j.m. 60 kaps.;NutriMax;Suplementy i Zdrowie;Minerały;0;84,18;46,3;kaps.;0,08;Active;0;Premium
10039;VelvetLine Twarz Long-lasting 30ml;VelvetLine;Makijaż;Twarz;0;132,25;52,9;30ml;0,23;Active;0;Premium
10040;Aura Kids Kosmetyki Rozmiar 3 40 szt.;Aura Kids;Dziecko;Kosmetyki;1;63,95;38,37;szt.;0,23;Phase-Out;0;Premium
10041;Veluria Krem na noc Przeciwzmarszczkowy 150ml;Veluria;Pielęgnacja twarzy;Kremy na noc;0;100,01;45,0;150ml;0,23;Phase-Out;0;Premium
10042;LumiSkin Krem na noc Z witaminą C 50ml;LumiSkin;Pielęgnacja twarzy;Kremy na noc;0;92,41;41,58;50ml;0,23;Active;0;Premium
10043;PureCare Podpaski Super 40 szt.;PureCare;Higiena intymna;Podpaski;0;12,09;7,86;szt.;0,23;Active;1;Economy
10044;NutriMax Odporność D3 2000 j.m. 60 kaps.;NutriMax;Suplementy i Zdrowie;Odporność;0;33,17;18,24;kaps.;0,08;Phase-Out;0;Economy
10045;Aura Care Krem na noc Przeciwzmarszczkowy 150ml;Aura Care;Pielęgnacja twarzy;Kremy na noc;1;62,55;15,64;150ml;0,23;Phase-Out;1;Mid-Market
10046;Aura Care Stylizacja Nawilżająca 500ml;Aura Care;Włosy;Stylizacja;1;42,14;14,75;500ml;0,23;Active;1;Mid-Market
10047;FreshGlow Podpaski Kojący 20 szt.;FreshGlow;Higiena intymna;Podpaski;0;26,97;17,53;szt.;0,23;Active;0;Premium
10048;Veluria Żele do mycia Matujący 50ml;Veluria;Pielęgnacja twarzy;Żele do mycia;0;99,06;44,58;50ml;0,23;Active;0;Premium
10049;SoftTouch Podpaski Ochronny 20 szt.;SoftTouch;Higiena intymna;Podpaski;0;25,76;16,74;szt.;0,23;Active;0;Premium
10050;VigorHair Stylizacja Odbudowujący 500ml;VigorHair;Włosy;Stylizacja;0;59,06;32,48;500ml;0,23;Active;0;Premium
10051;SoftTouch Wkładki Super 40 szt.;SoftTouch;Higiena intymna;Wkładki;0;21,21;13,79;szt.;0,23;Active;1;Premium
10052;ColorAura Twarz Long-lasting 8ml;ColorAura;Makijaż;Twarz;0;62,12;24,85;8ml;0,23;Active;0;Economy
10053;PureBotanica Krem na dzień Z witaminą C 150ml;PureBotanica;Pielęgnacja twarzy;Kremy na dzień;0;108,47;48,81;150ml;0,23;Phase-Out;1;Premium
10054;Veluria Żele do mycia Z witaminą C 30ml;Veluria;Pielęgnacja twarzy;Żele do mycia;0;92,18;41,48;30ml;0,23;Phase-Out;1;Premium
10055;Aura Beauty Twarz Long-lasting 8ml;Aura Beauty;Makijaż;Twarz;1;21,82;4,36;8ml;0,23;Active;0;Economy
10056;Veluria Sera Matujący 30ml;Veluria;Pielęgnacja twarzy;Sera;0;55,97;25,19;30ml;0,23;Active;0;Mid-Market
10057;Aura Beauty Oczy Long-lasting 8ml;Aura Beauty;Makijaż;Oczy;1;33,13;6,63;8ml;0,23;Active;1;Economy
10058;PureBotanica Krem na dzień Z witaminą C 50ml;PureBotanica;Pielęgnacja twarzy;Kremy na dzień;0;80,08;36,04;50ml;0,23;Active;1;Mid-Market
10059;DermaGlow Żele do mycia Przeciwzmarszczkowy 50ml;DermaGlow;Pielęgnacja twarzy;Żele do mycia;0;108,55;48,85;50ml;0,23;Phase-Out;0;Premium
10060;LumiSkin Krem na noc Matujący 30ml;LumiSkin;Pielęgnacja twarzy;Kremy na noc;0;118,96;53,53;30ml;0,23;Active;0;Premium
10061;Aura Care Maski Do farbowanych 400ml;Aura Care;Włosy;Maski;1;57,95;20,28;400ml;0,23;Active;1;Premium
10062;HealthSpark Witaminy Magnez + B6 30 kaps.;HealthSpark;Suplementy i Zdrowie;Witaminy;0;26,86;14,77;kaps.;0,08;Phase-Out;0;Economy
10063;TinyJoy Kosmetyki Rozmiar 3 60 szt.;TinyJoy;Dziecko;Kosmetyki;0;65,68;49,26;szt.;0,23;Phase-Out;0;Premium
10064;BotanicaPro Maski Do farbowanych 500ml;BotanicaPro;Włosy;Maski;0;67,93;37,36;500ml;0,23;Active;0;Premium
10065;BotanicaPro Szampon Odbudowujący 250ml;BotanicaPro;Włosy;Szampony;0;68,24;37,53;250ml;0,23;Active;0;Premium
10066;VelvetLine Oczy Rozświetlający 30ml;VelvetLine;Makijaż;Oczy;0;126,34;50,54;30ml;0,23;Active;0;Premium
10067;VigorHair Maski Nawilżająca 250ml;VigorHair;Włosy;Maski;0;63,04;34,67;250ml;0,23;Active;0;Premium
10068;Aura Care Żele do mycia Przeciwzmarszczkowy 150ml;Aura Care;Pielęgnacja twarzy;Żele do mycia;1;78,06;19,52;150ml;0,23;Active;1;Mid-Market
10069;Aura Care Krem na noc Matujący 50ml;Aura Care;Pielęgnacja twarzy;Kremy na noc;1;21,69;5,42;50ml;0,23;Active;1;Economy
10070;VisagePro Usta Rozświetlający 30ml;VisagePro;Makijaż;Usta;0;71,71;28,68;30ml;0,23;Active;0;Mid-Market
10071;Aura Care Minerały C 1000mg 60 kaps.;Aura Care;Suplementy i Zdrowie;Minerały;1;58,38;17,51;kaps.;0,08;Active;1;Mid-Market
10072;Aura Basic Płyny i żele Normal 40 szt.;Aura Basic;Higiena intymna;Płyny i żele;1;19,53;8,79;szt.;0,23;Phase-Out;1;Mid-Market
10073;SoftTouch Płyny i żele Ochronny 200ml;SoftTouch;Higiena intymna;Płyny i żele;0;25,03;16,27;200ml;0,23;Active;0;Premium
10074;BotanicaPro Szampon Odbudowujący 500ml;BotanicaPro;Włosy;Szampony;0;35,73;19,65;500ml;0,23;Active;0;Mid-Market
10075;PureCare Podpaski Kojący 20 szt.;PureCare;Higiena intymna;Podpaski;0;25,35;16,48;szt.;0,23;Active;1;Premium
10076;Veluria Sera Matujący 50ml;Veluria;Pielęgnacja twarzy;Sera;0;40,24;18,11;50ml;0,23;Active;1;Economy
10077;PureCare Podpaski Ochronny 200ml;PureCare;Higiena intymna;Podpaski;0;23,24;15,11;200ml;0,23;Active;1;Premium
10078;GlamTouch Usta Long-lasting 8ml;GlamTouch;Makijaż;Usta;0;88,7;35,48;8ml;0,23;Active;0;Mid-Market
10079;FreshGlow Podpaski Normal 40 szt.;FreshGlow;Higiena intymna;Podpaski;0;14,16;9,2;szt.;0,23;Active;0;Mid-Market
10080;Aura Care Krem na dzień Matujący 150ml;Aura Care;Pielęgnacja twarzy;Kremy na dzień;1;33,66;8,41;150ml;0,23;Active;1;Economy
10081;Aura Basic Płyny i żele Normal 20 szt.;Aura Basic;Higiena intymna;Płyny i żele;1;22,25;10,01;szt.;0,23;Active;0;Premium
10082;FreshGlow Podpaski Super 20 szt.;FreshGlow;Higiena intymna;Podpaski;0;26,79;17,41;szt.;0,23;Active;0;Premium
10083;Aura Basic Podpaski Super 200ml;Aura Basic;Higiena intymna;Podpaski;1;10,35;4,66;200ml;0,23;Active;0;Economy
10084;BotanicaPro Maski Przeciwłupieżowy 500ml;BotanicaPro;Włosy;Maski;0;68,66;37,76;500ml;0,23;Active;1;Premium
10085;Aura Kids Pieluchy Rozmiar 4 500ml;Aura Kids;Dziecko;Pieluchy;1;60,77;36,46;500ml;0,23;Active;0;Premium
10086;DermaGlow Krem na noc Matujący 50ml;DermaGlow;Pielęgnacja twarzy;Kremy na noc;0;120,42;54,19;50ml;0,23;Discontinued;0;Premium
10087;VigorHair Maski Odbudowujący 250ml;VigorHair;Włosy;Maski;0;70,17;38,59;250ml;0,23;Active;0;Premium
10088;LumiSkin Sera Przeciwzmarszczkowy 30ml;LumiSkin;Pielęgnacja twarzy;Sera;0;65,87;29,64;30ml;0,23;Active;0;Mid-Market
10089;Aura Care Sera Matujący 150ml;Aura Care;Pielęgnacja twarzy;Sera;1;36,75;9,19;150ml;0,23;Active;1;Economy
10090;TinyJoy Chusteczki Nawilżane 500ml;TinyJoy;Dziecko;Chusteczki;0;74,22;55,66;500ml;0,23;Phase-Out;0;Premium
10091;LumiSkin Żele do mycia Matujący 50ml;LumiSkin;Pielęgnacja twarzy;Żele do mycia;0;121,22;54,55;50ml;0,23;Active;0;Premium
10092;Aura Beauty Oczy Wodoodporny 8ml;Aura Beauty;Makijaż;Oczy;1;134,91;26,98;8ml;0,23;Active;0;Premium
10093;ColorAura Usta Wodoodporny 8ml;ColorAura;Makijaż;Usta;0;37,66;15,06;8ml;0,23;Phase-Out;0;Economy
10094;Herbix Odżywki Przeciwłupieżowy 500ml;Herbix;Włosy;Odżywki;0;53,26;29,29;500ml;0,23;Active;1;Mid-Market
10095;LumiSkin Krem na noc Nawilżający 30ml;LumiSkin;Pielęgnacja twarzy;Kremy na noc;0;58,2;26,19;30ml;0,23;Active;0;Mid-Market
10096;VitaCore Witaminy C 1000mg 30 kaps.;VitaCore;Suplementy i Zdrowie;Witaminy;0;60,76;33,42;kaps.;0,08;Active;0;Mid-Market
10097;Aura Care Odżywki Odbudowujący 400ml;Aura Care;Włosy;Odżywki;1;22,74;7,96;400ml;0,23;Phase-Out;1;Economy
10098;Aura Beauty Oczy Wodoodporny 8ml;Aura Beauty;Makijaż;Oczy;1;37,87;7,57;8ml;0,23;Active;0;Economy
10099;PureCare Płyny i żele Super 20 szt.;PureCare;Higiena intymna;Płyny i żele;0;9,97;6,48;szt.;0,23;Phase-Out;1;Economy
10100;PureCare Wkładki Kojący 40 szt.;PureCare;Higiena intymna;Wkładki;0;24,43;15,88;szt.;0,23;Active;1;Premium
10101;PureCare Wkładki Super 40 szt.;PureCare;Higiena intymna;Wkładki;0;16,28;10,58;szt.;0,23;Active;1;Mid-Market
10102;VigorHair Szampon Nawilżająca 400ml;VigorHair;Włosy;Szampony;0;79,48;43,71;400ml;0,23;Active;0;Premium
10103;Aura Care Odżywki Przeciwłupieżowy 500ml;Aura Care;Włosy;Odżywki;1;58,11;20,34;500ml;0,23;Active;1;Premium
10104;DermaGlow Sera Matujący 150ml;DermaGlow;Pielęgnacja twarzy;Sera;0;39,85;17,93;150ml;0,23;Active;0;Economy
10105;TinyJoy Pieluchy Rozmiar 4 60 szt.;TinyJoy;Dziecko;Pieluchy;0;36,17;27,13;szt.;0,23;Discontinued;0;Mid-Market
10106;BotanicaPro Szampon Przeciwłupieżowy 500ml;BotanicaPro;Włosy;Szampony;0;46,71;25,69;500ml;0,23;Active;0;Mid-Market
10107;DermaGlow Krem na noc Z witaminą C 50ml;DermaGlow;Pielęgnacja twarzy;Kremy na noc;0;89,78;40,4;50ml;0,23;Active;1;Mid-Market
10108;PureBotanica Krem na dzień Nawilżający 150ml;PureBotanica;Pielęgnacja twarzy;Kremy na dzień;0;52,43;23,59;150ml;0,23;Active;1;Economy
10109;Aura Kids Pieluchy Rozmiar 3 500ml;Aura Kids;Dziecko;Pieluchy;1;38,74;23,24;500ml;0,23;Active;0;Mid-Market
10110;VigorHair Maski Do farbowanych 500ml;VigorHair;Włosy;Maski;0;38,08;20,94;500ml;0,23;Active;0;Mid-Market
10111;PureCare Płyny i żele Kojący 20 szt.;PureCare;Higiena intymna;Płyny i żele;0;8,21;5,34;szt.;0,23;Active;1;Economy
10112;BabySoft Pieluchy Nawilżane 500ml;BabySoft;Dziecko;Pieluchy;0;33,03;24,77;500ml;0,23;Active;0;Economy
10113;SoftTouch Płyny i żele Normal 40 szt.;SoftTouch;Higiena intymna;Płyny i żele;0;27,5;17,88;szt.;0,23;Active;1;Premium
10114;SilkMane Szampon Odbudowujący 250ml;SilkMane;Włosy;Szampony;0;76,56;42,11;250ml;0,23;Active;0;Premium
10115;Aura Kids Pieluchy Rozmiar 4 40 szt.;Aura Kids;Dziecko;Pieluchy;1;10,23;6,14;szt.;0,23;Active;0;Economy
10116;Aura Basic Płyny i żele Ochronny 20 szt.;Aura Basic;Higiena intymna;Płyny i żele;1;21,77;9,8;szt.;0,23;Active;0;Premium
10117;LumiSkin Krem na noc Z witaminą C 30ml;LumiSkin;Pielęgnacja twarzy;Kremy na noc;0;71,54;32,19;30ml;0,23;Active;0;Mid-Market
10118;NutriMax Minerały Forte 30 kaps.;NutriMax;Suplementy i Zdrowie;Minerały;0;80,17;44,09;kaps.;0,08;Discontinued;0;Premium
10119;Aura Basic Podpaski Normal 20 szt.;Aura Basic;Higiena intymna;Podpaski;1;9,29;4,18;szt.;0,23;Active;0;Economy
10120;Aura Care Maski Nawilżająca 250ml;Aura Care;Włosy;Maski;1;41,36;14,48;250ml;0,23;Active;1;Mid-Market
10121;Veluria Krem na dzień Nawilżający 150ml;Veluria;Pielęgnacja twarzy;Kremy na dzień;0;35,83;16,12;150ml;0,23;Active;0;Economy
10122;FreshGlow Podpaski Kojący 40 szt.;FreshGlow;Higiena intymna;Podpaski;0;27,41;17,82;szt.;0,23;Active;0;Premium
10123;HealthSpark Witaminy D3 2000 j.m. 60 kaps.;HealthSpark;Suplementy i Zdrowie;Witaminy;0;104,43;57,44;kaps.;0,08;Active;0;Premium
10124;VigorHair Maski Odbudowujący 400ml;VigorHair;Włosy;Maski;0;56,44;31,04;400ml;0,23;Active;0;Premium
10125;Herbix Maski Nawilżająca 500ml;Herbix;Włosy;Maski;0;56,46;31,05;500ml;0,23;Active;1;Premium
10126;Aura Care Szampon Odbudowujący 400ml;Aura Care;Włosy;Szampony;1;19,96;6,99;400ml;0,23;Active;1;Economy
10127;Aura Care Krem na dzień Przeciwzmarszczkowy 150ml;Aura Care;Pielęgnacja twarzy;Kremy na dzień;1;66,03;16,51;150ml;0,23;Active;1;Mid-Market
10128;Aura Basic Płyny i żele Kojący 200ml;Aura Basic;Higiena intymna;Płyny i żele;1;14,93;6,72;200ml;0,23;Active;0;Mid-Market
10129;Aura Care Stylizacja Odbudowujący 250ml;Aura Care;Włosy;Stylizacja;1;45,59;15,96;250ml;0,23;Active;1;Mid-Market
10130;FreshGlow Podpaski Super 20 szt.;FreshGlow;Higiena intymna;Podpaski;0;18,95;12,32;szt.;0,23;Active;0;Mid-Market
10131;BotanicaPro Odżywki Przeciwłupieżowy 500ml;BotanicaPro;Włosy;Odżywki;0;22,46;12,35;500ml;0,23;Active;1;Economy
10132;VigorHair Szampon Do farbowanych 500ml;VigorHair;Włosy;Szampony;0;59,52;32,74;500ml;0,23;Active;0;Premium
10133;Veluria Żele do mycia Nawilżający 30ml;Veluria;Pielęgnacja twarzy;Żele do mycia;0;119,78;53,9;30ml;0,23;Active;1;Premium
10134;ScentMaison EDT Pour Femme 100ml;ScentMaison;Perfumy;EDT;0;146,06;51,12;100ml;0,23;Active;1;Economy
10135;Aura Care Krem na dzień Matujący 50ml;Aura Care;Pielęgnacja twarzy;Kremy na dzień;1;31,7;7,92;50ml;0,23;Active;1;Economy
10136;ColorAura Usta Matujący 30ml;ColorAura;Makijaż;Usta;0;172,4;68,96;30ml;0,23;Active;0;Premium
10137;GlamTouch Twarz Wodoodporny 15g;GlamTouch;Makijaż;Twarz;0;76,34;30,54;15g;0,23;Phase-Out;0;Mid-Market
10138;PureBotanica Żele do mycia Matujący 150ml;PureBotanica;Pielęgnacja twarzy;Żele do mycia;0;50,42;22,69;150ml;0,23;Active;1;Economy
10139;NutriMax Odporność Magnez + B6 60 kaps.;NutriMax;Suplementy i Zdrowie;Odporność;0;72,87;40,08;kaps.;0,08;Active;0;Premium
10140;LumiSkin Żele do mycia Przeciwzmarszczkowy 50ml;LumiSkin;Pielęgnacja twarzy;Żele do mycia;0;23,9;10,75;50ml;0,23;Active;0;Economy
10141;ColorAura Twarz Rozświetlający 15g;ColorAura;Makijaż;Twarz;0;70,84;28,34;15g;0,23;Active;1;Mid-Market
10142;LumiSkin Sera Przeciwzmarszczkowy 30ml;LumiSkin;Pielęgnacja twarzy;Sera;0;76,33;34,35;30ml;0,23;Active;1;Mid-Market
10143;SoftTouch Wkładki Super 200ml;SoftTouch;Higiena intymna;Wkładki;0;23,94;15,56;200ml;0,23;Phase-Out;0;Premium
10144;Aura Care Odporność Forte 90 kaps.;Aura Care;Suplementy i Zdrowie;Odporność;1;34,34;10,3;kaps.;0,08;Active;1;Economy
10145;PureCare Płyny i żele Ochronny 40 szt.;PureCare;Higiena intymna;Płyny i żele;0;27,07;17,6;szt.;0,23;Active;1;Premium
10146;VigorHair Odżywki Odbudowujący 500ml;VigorHair;Włosy;Odżywki;0;46,71;25,69;500ml;0,23;Active;0;Mid-Market
10147;Aura Kids Chusteczki Sensitive 40 szt.;Aura Kids;Dziecko;Chusteczki;1;26,86;16,12;szt.;0,23;Active;0;Economy
10148;ColorAura Twarz Matujący 8ml;ColorAura;Makijaż;Twarz;0;132,93;53,17;8ml;0,23;Active;0;Premium
10149;BotanicaPro Stylizacja Przeciwłupieżowy 500ml;BotanicaPro;Włosy;Stylizacja;0;42,94;23,62;500ml;0,23;Active;0;Mid-Market
10150;Aura Care Minerały D3 2000 j.m. 90 kaps.;Aura Care;Suplementy i Zdrowie;Minerały;1;26,63;7,99;kaps.;0,08;Phase-Out;1;Economy
10151;PureBotanica Krem na noc Nawilżający 50ml;PureBotanica;Pielęgnacja twarzy;Kremy na noc;0;28,75;12,94;50ml;0,23;Phase-Out;1;Economy
10152;Aura Basic Wkładki Kojący 40 szt.;Aura Basic;Higiena intymna;Wkładki;1;15,02;6,76;szt.;0,23;Active;1;Mid-Market
10153;Aura Care Sera Z witaminą C 50ml;Aura Care;Pielęgnacja twarzy;Sera;1;112,68;28,17;50ml;0,23;Active;1;Premium
10154;HealthSpark Witaminy Magnez + B6 90 kaps.;HealthSpark;Suplementy i Zdrowie;Witaminy;0;52,13;28,67;kaps.;0,08;Active;0;Mid-Market
10155;SilkMane Odżywki Nawilżająca 400ml;SilkMane;Włosy;Odżywki;0;67,33;37,03;400ml;0,23;Active;0;Premium
10156;Aura Beauty Twarz Matujący 8ml;Aura Beauty;Makijaż;Twarz;1;88,69;17,74;8ml;0,23;Active;1;Mid-Market
10157;PureTots Chusteczki Rozmiar 3 60 szt.;PureTots;Dziecko;Chusteczki;0;23,06;17,29;szt.;0,23;Active;0;Economy
10158;VelvetAroma EDP Fresh 50ml;VelvetAroma;Perfumy;EDP;0;132,78;46,47;50ml;0,23;Active;0;Economy
10159;LumiSkin Krem na dzień Matujący 50ml;LumiSkin;Pielęgnacja twarzy;Kremy na dzień;0;111,41;50,13;50ml;0,23;Active;1;Premium
10160;PureTots Kosmetyki Rozmiar 4 500ml;PureTots;Dziecko;Kosmetyki;0;47,65;35,74;500ml;0,23;Active;0;Mid-Market
10161;VelvetLine Oczy Long-lasting 8ml;VelvetLine;Makijaż;Oczy;0;112,89;45,16;8ml;0,23;Active;0;Mid-Market
10162;TinyJoy Chusteczki Rozmiar 3 40 szt.;TinyJoy;Dziecko;Chusteczki;0;52,71;39,53;szt.;0,23;Active;0;Mid-Market
10163;VelvetLine Oczy Matujący 30ml;VelvetLine;Makijaż;Oczy;0;145,15;58,06;30ml;0,23;Active;0;Premium
10164;BotanicaPro Maski Odbudowujący 250ml;BotanicaPro;Włosy;Maski;0;30,1;16,56;250ml;0,23;Active;0;Economy
10165;ColorAura Usta Wodoodporny 8ml;ColorAura;Makijaż;Usta;0;140,34;56,14;8ml;0,23;Active;1;Premium
10166;Herbix Odżywki Nawilżająca 400ml;Herbix;Włosy;Odżywki;0;74,85;41,17;400ml;0,23;Active;1;Premium
10167;VisagePro Twarz Rozświetlający 8ml;VisagePro;Makijaż;Twarz;0;149,67;59,87;8ml;0,23;Active;0;Premium
10168;VelvetLine Oczy Matujący 30ml;VelvetLine;Makijaż;Oczy;0;177,05;70,82;30ml;0,23;Active;0;Premium
10169;Aura Care Żele do mycia Z witaminą C 150ml;Aura Care;Pielęgnacja twarzy;Żele do mycia;1;65,03;16,26;150ml;0,23;Active;1;Mid-Market
10170;PureCare Podpaski Super 20 szt.;PureCare;Higiena intymna;Podpaski;0;13,9;9,04;szt.;0,23;Active;1;Mid-Market
10171;Aura Basic Płyny i żele Kojący 20 szt.;Aura Basic;Higiena intymna;Płyny i żele;1;20,98;9,44;szt.;0,23;Active;1;Premium
10172;VitaCore Odporność Forte 60 kaps.;VitaCore;Suplementy i Zdrowie;Odporność;0;29,6;16,28;kaps.;0,08;Active;0;Economy
10173;Aura Care Szampon Do farbowanych 250ml;Aura Care;Włosy;Szampony;1;35,61;12,46;250ml;0,23;Active;1;Mid-Market
10174;ColorAura Oczy Matujący 15g;ColorAura;Makijaż;Oczy;0;140,83;56,33;15g;0,23;Active;0;Premium
10175;Aura Care Krem na noc Nawilżający 50ml;Aura Care;Pielęgnacja twarzy;Kremy na noc;1;39,91;9,98;50ml;0,23;Active;1;Economy
10176;BotanicaPro Odżywki Przeciwłupieżowy 400ml;BotanicaPro;Włosy;Odżywki;0;56,3;30,96;400ml;0,23;Active;1;Premium
10177;HealthSpark Odporność Forte 90 kaps.;HealthSpark;Suplementy i Zdrowie;Odporność;0;102,4;56,32;kaps.;0,08;Phase-Out;1;Premium
10178;NutriMax Minerały Magnez + B6 90 kaps.;NutriMax;Suplementy i Zdrowie;Minerały;0;60,66;33,36;kaps.;0,08;Active;0;Mid-Market
10179;HealthSpark Witaminy Forte 90 kaps.;HealthSpark;Suplementy i Zdrowie;Witaminy;0;75,4;41,47;kaps.;0,08;Active;0;Premium
10180;Aura Basic Płyny i żele Ochronny 200ml;Aura Basic;Higiena intymna;Płyny i żele;1;10,34;4,65;200ml;0,23;Active;1;Economy
10181;Aura Kids Pieluchy Rozmiar 4 500ml;Aura Kids;Dziecko;Pieluchy;1;27,92;16,75;500ml;0,23;Active;0;Economy
10182;Aura Care Maski Nawilżająca 500ml;Aura Care;Włosy;Maski;1;31,25;10,94;500ml;0,23;Active;1;Economy
10183;Aura Care Krem na noc Przeciwzmarszczkowy 150ml;Aura Care;Pielęgnacja twarzy;Kremy na noc;1;63,68;15,92;150ml;0,23;Active;1;Mid-Market
10184;Aura Care Krem na noc Nawilżający 150ml;Aura Care;Pielęgnacja twarzy;Kremy na noc;1;55,45;13,86;150ml;0,23;Active;1;Mid-Market
10185;Aura Care Krem na noc Matujący 50ml;Aura Care;Pielęgnacja twarzy;Kremy na noc;1;100,14;25,04;50ml;0,23;Active;1;Premium
10186;PureBotanica Żele do mycia Z witaminą C 30ml;PureBotanica;Pielęgnacja twarzy;Żele do mycia;0;117,02;52,66;30ml;0,23;Phase-Out;1;Premium
10187;Aura Care Sera Matujący 50ml;Aura Care;Pielęgnacja twarzy;Sera;1;91,91;22,98;50ml;0,23;Phase-Out;1;Premium
10188;Aura Kids Chusteczki Nawilżane 60 szt.;Aura Kids;Dziecko;Chusteczki;1;42,82;25,69;szt.;0,23;Active;0;Mid-Market
10189;PureCare Wkładki Normal 40 szt.;PureCare;Higiena intymna;Wkładki;0;9,68;6,29;szt.;0,23;Active;1;Economy
10190;BabySoft Chusteczki Sensitive 40 szt.;BabySoft;Dziecko;Chusteczki;0;37,94;28,45;szt.;0,23;Phase-Out;0;Mid-Market
10191;ColorAura Twarz Long-lasting 30ml;ColorAura;Makijaż;Twarz;0;53,47;21,39;30ml;0,23;Active;0;Economy
10192;Herbix Maski Przeciwłupieżowy 400ml;Herbix;Włosy;Maski;0;71,36;39,25;400ml;0,23;Active;1;Premium
10193;Aura Care Stylizacja Do farbowanych 400ml;Aura Care;Włosy;Stylizacja;1;28,1;9,83;400ml;0,23;Discontinued;1;Economy
10194;Herbix Szampon Odbudowujący 250ml;Herbix;Włosy;Szampony;0;40,31;22,17;250ml;0,23;Active;1;Mid-Market
10195;GlamTouch Usta Long-lasting 30ml;GlamTouch;Makijaż;Usta;0;57,8;23,12;30ml;0,23;Phase-Out;0;Economy
10196;HealthSpark Minerały D3 2000 j.m. 30 kaps.;HealthSpark;Suplementy i Zdrowie;Minerały;0;27,66;15,21;kaps.;0,08;Active;0;Economy
10197;PureBotanica Krem na noc Matujący 150ml;PureBotanica;Pielęgnacja twarzy;Kremy na noc;0;116,04;52,22;150ml;0,23;Active;1;Premium
10198;Aura Basic Płyny i żele Kojący 200ml;Aura Basic;Higiena intymna;Płyny i żele;1;21,57;9,71;200ml;0,23;Active;0;Premium
10199;Aura Care Sera Matujący 150ml;Aura Care;Pielęgnacja twarzy;Sera;1;84,85;21,21;150ml;0,23;Active;1;Mid-Market
10200;SoftTouch Podpaski Normal 20 szt.;SoftTouch;Higiena intymna;Podpaski;0;14,55;9,46;szt.;0,23;Active;0;Mid-Market
10201;Aura Care Stylizacja Nawilżająca 400ml;Aura Care;Włosy;Stylizacja;1;33,42;11,7;400ml;0,23;Active;1;Mid-Market
10202;Aura Care Krem na dzień Matujący 150ml;Aura Care;Pielęgnacja twarzy;Kremy na dzień;1;89,63;22,41;150ml;0,23;Active;1;Mid-Market
10203;Aura Beauty Twarz Rozświetlający 15g;Aura Beauty;Makijaż;Twarz;1;124,82;24,96;15g;0,23;Active;0;Premium
10204;DermaGlow Krem na noc Z witaminą C 30ml;DermaGlow;Pielęgnacja twarzy;Kremy na noc;0;109,97;49,49;30ml;0,23;Active;0;Premium
10205;HealthSpark Minerały D3 2000 j.m. 90 kaps.;HealthSpark;Suplementy i Zdrowie;Minerały;0;80,16;44,09;kaps.;0,08;Active;1;Premium
10206;GlamTouch Usta Matujący 8ml;GlamTouch;Makijaż;Usta;0;80,82;32,33;8ml;0,23;Active;0;Mid-Market
10207;SilkMane Maski Przeciwłupieżowy 400ml;SilkMane;Włosy;Maski;0;64,8;35,64;400ml;0,23;Active;0;Premium
10208;VigorHair Szampon Nawilżająca 500ml;VigorHair;Włosy;Szampony;0;59,28;32,6;500ml;0,23;Active;1;Premium
10209;Herbix Odżywki Przeciwłupieżowy 250ml;Herbix;Włosy;Odżywki;0;29,77;16,37;250ml;0,23;Active;1;Economy
10210;VigorHair Maski Do farbowanych 500ml;VigorHair;Włosy;Maski;0;29,86;16,42;500ml;0,23;Active;0;Economy
10211;VelvetAroma EDP Pour Femme 50ml;VelvetAroma;Perfumy;EDP;0;297,34;104,07;50ml;0,23;Active;0;Premium
10212;FreshGlow Wkładki Normal 200ml;FreshGlow;Higiena intymna;Wkładki;0;15,44;10,04;200ml;0,23;Active;0;Mid-Market
10213;VelvetLine Usta Matujący 15g;VelvetLine;Makijaż;Usta;0;86,53;34,61;15g;0,23;Active;0;Mid-Market
10214;Herbix Stylizacja Do farbowanych 400ml;Herbix;Włosy;Stylizacja;0;39,56;21,76;400ml;0,23;Active;1;Mid-Market
10215;PureBotanica Krem na noc Matujący 150ml;PureBotanica;Pielęgnacja twarzy;Kremy na noc;0;121,68;54,76;150ml;0,23;Active;1;Premium
10216;ColorAura Twarz Long-lasting 15g;ColorAura;Makijaż;Twarz;0;110,33;44,13;15g;0,23;Active;0;Mid-Market
10217;SoftTouch Płyny i żele Super 40 szt.;SoftTouch;Higiena intymna;Płyny i żele;0;12,29;7,99;szt.;0,23;Phase-Out;1;Economy
10218;SilkMane Szampon Do farbowanych 500ml;SilkMane;Włosy;Szampony;0;56,81;31,25;500ml;0,23;Active;0;Premium
10219;SoftTouch Płyny i żele Kojący 200ml;SoftTouch;Higiena intymna;Płyny i żele;0;22,93;14,9;200ml;0,23;Active;0;Premium
10220;Aura Basic Płyny i żele Normal 200ml;Aura Basic;Higiena intymna;Płyny i żele;1;17,96;8,08;200ml;0,23;Active;0;Mid-Market
10221;Aura Care Żele do mycia Przeciwzmarszczkowy 150ml;Aura Care;Pielęgnacja twarzy;Żele do mycia;1;53,24;13,31;150ml;0,23;Active;1;Mid-Market
10222;VisagePro Twarz Matujący 15g;VisagePro;Makijaż;Twarz;0;159,54;63,82;15g;0,23;Active;0;Premium
10223;NutriMax Minerały D3 2000 j.m. 30 kaps.;NutriMax;Suplementy i Zdrowie;Minerały;0;78,02;42,91;kaps.;0,08;Active;0;Premium
10224;LumiSkin Krem na noc Przeciwzmarszczkowy 50ml;LumiSkin;Pielęgnacja twarzy;Kremy na noc;0;120,78;54,35;50ml;0,23;Active;0;Premium
10225;PureCare Płyny i żele Ochronny 20 szt.;PureCare;Higiena intymna;Płyny i żele;0;22,07;14,35;szt.;0,23;Active;1;Premium
10226;Aura Kids Chusteczki Nawilżane 500ml;Aura Kids;Dziecko;Chusteczki;1;22,93;13,76;500ml;0,23;Active;0;Economy
10227;Veluria Sera Nawilżający 150ml;Veluria;Pielęgnacja twarzy;Sera;0;130,92;58,91;150ml;0,23;Active;1;Premium
10228;SilkMane Odżywki Przeciwłupieżowy 400ml;SilkMane;Włosy;Odżywki;0;58,49;32,17;400ml;0,23;Active;0;Premium
10229;VigorHair Stylizacja Przeciwłupieżowy 250ml;VigorHair;Włosy;Stylizacja;0;56,93;31,31;250ml;0,23;Active;0;Premium
10230;VelvetLine Oczy Long-lasting 15g;VelvetLine;Makijaż;Oczy;0;82,7;33,08;15g;0,23;Active;0;Mid-Market
10231;SilkMane Szampon Nawilżająca 500ml;SilkMane;Włosy;Szampony;0;39,25;21,59;500ml;0,23;Active;1;Mid-Market
10232;SilkMane Odżywki Do farbowanych 400ml;SilkMane;Włosy;Odżywki;0;67,05;36,88;400ml;0,23;Discontinued;0;Premium
10233;VigorHair Stylizacja Do farbowanych 500ml;VigorHair;Włosy;Stylizacja;0;37,47;20,61;500ml;0,23;Active;0;Mid-Market
10234;Aura Beauty Usta Matujący 8ml;Aura Beauty;Makijaż;Usta;1;108,81;21,76;8ml;0,23;Active;0;Mid-Market
10235;Veluria Żele do mycia Z witaminą C 50ml;Veluria;Pielęgnacja twarzy;Żele do mycia;0;50,52;22,73;50ml;0,23;Active;0;Economy
10236;PureTots Chusteczki Rozmiar 4 40 szt.;PureTots;Dziecko;Chusteczki;0;71,2;53,4;szt.;0,23;Active;0;Premium
10237;VitaCore Odporność Magnez + B6 60 kaps.;VitaCore;Suplementy i Zdrowie;Odporność;0;30,08;16,54;kaps.;0,08;Active;1;Economy
10238;Aura Care Krem na noc Nawilżający 150ml;Aura Care;Pielęgnacja twarzy;Kremy na noc;1;92,87;23,22;150ml;0,23;Active;1;Premium
10239;Aura Basic Wkładki Kojący 40 szt.;Aura Basic;Higiena intymna;Wkładki;1;6,96;3,13;szt.;0,23;Active;0;Economy
10240;TinyJoy Kosmetyki Sensitive 500ml;TinyJoy;Dziecko;Kosmetyki;0;56,42;42,31;500ml;0,23;Phase-Out;1;Premium
10241;ColorAura Usta Rozświetlający 30ml;ColorAura;Makijaż;Usta;0;80,02;32,01;30ml;0,23;Active;0;Mid-Market
10242;SilkMane Maski Przeciwłupieżowy 400ml;SilkMane;Włosy;Maski;0;19,14;10,53;400ml;0,23;Discontinued;0;Economy
10243;FreshGlow Wkładki Kojący 40 szt.;FreshGlow;Higiena intymna;Wkładki;0;26,46;17,2;szt.;0,23;Active;0;Premium
10244;Aura Care Krem na noc Przeciwzmarszczkowy 50ml;Aura Care;Pielęgnacja twarzy;Kremy na noc;1;72,39;18,1;50ml;0,23;Active;1;Mid-Market
10245;SilkMane Stylizacja Nawilżająca 500ml;SilkMane;Włosy;Stylizacja;0;55,27;30,4;500ml;0,23;Active;0;Premium
10246;VigorHair Maski Odbudowujący 500ml;VigorHair;Włosy;Maski;0;69,15;38,03;500ml;0,23;Active;0;Premium
10247;DermaGlow Sera Przeciwzmarszczkowy 150ml;DermaGlow;Pielęgnacja twarzy;Sera;0;36,96;16,63;150ml;0,23;Active;0;Economy
10248;SoftTouch Wkładki Ochronny 200ml;SoftTouch;Higiena intymna;Wkładki;0;16,16;10,5;200ml;0,23;Phase-Out;1;Mid-Market
10249;Aura Kids Kosmetyki Nawilżane 60 szt.;Aura Kids;Dziecko;Kosmetyki;1;28,85;17,31;szt.;0,23;Active;0;Economy
10250;SilkMane Maski Przeciwłupieżowy 400ml;SilkMane;Włosy;Maski;0;60,04;33,02;400ml;0,23;Phase-Out;0;Premium
10251;DermaGlow Sera Z witaminą C 50ml;DermaGlow;Pielęgnacja twarzy;Sera;0;49,31;22,19;50ml;0,23;Active;0;Economy
10252;GlamTouch Usta Long-lasting 8ml;GlamTouch;Makijaż;Usta;0;59,24;23,7;8ml;0,23;Active;0;Economy
10253;BotanicaPro Szampon Nawilżająca 500ml;BotanicaPro;Włosy;Szampony;0;71,09;39,1;500ml;0,23;Active;0;Premium
10254;VisagePro Twarz Long-lasting 15g;VisagePro;Makijaż;Twarz;0;113,35;45,34;15g;0,23;Active;0;Mid-Market
10255;DermaGlow Krem na noc Nawilżający 150ml;DermaGlow;Pielęgnacja twarzy;Kremy na noc;0;88,76;39,94;150ml;0,23;Active;0;Mid-Market
10256;SilkMane Szampon Odbudowujący 500ml;SilkMane;Włosy;Szampony;0;73,92;40,66;500ml;0,23;Active;0;Premium
10257;VitaCore Odporność C 1000mg 90 kaps.;VitaCore;Suplementy i Zdrowie;Odporność;0;46,1;25,36;kaps.;0,08;Active;0;Mid-Market
10258;VigorHair Szampon Do farbowanych 500ml;VigorHair;Włosy;Szampony;0;37,18;20,45;500ml;0,23;Active;1;Mid-Market
10259;VelvetLine Usta Long-lasting 8ml;VelvetLine;Makijaż;Usta;0;54,11;21,64;8ml;0,23;Active;0;Economy
10260;SoftTouch Płyny i żele Ochronny 20 szt.;SoftTouch;Higiena intymna;Płyny i żele;0;7,27;4,73;szt.;0,23;Active;0;Economy
10261;NutriMax Odporność Magnez + B6 60 kaps.;NutriMax;Suplementy i Zdrowie;Odporność;0;33,25;18,29;kaps.;0,08;Active;0;Economy
10262;NutriMax Minerały C 1000mg 90 kaps.;NutriMax;Suplementy i Zdrowie;Minerały;0;24,0;13,2;kaps.;0,08;Active;0;Economy
10263;FreshGlow Wkładki Normal 20 szt.;FreshGlow;Higiena intymna;Wkładki;0;16,31;10,6;szt.;0,23;Active;0;Mid-Market
10264;Herbix Szampon Odbudowujący 500ml;Herbix;Włosy;Szampony;0;53,44;29,39;500ml;0,23;Active;1;Mid-Market
10265;Herbix Odżywki Odbudowujący 500ml;Herbix;Włosy;Odżywki;0;31,79;17,48;500ml;0,23;Active;1;Economy
10266;NutriMax Witaminy D3 2000 j.m. 60 kaps.;NutriMax;Suplementy i Zdrowie;Witaminy;0;98,86;54,37;kaps.;0,08;Phase-Out;1;Premium
10267;VelvetLine Usta Matujący 8ml;VelvetLine;Makijaż;Usta;0;146,37;58,55;8ml;0,23;Active;0;Premium
10268;LumiSkin Krem na noc Nawilżający 50ml;LumiSkin;Pielęgnacja twarzy;Kremy na noc;0;18,77;8,45;50ml;0,23;Active;0;Economy
10269;LumiSkin Sera Z witaminą C 150ml;LumiSkin;Pielęgnacja twarzy;Sera;0;100,82;45,37;150ml;0,23;Phase-Out;0;Premium
10270;VigorHair Szampon Odbudowujący 500ml;VigorHair;Włosy;Szampony;0;40,32;22,18;500ml;0,23;Discontinued;0;Mid-Market
10271;VigorHair Stylizacja Do farbowanych 400ml;VigorHair;Włosy;Stylizacja;0;46,16;25,39;400ml;0,23;Active;0;Mid-Market
10272;HealthSpark Witaminy D3 2000 j.m. 60 kaps.;HealthSpark;Suplementy i Zdrowie;Witaminy;0;68,75;37,81;kaps.;0,08;Active;0;Mid-Market
10273;VitaCore Witaminy Forte 30 kaps.;VitaCore;Suplementy i Zdrowie;Witaminy;0;84,7;46,59;kaps.;0,08;Discontinued;0;Premium
10274;PureCare Płyny i żele Kojący 40 szt.;PureCare;Higiena intymna;Płyny i żele;0;21,01;13,66;szt.;0,23;Active;1;Premium
10275;FreshGlow Płyny i żele Normal 20 szt.;FreshGlow;Higiena intymna;Płyny i żele;0;28,41;18,47;szt.;0,23;Active;1;Premium
10276;Aura Care Witaminy C 1000mg 30 kaps.;Aura Care;Suplementy i Zdrowie;Witaminy;1;67,06;20,12;kaps.;0,08;Active;1;Mid-Market
10277;Aura Care Krem na dzień Matujący 50ml;Aura Care;Pielęgnacja twarzy;Kremy na dzień;1;112,49;28,12;50ml;0,23;Phase-Out;1;Premium
10278;Aura Basic Podpaski Ochronny 200ml;Aura Basic;Higiena intymna;Podpaski;1;21,34;9,6;200ml;0,23;Active;0;Premium
10279;Aura Care Sera Przeciwzmarszczkowy 30ml;Aura Care;Pielęgnacja twarzy;Sera;1;21,32;5,33;30ml;0,23;Active;1;Economy
10280;LumiSkin Krem na dzień Przeciwzmarszczkowy 150ml;LumiSkin;Pielęgnacja twarzy;Kremy na dzień;0;64,99;29,25;150ml;0,23;Active;0;Mid-Market
10281;SoftTouch Płyny i żele Kojący 20 szt.;SoftTouch;Higiena intymna;Płyny i żele;0;24,48;15,91;szt.;0,23;Active;0;Premium
10282;SilkMane Odżywki Nawilżająca 250ml;SilkMane;Włosy;Odżywki;0;47,4;26,07;250ml;0,23;Active;0;Mid-Market
10283;GlamTouch Oczy Matujący 15g;GlamTouch;Makijaż;Oczy;0;92,47;36,99;15g;0,23;Active;0;Mid-Market
10284;Aura Care Żele do mycia Matujący 30ml;Aura Care;Pielęgnacja twarzy;Żele do mycia;1;49,07;12,27;30ml;0,23;Active;1;Economy
10285;PureBotanica Sera Matujący 150ml;PureBotanica;Pielęgnacja twarzy;Sera;0;139,45;62,75;150ml;0,23;Active;1;Premium
10286;Veluria Krem na noc Matujący 50ml;Veluria;Pielęgnacja twarzy;Kremy na noc;0;93,83;42,22;50ml;0,23;Active;0;Premium
10287;BotanicaPro Maski Przeciwłupieżowy 500ml;BotanicaPro;Włosy;Maski;0;16,23;8,93;500ml;0,23;Active;0;Economy
10288;ColorAura Oczy Rozświetlający 30ml;ColorAura;Makijaż;Oczy;0;54,9;21,96;30ml;0,23;Phase-Out;0;Economy
10289;Aura Care Krem na dzień Matujący 50ml;Aura Care;Pielęgnacja twarzy;Kremy na dzień;1;87,43;21,86;50ml;0,23;Active;1;Mid-Market
10290;BabySoft Pieluchy Rozmiar 4 500ml;BabySoft;Dziecko;Pieluchy;0;34,78;26,09;500ml;0,23;Active;0;Economy
10291;BotanicaPro Szampon Do farbowanych 400ml;BotanicaPro;Włosy;Szampony;0;14,59;8,02;400ml;0,23;Discontinued;0;Economy
10292;FreshGlow Podpaski Kojący 20 szt.;FreshGlow;Higiena intymna;Podpaski;0;15,06;9,79;szt.;0,23;Active;0;Mid-Market
10293;SoftTouch Podpaski Kojący 20 szt.;SoftTouch;Higiena intymna;Podpaski;0;18,87;12,27;szt.;0,23;Active;0;Mid-Market
10294;Aura Signatures EDT Pour Homme 50ml;Aura Signatures;Perfumy;EDT;1;229,73;34,46;50ml;0,23;Phase-Out;0;Mid-Market
10295;SoftTouch Płyny i żele Kojący 200ml;SoftTouch;Higiena intymna;Płyny i żele;0;16,11;10,47;200ml;0,23;Phase-Out;0;Mid-Market
10296;Aura Care Odżywki Nawilżająca 400ml;Aura Care;Włosy;Odżywki;1;22,4;7,84;400ml;0,23;Discontinued;1;Economy
10297;VigorHair Stylizacja Do farbowanych 250ml;VigorHair;Włosy;Stylizacja;0;57,44;31,59;250ml;0,23;Active;1;Premium
10298;PureCare Płyny i żele Super 20 szt.;PureCare;Higiena intymna;Płyny i żele;0;24,64;16,02;szt.;0,23;Phase-Out;1;Premium
10299;Aura Care Odżywki Nawilżająca 400ml;Aura Care;Włosy;Odżywki;1;27,51;9,63;400ml;0,23;Active;1;Economy
10300;Aura Care Szampon Do farbowanych 400ml;Aura Care;Włosy;Szampony;1;47,33;16,57;400ml;0,23;Active;1;Mid-Market
10301;SoftTouch Wkładki Super 20 szt.;SoftTouch;Higiena intymna;Wkładki;0;11,98;7,79;szt.;0,23;Active;1;Economy
10302;VigorHair Szampon Do farbowanych 500ml;VigorHair;Włosy;Szampony;0;48,8;26,84;500ml;0,23;Active;0;Mid-Market
10303;PureBotanica Krem na noc Nawilżający 30ml;PureBotanica;Pielęgnacja twarzy;Kremy na noc;0;52,54;23,64;30ml;0,23;Active;1;Economy
10304;VelvetLine Oczy Rozświetlający 8ml;VelvetLine;Makijaż;Oczy;0;92,9;37,16;8ml;0,23;Active;1;Mid-Market
10305;PureBotanica Żele do mycia Matujący 30ml;PureBotanica;Pielęgnacja twarzy;Żele do mycia;0;98,2;44,19;30ml;0,23;Active;1;Premium
10306;Herbix Szampon Odbudowujący 500ml;Herbix;Włosy;Szampony;0;78,94;43,42;500ml;0,23;Active;1;Premium
10307;PureTots Kosmetyki Sensitive 60 szt.;PureTots;Dziecko;Kosmetyki;0;74,56;55,92;szt.;0,23;Active;0;Premium
10308;Aura Care Stylizacja Odbudowujący 400ml;Aura Care;Włosy;Stylizacja;1;27,89;9,76;400ml;0,23;Active;1;Economy
10309;Aura Beauty Twarz Wodoodporny 30ml;Aura Beauty;Makijaż;Twarz;1;124,85;24,97;30ml;0,23;Active;0;Premium
10310;Aura Care Szampon Nawilżająca 400ml;Aura Care;Włosy;Szampony;1;19,29;6,75;400ml;0,23;Active;1;Economy
10311;VelvetLine Oczy Matujący 8ml;VelvetLine;Makijaż;Oczy;0;96,54;38,62;8ml;0,23;Active;0;Mid-Market
10312;FreshGlow Płyny i żele Kojący 200ml;FreshGlow;Higiena intymna;Płyny i żele;0;8,74;5,68;200ml;0,23;Active;0;Economy
10313;HealthSpark Witaminy D3 2000 j.m. 30 kaps.;HealthSpark;Suplementy i Zdrowie;Witaminy;0;102,85;56,57;kaps.;0,08;Phase-Out;0;Premium
10314;BotanicaPro Maski Przeciwłupieżowy 500ml;BotanicaPro;Włosy;Maski;0;36,3;19,96;500ml;0,23;Active;0;Mid-Market
10315;BotanicaPro Stylizacja Przeciwłupieżowy 400ml;BotanicaPro;Włosy;Stylizacja;0;29,79;16,38;400ml;0,23;Active;0;Economy
10316;VigorHair Szampon Do farbowanych 500ml;VigorHair;Włosy;Szampony;0;79,44;43,69;500ml;0,23;Active;0;Premium
10317;Herbix Odżywki Do farbowanych 500ml;Herbix;Włosy;Odżywki;0;47,64;26,2;500ml;0,23;Active;1;Mid-Market
10318;VisagePro Usta Long-lasting 30ml;VisagePro;Makijaż;Usta;0;35,13;14,05;30ml;0,23;Active;0;Economy
10319;NutriMax Witaminy C 1000mg 60 kaps.;NutriMax;Suplementy i Zdrowie;Witaminy;0;23,28;12,8;kaps.;0,08;Active;0;Economy
10320;NoirElegance EDT Pour Homme 100ml;NoirElegance;Perfumy;EDT;0;421,82;147,64;100ml;0,23;Active;0;Premium
10321;VigorHair Odżywki Do farbowanych 400ml;VigorHair;Włosy;Odżywki;0;76,73;42,2;400ml;0,23;Active;0;Premium
10322;LumiSkin Krem na dzień Nawilżający 150ml;LumiSkin;Pielęgnacja twarzy;Kremy na dzień;0;82,36;37,06;150ml;0,23;Active;0;Mid-Market
10323;HealthSpark Odporność Forte 90 kaps.;HealthSpark;Suplementy i Zdrowie;Odporność;0;47,91;26,35;kaps.;0,08;Phase-Out;0;Mid-Market
10324;GlamTouch Twarz Long-lasting 15g;GlamTouch;Makijaż;Twarz;0;118,13;47,25;15g;0,23;Active;0;Premium
10325;FreshGlow Płyny i żele Super 40 szt.;FreshGlow;Higiena intymna;Płyny i żele;0;20,72;13,47;szt.;0,23;Active;0;Premium
10326;Aura Beauty Oczy Long-lasting 30ml;Aura Beauty;Makijaż;Oczy;1;56,87;11,37;30ml;0,23;Active;0;Economy
10327;SoftTouch Płyny i żele Super 40 szt.;SoftTouch;Higiena intymna;Płyny i żele;0;12,42;8,07;szt.;0,23;Active;0;Economy
10328;Aura Care Witaminy D3 2000 j.m. 90 kaps.;Aura Care;Suplementy i Zdrowie;Witaminy;1;68,94;20,68;kaps.;0,08;Active;1;Premium
10329;VelvetLine Twarz Matujący 15g;VelvetLine;Makijaż;Twarz;0;35,4;14,16;15g;0,23;Active;0;Economy
10330;Veluria Sera Z witaminą C 150ml;Veluria;Pielęgnacja twarzy;Sera;0;126,2;56,79;150ml;0,23;Active;0;Premium
10331;LumiSkin Sera Matujący 50ml;LumiSkin;Pielęgnacja twarzy;Sera;0;33,99;15,3;50ml;0,23;Active;0;Economy
10332;Aura Kids Pieluchy Sensitive 60 szt.;Aura Kids;Dziecko;Pieluchy;1;64,57;38,74;szt.;0,23;Active;0;Premium
10333;PureBotanica Sera Z witaminą C 30ml;PureBotanica;Pielęgnacja twarzy;Sera;0;99,29;44,68;30ml;0,23;Phase-Out;1;Premium
10334;DermaGlow Krem na dzień Matujący 30ml;DermaGlow;Pielęgnacja twarzy;Kremy na dzień;0;68,45;30,8;30ml;0,23;Active;0;Mid-Market
10335;PureCare Podpaski Normal 20 szt.;PureCare;Higiena intymna;Podpaski;0;13,17;8,56;szt.;0,23;Phase-Out;1;Mid-Market
10336;SilkMane Odżywki Do farbowanych 400ml;SilkMane;Włosy;Odżywki;0;72,79;40,03;400ml;0,23;Active;0;Premium
10337;FreshGlow Podpaski Super 20 szt.;FreshGlow;Higiena intymna;Podpaski;0;7,32;4,76;szt.;0,23;Active;0;Economy
10338;SoftTouch Podpaski Kojący 200ml;SoftTouch;Higiena intymna;Podpaski;0;17,46;11,35;200ml;0,23;Active;0;Mid-Market
10339;BotanicaPro Stylizacja Nawilżająca 500ml;BotanicaPro;Włosy;Stylizacja;0;46,26;25,44;500ml;0,23;Active;0;Mid-Market
10340;PureBotanica Krem na dzień Nawilżający 30ml;PureBotanica;Pielęgnacja twarzy;Kremy na dzień;0;20,7;9,31;30ml;0,23;Active;1;Economy
10341;HealthSpark Witaminy C 1000mg 90 kaps.;HealthSpark;Suplementy i Zdrowie;Witaminy;0;49,83;27,41;kaps.;0,08;Active;0;Mid-Market
10342;PureBotanica Żele do mycia Przeciwzmarszczkowy 150ml;PureBotanica;Pielęgnacja twarzy;Żele do mycia;0;82,06;36,93;150ml;0,23;Active;1;Mid-Market
10343;BotanicaPro Odżywki Odbudowujący 500ml;BotanicaPro;Włosy;Odżywki;0;78,48;43,16;500ml;0,23;Discontinued;1;Premium
10344;BabySoft Pieluchy Rozmiar 3 60 szt.;BabySoft;Dziecko;Pieluchy;0;75,78;56,84;szt.;0,23;Active;0;Premium
10345;Aura Kids Chusteczki Rozmiar 3 500ml;Aura Kids;Dziecko;Chusteczki;1;26,05;15,63;500ml;0,23;Active;0;Economy
10346;ColorAura Usta Rozświetlający 8ml;ColorAura;Makijaż;Usta;0;62,37;24,95;8ml;0,23;Active;1;Economy
10347;NutriMax Minerały Forte 30 kaps.;NutriMax;Suplementy i Zdrowie;Minerały;0;53,79;29,58;kaps.;0,08;Active;0;Mid-Market
10348;SoftTouch Płyny i żele Super 40 szt.;SoftTouch;Higiena intymna;Płyny i żele;0;25,21;16,39;szt.;0,23;Active;0;Premium
10349;VigorHair Szampon Do farbowanych 400ml;VigorHair;Włosy;Szampony;0;75,21;41,37;400ml;0,23;Active;0;Premium
10350;SilkMane Stylizacja Odbudowujący 500ml;SilkMane;Włosy;Stylizacja;0;25,33;13,93;500ml;0,23;Active;0;Economy
10351;Veluria Krem na noc Z witaminą C 50ml;Veluria;Pielęgnacja twarzy;Kremy na noc;0;25,28;11,38;50ml;0,23;Active;0;Economy
10352;Aura Care Maski Do farbowanych 500ml;Aura Care;Włosy;Maski;1;27,44;9,6;500ml;0,23;Phase-Out;1;Economy
10353;Aura Care Szampon Przeciwłupieżowy 500ml;Aura Care;Włosy;Szampony;1;49,18;17,21;500ml;0,23;Active;1;Mid-Market
10354;SilkMane Maski Odbudowujący 500ml;SilkMane;Włosy;Maski;0;42,26;23,24;500ml;0,23;Active;0;Mid-Market
10355;Herbix Szampon Przeciwłupieżowy 400ml;Herbix;Włosy;Szampony;0;63,83;35,11;400ml;0,23;Active;1;Premium
10356;Aura Care Minerały Forte 60 kaps.;Aura Care;Suplementy i Zdrowie;Minerały;1;46,89;14,07;kaps.;0,08;Active;1;Mid-Market
10357;DermaGlow Sera Przeciwzmarszczkowy 50ml;DermaGlow;Pielęgnacja twarzy;Sera;0;103,6;46,62;50ml;0,23;Active;0;Premium
10358;Veluria Żele do mycia Nawilżający 50ml;Veluria;Pielęgnacja twarzy;Żele do mycia;0;50,12;22,55;50ml;0,23;Active;0;Economy
10359;SoftTouch Podpaski Ochronny 20 szt.;SoftTouch;Higiena intymna;Podpaski;0;11,16;7,25;szt.;0,23;Active;0;Economy
10360;Aura Care Odżywki Nawilżająca 250ml;Aura Care;Włosy;Odżywki;1;57,29;20,05;250ml;0,23;Active;1;Premium
10361;VitaCore Witaminy D3 2000 j.m. 60 kaps.;VitaCore;Suplementy i Zdrowie;Witaminy;0;30,03;16,52;kaps.;0,08;Active;0;Economy
10362;Aura Care Stylizacja Odbudowujący 250ml;Aura Care;Włosy;Stylizacja;1;43,37;15,18;250ml;0,23;Active;1;Mid-Market
10363;HealthSpark Witaminy Forte 90 kaps.;HealthSpark;Suplementy i Zdrowie;Witaminy;0;30,24;16,63;kaps.;0,08;Active;0;Economy
10364;Aura Care Sera Matujący 30ml;Aura Care;Pielęgnacja twarzy;Sera;1;17,02;4,25;30ml;0,23;Active;1;Economy
10365;Essentia Mgiełki Intense 50ml;Essentia;Perfumy;Mgiełki;0;154,56;54,1;50ml;0,23;Active;0;Economy
10366;PureTots Pieluchy Nawilżane 60 szt.;PureTots;Dziecko;Pieluchy;0;43,83;32,87;szt.;0,23;Active;0;Mid-Market
10367;Aura Kids Chusteczki Nawilżane 60 szt.;Aura Kids;Dziecko;Chusteczki;1;56,3;33,78;szt.;0,23;Active;0;Premium
10368;DermaGlow Krem na dzień Nawilżający 150ml;DermaGlow;Pielęgnacja twarzy;Kremy na dzień;0;66,12;29,75;150ml;0,23;Phase-Out;0;Mid-Market
10369;PureTots Pieluchy Sensitive 500ml;PureTots;Dziecko;Pieluchy;0;38,14;28,61;500ml;0,23;Active;0;Mid-Market
10370;FreshGlow Podpaski Kojący 200ml;FreshGlow;Higiena intymna;Podpaski;0;18,04;11,73;200ml;0,23;Active;0;Mid-Market
10371;VigorHair Maski Nawilżająca 400ml;VigorHair;Włosy;Maski;0;45,77;25,17;400ml;0,23;Phase-Out;0;Mid-Market
10372;Herbix Odżywki Odbudowujący 500ml;Herbix;Włosy;Odżywki;0;63,09;34,7;500ml;0,23;Active;1;Premium
10373;TinyJoy Pieluchy Sensitive 60 szt.;TinyJoy;Dziecko;Pieluchy;0;58,49;43,87;szt.;0,23;Active;1;Premium
10374;LumiSkin Sera Przeciwzmarszczkowy 30ml;LumiSkin;Pielęgnacja twarzy;Sera;0;118,86;53,49;30ml;0,23;Active;0;Premium
10375;VitaCore Minerały C 1000mg 30 kaps.;VitaCore;Suplementy i Zdrowie;Minerały;0;43,32;23,83;kaps.;0,08;Active;0;Economy
10376;VigorHair Odżywki Nawilżająca 400ml;VigorHair;Włosy;Odżywki;0;23,6;12,98;400ml;0,23;Active;0;Economy
10377;Aura Beauty Twarz Matujący 8ml;Aura Beauty;Makijaż;Twarz;1;94,3;18,86;8ml;0,23;Phase-Out;0;Mid-Market
10378;GlamTouch Oczy Matujący 8ml;GlamTouch;Makijaż;Oczy;0;139,25;55,7;8ml;0,23;Discontinued;0;Premium
10379;NutriMax Minerały D3 2000 j.m. 30 kaps.;NutriMax;Suplementy i Zdrowie;Minerały;0;65,01;35,76;kaps.;0,08;Discontinued;0;Mid-Market
10380;Aura Care Sera Nawilżający 30ml;Aura Care;Pielęgnacja twarzy;Sera;1;82,84;20,71;30ml;0,23;Active;1;Mid-Market
10381;HealthSpark Witaminy C 1000mg 90 kaps.;HealthSpark;Suplementy i Zdrowie;Witaminy;0;24,0;13,2;kaps.;0,08;Active;0;Economy
10382;Aura Care Żele do mycia Przeciwzmarszczkowy 30ml;Aura Care;Pielęgnacja twarzy;Żele do mycia;1;52,58;13,14;30ml;0,23;Phase-Out;1;Economy
10383;HealthSpark Witaminy Magnez + B6 30 kaps.;HealthSpark;Suplementy i Zdrowie;Witaminy;0;76,8;42,24;kaps.;0,08;Phase-Out;0;Premium
10384;BabySoft Chusteczki Rozmiar 3 60 szt.;BabySoft;Dziecko;Chusteczki;0;51,35;38,51;szt.;0,23;Active;0;Mid-Market
10385;FreshGlow Wkładki Ochronny 40 szt.;FreshGlow;Higiena intymna;Wkładki;0;22,39;14,55;szt.;0,23;Active;0;Premium
10386;PureBotanica Krem na noc Z witaminą C 150ml;PureBotanica;Pielęgnacja twarzy;Kremy na noc;0;107,0;48,15;150ml;0,23;Active;1;Premium
10387;Herbix Szampon Do farbowanych 250ml;Herbix;Włosy;Szampony;0;18,41;10,13;250ml;0,23;Active;1;Economy
10388;ColorAura Oczy Rozświetlający 15g;ColorAura;Makijaż;Oczy;0;54,29;21,72;15g;0,23;Phase-Out;1;Economy
10389;LumiSkin Sera Przeciwzmarszczkowy 150ml;LumiSkin;Pielęgnacja twarzy;Sera;0;27,77;12,5;150ml;0,23;Active;0;Economy
10390;NutriMax Witaminy Magnez + B6 60 kaps.;NutriMax;Suplementy i Zdrowie;Witaminy;0;36,43;20,04;kaps.;0,08;Active;0;Economy
10391;Aura Care Krem na dzień Z witaminą C 50ml;Aura Care;Pielęgnacja twarzy;Kremy na dzień;1;91,74;22,93;50ml;0,23;Active;1;Premium
10392;FreshGlow Podpaski Kojący 200ml;FreshGlow;Higiena intymna;Podpaski;0;22,66;14,73;200ml;0,23;Active;1;Premium
10393;GlamTouch Twarz Wodoodporny 8ml;GlamTouch;Makijaż;Twarz;0;44,62;17,85;8ml;0,23;Discontinued;0;Economy
10394;LumiSkin Krem na noc Przeciwzmarszczkowy 50ml;LumiSkin;Pielęgnacja twarzy;Kremy na noc;0;72,08;32,44;50ml;0,23;Active;0;Mid-Market
10395;ColorAura Usta Wodoodporny 30ml;ColorAura;Makijaż;Usta;0;41,63;16,65;30ml;0,23;Active;0;Economy
10396;HealthSpark Odporność Forte 30 kaps.;HealthSpark;Suplementy i Zdrowie;Odporność;0;87,1;47,91;kaps.;0,08;Active;0;Premium
10397;PureCare Podpaski Normal 20 szt.;PureCare;Higiena intymna;Podpaski;0;7,74;5,03;szt.;0,23;Active;1;Economy
10398;VelvetLine Oczy Wodoodporny 15g;VelvetLine;Makijaż;Oczy;0;171,88;68,75;15g;0,23;Phase-Out;0;Premium
10399;SoftTouch Płyny i żele Normal 40 szt.;SoftTouch;Higiena intymna;Płyny i żele;0;26,23;17,05;szt.;0,23;Active;0;Premium
10400;Aura Care Szampon Do farbowanych 250ml;Aura Care;Włosy;Szampony;1;13,18;4,61;250ml;0,23;Active;1;Economy
10401;VigorHair Maski Do farbowanych 250ml;VigorHair;Włosy;Maski;0;33,19;18,25;250ml;0,23;Active;0;Mid-Market
10402;Aura Care Krem na dzień Przeciwzmarszczkowy 30ml;Aura Care;Pielęgnacja twarzy;Kremy na dzień;1;78,12;19,53;30ml;0,23;Active;1;Mid-Market
10403;Veluria Krem na dzień Matujący 30ml;Veluria;Pielęgnacja twarzy;Kremy na dzień;0;29,63;13,33;30ml;0,23;Active;0;Economy
10404;Herbix Odżywki Przeciwłupieżowy 400ml;Herbix;Włosy;Odżywki;0;53,25;29,29;400ml;0,23;Active;1;Mid-Market
10405;GlamTouch Oczy Long-lasting 15g;GlamTouch;Makijaż;Oczy;0;86,12;34,45;15g;0,23;Active;0;Mid-Market
10406;SilkMane Odżywki Przeciwłupieżowy 400ml;SilkMane;Włosy;Odżywki;0;34,5;18,98;400ml;0,23;Discontinued;0;Mid-Market
10407;GlamTouch Oczy Matujący 30ml;GlamTouch;Makijaż;Oczy;0;81,71;32,68;30ml;0,23;Active;0;Mid-Market
10408;Aura Basic Podpaski Normal 200ml;Aura Basic;Higiena intymna;Podpaski;1;21,48;9,67;200ml;0,23;Active;1;Premium
10409;Aura Care Sera Przeciwzmarszczkowy 150ml;Aura Care;Pielęgnacja twarzy;Sera;1;31,69;7,92;150ml;0,23;Active;1;Economy
10410;Aura Beauty Twarz Long-lasting 8ml;Aura Beauty;Makijaż;Twarz;1;44,05;8,81;8ml;0,23;Active;0;Economy
10411;HealthSpark Witaminy D3 2000 j.m. 90 kaps.;HealthSpark;Suplementy i Zdrowie;Witaminy;0;58,97;32,43;kaps.;0,08;Active;0;Mid-Market
10412;Aura Basic Płyny i żele Ochronny 40 szt.;Aura Basic;Higiena intymna;Płyny i żele;1;9,89;4,45;szt.;0,23;Active;0;Economy
10413;DermaGlow Krem na dzień Przeciwzmarszczkowy 150ml;DermaGlow;Pielęgnacja twarzy;Kremy na dzień;0;83,75;37,69;150ml;0,23;Phase-Out;0;Mid-Market
10414;Aura Care Maski Nawilżająca 250ml;Aura Care;Włosy;Maski;1;30,77;10,77;250ml;0,23;Active;1;Economy
10415;Herbix Szampon Przeciwłupieżowy 500ml;Herbix;Włosy;Szampony;0;75,59;41,57;500ml;0,23;Active;1;Premium
10416;VigorHair Szampon Nawilżająca 400ml;VigorHair;Włosy;Szampony;0;20,09;11,05;400ml;0,23;Active;1;Economy
10417;LumiSkin Krem na dzień Matujący 150ml;LumiSkin;Pielęgnacja twarzy;Kremy na dzień;0;48,03;21,61;150ml;0,23;Phase-Out;0;Economy
10418;NutriMax Witaminy Forte 90 kaps.;NutriMax;Suplementy i Zdrowie;Witaminy;0;75,21;41,37;kaps.;0,08;Active;0;Premium
10419;TinyJoy Pieluchy Nawilżane 500ml;TinyJoy;Dziecko;Pieluchy;0;26,61;19,96;500ml;0,23;Active;0;Economy
10420;LumiSkin Krem na dzień Przeciwzmarszczkowy 50ml;LumiSkin;Pielęgnacja twarzy;Kremy na dzień;0;19,86;8,94;50ml;0,23;Active;0;Economy
10421;PureBotanica Krem na dzień Nawilżający 50ml;PureBotanica;Pielęgnacja twarzy;Kremy na dzień;0;22,14;9,96;50ml;0,23;Active;1;Economy
10422;Veluria Krem na dzień Matujący 30ml;Veluria;Pielęgnacja twarzy;Kremy na dzień;0;31,26;14,07;30ml;0,23;Active;0;Economy
10423;ColorAura Usta Long-lasting 8ml;ColorAura;Makijaż;Usta;0;147,66;59,06;8ml;0,23;Active;0;Premium
10424;VitaCore Minerały D3 2000 j.m. 30 kaps.;VitaCore;Suplementy i Zdrowie;Minerały;0;37,38;20,56;kaps.;0,08;Discontinued;0;Economy
10425;SilkMane Maski Nawilżająca 400ml;SilkMane;Włosy;Maski;0;29,08;15,99;400ml;0,23;Active;0;Economy
10426;BotanicaPro Odżywki Nawilżająca 250ml;BotanicaPro;Włosy;Odżywki;0;48,52;26,69;250ml;0,23;Discontinued;0;Mid-Market
10427;SilkMane Maski Nawilżająca 500ml;SilkMane;Włosy;Maski;0;41,71;22,94;500ml;0,23;Active;1;Mid-Market
10428;VigorHair Szampon Przeciwłupieżowy 400ml;VigorHair;Włosy;Szampony;0;63,68;35,02;400ml;0,23;Active;0;Premium
10429;PureTots Pieluchy Sensitive 500ml;PureTots;Dziecko;Pieluchy;0;75,87;56,9;500ml;0,23;Active;1;Premium
10430;Veluria Krem na noc Z witaminą C 50ml;Veluria;Pielęgnacja twarzy;Kremy na noc;0;52,72;23,72;50ml;0,23;Active;0;Mid-Market
10431;Aura Care Maski Nawilżająca 400ml;Aura Care;Włosy;Maski;1;32,73;11,46;400ml;0,23;Active;1;Economy
10432;Aura Care Sera Przeciwzmarszczkowy 30ml;Aura Care;Pielęgnacja twarzy;Sera;1;16,29;4,07;30ml;0,23;Discontinued;1;Economy
10433;GlamTouch Oczy Rozświetlający 8ml;GlamTouch;Makijaż;Oczy;0;60,96;24,38;8ml;0,23;Active;0;Economy
10434;FreshGlow Wkładki Kojący 40 szt.;FreshGlow;Higiena intymna;Wkładki;0;9,31;6,05;szt.;0,23;Active;1;Economy
10435;HealthSpark Witaminy Magnez + B6 60 kaps.;HealthSpark;Suplementy i Zdrowie;Witaminy;0;20,53;11,29;kaps.;0,08;Active;0;Economy
10436;BabySoft Kosmetyki Sensitive 500ml;BabySoft;Dziecko;Kosmetyki;0;60,29;45,22;500ml;0,23;Phase-Out;0;Premium
10437;Herbix Stylizacja Przeciwłupieżowy 500ml;Herbix;Włosy;Stylizacja;0;75,16;41,34;500ml;0,23;Active;1;Premium
10438;VelvetLine Usta Matujący 15g;VelvetLine;Makijaż;Usta;0;92,75;37,1;15g;0,23;Active;0;Mid-Market
10439;HealthSpark Odporność Forte 60 kaps.;HealthSpark;Suplementy i Zdrowie;Odporność;0;26,1;14,36;kaps.;0,08;Active;0;Economy
10440;PureCare Wkładki Ochronny 20 szt.;PureCare;Higiena intymna;Wkładki;0;10,31;6,7;szt.;0,23;Active;1;Economy
10441;Herbix Szampon Odbudowujący 400ml;Herbix;Włosy;Szampony;0;29,13;16,02;400ml;0,23;Active;1;Economy
10442;SoftTouch Płyny i żele Ochronny 20 szt.;SoftTouch;Higiena intymna;Płyny i żele;0;11,94;7,76;szt.;0,23;Active;0;Economy
10443;Aura Care Odporność C 1000mg 30 kaps.;Aura Care;Suplementy i Zdrowie;Odporność;1;46,13;13,84;kaps.;0,08;Active;1;Mid-Market
10444;DermaGlow Sera Z witaminą C 150ml;DermaGlow;Pielęgnacja twarzy;Sera;0;119,36;53,71;150ml;0,23;Phase-Out;0;Premium
10445;Aura Basic Podpaski Super 40 szt.;Aura Basic;Higiena intymna;Podpaski;1;16,0;7,2;szt.;0,23;Active;0;Mid-Market
10446;BotanicaPro Maski Odbudowujący 400ml;BotanicaPro;Włosy;Maski;0;71,07;39,09;400ml;0,23;Active;0;Premium
10447;BotanicaPro Szampon Przeciwłupieżowy 500ml;BotanicaPro;Włosy;Szampony;0;57,92;31,86;500ml;0,23;Active;0;Premium
10448;TinyJoy Chusteczki Rozmiar 3 500ml;TinyJoy;Dziecko;Chusteczki;0;58,39;43,79;500ml;0,23;Active;0;Premium
10449;SilkMane Szampon Nawilżająca 500ml;SilkMane;Włosy;Szampony;0;58,98;32,44;500ml;0,23;Discontinued;0;Premium
10450;PureTots Pieluchy Rozmiar 4 60 szt.;PureTots;Dziecko;Pieluchy;0;27,21;20,41;szt.;0,23;Active;0;Economy
10451;FreshGlow Płyny i żele Kojący 40 szt.;FreshGlow;Higiena intymna;Płyny i żele;0;16,14;10,49;szt.;0,23;Active;0;Mid-Market
10452;VelvetLine Twarz Long-lasting 15g;VelvetLine;Makijaż;Twarz;0;87,23;34,89;15g;0,23;Active;0;Mid-Market
10453;NoirElegance EDT Fresh 50ml;NoirElegance;Perfumy;EDT;0;277,84;97,24;50ml;0,23;Active;0;Mid-Market
10454;DermaGlow Żele do mycia Matujący 150ml;DermaGlow;Pielęgnacja twarzy;Żele do mycia;0;94,34;42,45;150ml;0,23;Active;0;Premium
10455;LumiSkin Sera Przeciwzmarszczkowy 150ml;LumiSkin;Pielęgnacja twarzy;Sera;0;59,34;26,7;150ml;0,23;Active;0;Mid-Market
10456;Aura Care Żele do mycia Przeciwzmarszczkowy 50ml;Aura Care;Pielęgnacja twarzy;Żele do mycia;1;54,23;13,56;50ml;0,23;Active;1;Mid-Market
10457;Aura Care Minerały D3 2000 j.m. 90 kaps.;Aura Care;Suplementy i Zdrowie;Minerały;1;80,41;24,12;kaps.;0,08;Active;1;Premium
10458;FreshGlow Płyny i żele Super 40 szt.;FreshGlow;Higiena intymna;Płyny i żele;0;15,3;9,95;szt.;0,23;Discontinued;0;Mid-Market
10459;FreshGlow Podpaski Ochronny 40 szt.;FreshGlow;Higiena intymna;Podpaski;0;21,94;14,26;szt.;0,23;Phase-Out;0;Premium
10460;Aura Basic Płyny i żele Kojący 200ml;Aura Basic;Higiena intymna;Płyny i żele;1;21,05;9,47;200ml;0,23;Phase-Out;0;Premium
10461;SoftTouch Podpaski Ochronny 20 szt.;SoftTouch;Higiena intymna;Podpaski;0;21,99;14,29;szt.;0,23;Active;0;Premium
10462;Aura Care Sera Z witaminą C 30ml;Aura Care;Pielęgnacja twarzy;Sera;1;40,77;10,19;30ml;0,23;Discontinued;1;Economy
10463;VigorHair Odżywki Odbudowujący 250ml;VigorHair;Włosy;Odżywki;0;62,85;34,57;250ml;0,23;Active;0;Premium
10464;Aura Care Maski Przeciwłupieżowy 400ml;Aura Care;Włosy;Maski;1;45,98;16,09;400ml;0,23;Active;1;Mid-Market
10465;SilkMane Odżywki Nawilżająca 500ml;SilkMane;Włosy;Odżywki;0;60,48;33,26;500ml;0,23;Active;0;Premium
10466;GlamTouch Usta Rozświetlający 30ml;GlamTouch;Makijaż;Usta;0;169,03;67,61;30ml;0,23;Active;1;Premium
10467;Veluria Krem na noc Matujący 150ml;Veluria;Pielęgnacja twarzy;Kremy na noc;0;72,6;32,67;150ml;0,23;Active;0;Mid-Market
10468;PureTots Chusteczki Sensitive 500ml;PureTots;Dziecko;Chusteczki;0;66,85;50,14;500ml;0,23;Active;0;Premium
10469;VisagePro Twarz Long-lasting 30ml;VisagePro;Makijaż;Twarz;0;102,81;41,12;30ml;0,23;Active;0;Mid-Market
10470;BotanicaPro Maski Odbudowujący 400ml;BotanicaPro;Włosy;Maski;0;54,99;30,24;400ml;0,23;Phase-Out;0;Premium
10471;Aura Signatures EDP Intense 100ml;Aura Signatures;Perfumy;EDP;1;232,47;34,87;100ml;0,23;Active;0;Mid-Market
10472;BotanicaPro Maski Nawilżająca 250ml;BotanicaPro;Włosy;Maski;0;73,42;40,38;250ml;0,23;Active;0;Premium
10473;PureBotanica Krem na noc Przeciwzmarszczkowy 150ml;PureBotanica;Pielęgnacja twarzy;Kremy na noc;0;127,04;57,17;150ml;0,23;Active;1;Premium
10474;VelvetAroma EDP Fresh 30ml;VelvetAroma;Perfumy;EDP;0;425,71;149,0;30ml;0,23;Active;0;Premium
10475;VigorHair Stylizacja Przeciwłupieżowy 500ml;VigorHair;Włosy;Stylizacja;0;46,38;25,51;500ml;0,23;Active;0;Mid-Market
10476;VisagePro Usta Long-lasting 8ml;VisagePro;Makijaż;Usta;0;170,79;68,32;8ml;0,23;Phase-Out;0;Premium
10477;DermaGlow Żele do mycia Z witaminą C 150ml;DermaGlow;Pielęgnacja twarzy;Żele do mycia;0;37,78;17,0;150ml;0,23;Phase-Out;0;Economy
10478;ColorAura Twarz Rozświetlający 30ml;ColorAura;Makijaż;Twarz;0;68,16;27,26;30ml;0,23;Active;0;Economy
10479;Aura Care Sera Nawilżający 50ml;Aura Care;Pielęgnacja twarzy;Sera;1;104,75;26,19;50ml;0,23;Active;1;Premium
10480;Aura Care Stylizacja Przeciwłupieżowy 250ml;Aura Care;Włosy;Stylizacja;1;48,91;17,12;250ml;0,23;Active;1;Mid-Market
10481;Aura Care Szampon Przeciwłupieżowy 500ml;Aura Care;Włosy;Szampony;1;62,04;21,71;500ml;0,23;Active;1;Premium
10482;Aura Care Krem na dzień Przeciwzmarszczkowy 150ml;Aura Care;Pielęgnacja twarzy;Kremy na dzień;1;102,62;25,66;150ml;0,23;Discontinued;1;Premium
10483;SilkMane Stylizacja Odbudowujący 500ml;SilkMane;Włosy;Stylizacja;0;16,52;9,09;500ml;0,23;Phase-Out;0;Economy
10484;BabySoft Chusteczki Nawilżane 60 szt.;BabySoft;Dziecko;Chusteczki;0;42,41;31,81;szt.;0,23;Phase-Out;0;Mid-Market
10485;SoftTouch Wkładki Ochronny 20 szt.;SoftTouch;Higiena intymna;Wkładki;0;12,68;8,24;szt.;0,23;Active;0;Economy
10486;Aura Kids Kosmetyki Nawilżane 60 szt.;Aura Kids;Dziecko;Kosmetyki;1;40,17;24,1;szt.;0,23;Active;0;Mid-Market
10487;LumiSkin Krem na dzień Z witaminą C 30ml;LumiSkin;Pielęgnacja twarzy;Kremy na dzień;0;116,39;52,38;30ml;0,23;Active;1;Premium
10488;SilkMane Szampon Nawilżająca 500ml;SilkMane;Włosy;Szampony;0;27,1;14,91;500ml;0,23;Active;0;Economy
10489;BotanicaPro Maski Do farbowanych 250ml;BotanicaPro;Włosy;Maski;0;19,23;10,58;250ml;0,23;Active;0;Economy
10490;LumiSkin Sera Matujący 30ml;LumiSkin;Pielęgnacja twarzy;Sera;0;96,56;43,45;30ml;0,23;Active;1;Premium
10491;NutriMax Odporność Magnez + B6 60 kaps.;NutriMax;Suplementy i Zdrowie;Odporność;0;96,55;53,1;kaps.;0,08;Discontinued;1;Premium
10492;Veluria Krem na noc Z witaminą C 150ml;Veluria;Pielęgnacja twarzy;Kremy na noc;0;73,08;32,89;150ml;0,23;Active;0;Mid-Market
10493;PureBotanica Sera Przeciwzmarszczkowy 50ml;PureBotanica;Pielęgnacja twarzy;Sera;0;61,11;27,5;50ml;0,23;Active;1;Mid-Market
10494;BotanicaPro Stylizacja Nawilżająca 250ml;BotanicaPro;Włosy;Stylizacja;0;55,91;30,75;250ml;0,23;Active;0;Premium
10495;PureTots Pieluchy Rozmiar 3 500ml;PureTots;Dziecko;Pieluchy;0;41,9;31,42;500ml;0,23;Active;0;Mid-Market
10496;DermaGlow Żele do mycia Przeciwzmarszczkowy 150ml;DermaGlow;Pielęgnacja twarzy;Żele do mycia;0;26,44;11,9;150ml;0,23;Active;0;Economy
10497;PureCare Płyny i żele Ochronny 20 szt.;PureCare;Higiena intymna;Płyny i żele;0;12,5;8,12;szt.;0,23;Active;1;Economy
10498;SilkMane Odżywki Przeciwłupieżowy 250ml;SilkMane;Włosy;Odżywki;0;74,54;41,0;250ml;0,23;Active;0;Premium
10499;VelvetLine Twarz Rozświetlający 15g;VelvetLine;Makijaż;Twarz;0;167,18;66,87;15g;0,23;Active;0;Premium
10500;Veluria Krem na noc Z witaminą C 50ml;Veluria;Pielęgnacja twarzy;Kremy na noc;0;25,97;11,69;50ml;0,23;Active;0;Economy
10501;Aura Beauty Usta Long-lasting 15g;Aura Beauty;Makijaż;Usta;1;89,45;17,89;15g;0,23;Active;0;Mid-Market
10502;VigorHair Szampon Do farbowanych 250ml;VigorHair;Włosy;Szampony;0;43,8;24,09;250ml;0,23;Active;0;Mid-Market
10503;VisagePro Twarz Wodoodporny 8ml;VisagePro;Makijaż;Twarz;0;140,41;56,16;8ml;0,23;Active;0;Premium
10504;HealthSpark Odporność C 1000mg 60 kaps.;HealthSpark;Suplementy i Zdrowie;Odporność;0;74,85;41,17;kaps.;0,08;Phase-Out;0;Premium
10505;TinyJoy Pieluchy Rozmiar 3 60 szt.;TinyJoy;Dziecko;Pieluchy;0;79,36;59,52;szt.;0,23;Active;0;Premium
10506;GlamTouch Usta Wodoodporny 30ml;GlamTouch;Makijaż;Usta;0;93,83;37,53;30ml;0,23;Active;0;Mid-Market
10507;Aura Care Krem na dzień Matujący 150ml;Aura Care;Pielęgnacja twarzy;Kremy na dzień;1;114,39;28,6;150ml;0,23;Phase-Out;1;Premium
10508;Herbix Maski Odbudowujący 500ml;Herbix;Włosy;Maski;0;31,65;17,41;500ml;0,23;Phase-Out;1;Economy
10509;Aura Care Maski Nawilżająca 400ml;Aura Care;Włosy;Maski;1;65,92;23,07;400ml;0,23;Active;1;Premium
10510;FreshGlow Podpaski Normal 20 szt.;FreshGlow;Higiena intymna;Podpaski;0;28,31;18,4;szt.;0,23;Active;0;Premium
10511;NutriMax Odporność Forte 30 kaps.;NutriMax;Suplementy i Zdrowie;Odporność;0;21,68;11,92;kaps.;0,08;Phase-Out;1;Economy
10512;Aura Beauty Twarz Long-lasting 15g;Aura Beauty;Makijaż;Twarz;1;88,42;17,68;15g;0,23;Active;0;Mid-Market
10513;Aura Care Maski Odbudowujący 400ml;Aura Care;Włosy;Maski;1;56,57;19,8;400ml;0,23;Phase-Out;1;Premium
10514;Aura Care Krem na dzień Z witaminą C 50ml;Aura Care;Pielęgnacja twarzy;Kremy na dzień;1;100,36;25,09;50ml;0,23;Active;1;Premium
10515;SilkMane Stylizacja Do farbowanych 400ml;SilkMane;Włosy;Stylizacja;0;74,03;40,72;400ml;0,23;Active;0;Premium
10516;VelvetLine Oczy Long-lasting 8ml;VelvetLine;Makijaż;Oczy;0;99,77;39,91;8ml;0,23;Active;0;Mid-Market
10517;VisagePro Usta Wodoodporny 8ml;VisagePro;Makijaż;Usta;0;73,35;29,34;8ml;0,23;Phase-Out;0;Mid-Market
10518;LumiSkin Krem na noc Przeciwzmarszczkowy 50ml;LumiSkin;Pielęgnacja twarzy;Kremy na noc;0;112,04;50,42;50ml;0,23;Active;0;Premium
10519;FreshGlow Płyny i żele Ochronny 20 szt.;FreshGlow;Higiena intymna;Płyny i żele;0;12,79;8,31;szt.;0,23;Active;1;Economy
10520;BotanicaPro Szampon Odbudowujący 500ml;BotanicaPro;Włosy;Szampony;0;45,78;25,18;500ml;0,23;Phase-Out;0;Mid-Market
10521;GlamTouch Usta Matujący 30ml;GlamTouch;Makijaż;Usta;0;159,29;63,72;30ml;0,23;Active;0;Premium
10522;GlamTouch Twarz Rozświetlający 8ml;GlamTouch;Makijaż;Twarz;0;78,27;31,31;8ml;0,23;Discontinued;0;Mid-Market
10523;Herbix Odżywki Przeciwłupieżowy 400ml;Herbix;Włosy;Odżywki;0;64,87;35,68;400ml;0,23;Active;1;Premium
10524;SoftTouch Płyny i żele Normal 40 szt.;SoftTouch;Higiena intymna;Płyny i żele;0;22,36;14,53;szt.;0,23;Active;0;Premium
10525;VelvetLine Usta Rozświetlający 15g;VelvetLine;Makijaż;Usta;0;65,07;26,03;15g;0,23;Active;0;Economy
10526;NutriMax Minerały Magnez + B6 90 kaps.;NutriMax;Suplementy i Zdrowie;Minerały;0;44,66;24,56;kaps.;0,08;Phase-Out;0;Mid-Market
10527;VigorHair Stylizacja Przeciwłupieżowy 400ml;VigorHair;Włosy;Stylizacja;0;76,12;41,87;400ml;0,23;Active;0;Premium
10528;Aura Care Maski Przeciwłupieżowy 250ml;Aura Care;Włosy;Maski;1;45,47;15,91;250ml;0,23;Active;1;Mid-Market
10529;Herbix Odżywki Przeciwłupieżowy 250ml;Herbix;Włosy;Odżywki;0;64,4;35,42;250ml;0,23;Active;1;Premium
10530;SilkMane Stylizacja Przeciwłupieżowy 500ml;SilkMane;Włosy;Stylizacja;0;52,51;28,88;500ml;0,23;Active;0;Mid-Market
10531;TinyJoy Chusteczki Rozmiar 3 500ml;TinyJoy;Dziecko;Chusteczki;0;48,38;36,29;500ml;0,23;Active;0;Mid-Market
10532;DermaGlow Sera Przeciwzmarszczkowy 50ml;DermaGlow;Pielęgnacja twarzy;Sera;0;54,3;24,43;50ml;0,23;Active;0;Mid-Market
10533;Aura Kids Chusteczki Sensitive 500ml;Aura Kids;Dziecko;Chusteczki;1;43,6;26,16;500ml;0,23;Active;1;Mid-Market
10534;DermaGlow Krem na dzień Nawilżający 50ml;DermaGlow;Pielęgnacja twarzy;Kremy na dzień;0;61,5;27,67;50ml;0,23;Active;0;Mid-Market
10535;Aura Beauty Usta Matujący 30ml;Aura Beauty;Makijaż;Usta;1;109,46;21,89;30ml;0,23;Phase-Out;0;Mid-Market
10536;VelvetLine Twarz Long-lasting 15g;VelvetLine;Makijaż;Twarz;0;151,22;60,49;15g;0,23;Active;0;Premium
10537;PureBotanica Krem na dzień Matujący 50ml;PureBotanica;Pielęgnacja twarzy;Kremy na dzień;0;126,09;56,74;50ml;0,23;Active;1;Premium
10538;LumiSkin Krem na noc Przeciwzmarszczkowy 30ml;LumiSkin;Pielęgnacja twarzy;Kremy na noc;0;60,22;27,1;30ml;0,23;Active;1;Mid-Market
10539;Aura Beauty Usta Long-lasting 15g;Aura Beauty;Makijaż;Usta;1;47,38;9,48;15g;0,23;Active;0;Economy
10540;FreshGlow Podpaski Kojący 20 szt.;FreshGlow;Higiena intymna;Podpaski;0;17,96;11,67;szt.;0,23;Active;0;Mid-Market
10541;SilkMane Odżywki Nawilżająca 400ml;SilkMane;Włosy;Odżywki;0;33,63;18,5;400ml;0,23;Active;1;Mid-Market
10542;LumiSkin Krem na noc Przeciwzmarszczkowy 30ml;LumiSkin;Pielęgnacja twarzy;Kremy na noc;0;28,53;12,84;30ml;0,23;Active;0;Economy
10543;LumiSkin Krem na dzień Z witaminą C 150ml;LumiSkin;Pielęgnacja twarzy;Kremy na dzień;0;106,15;47,77;150ml;0,23;Active;1;Premium
10544;Aura Care Maski Nawilżająca 250ml;Aura Care;Włosy;Maski;1;41,09;14,38;250ml;0,23;Active;1;Mid-Market
10545;BotanicaPro Szampon Odbudowujący 500ml;BotanicaPro;Włosy;Szampony;0;38,15;20,98;500ml;0,23;Discontinued;0;Mid-Market
10546;LumiSkin Krem na dzień Z witaminą C 150ml;LumiSkin;Pielęgnacja twarzy;Kremy na dzień;0;64,8;29,16;150ml;0,23;Phase-Out;0;Mid-Market
10547;VitaCore Witaminy Forte 90 kaps.;VitaCore;Suplementy i Zdrowie;Witaminy;0;96,77;53,22;kaps.;0,08;Active;0;Premium
10548;LumiSkin Krem na dzień Z witaminą C 50ml;LumiSkin;Pielęgnacja twarzy;Kremy na dzień;0;103,84;46,73;50ml;0,23;Active;0;Premium
10549;SoftTouch Wkładki Ochronny 40 szt.;SoftTouch;Higiena intymna;Wkładki;0;9,74;6,33;szt.;0,23;Active;0;Economy
10550;SoftTouch Płyny i żele Ochronny 200ml;SoftTouch;Higiena intymna;Płyny i żele;0;10,4;6,76;200ml;0,23;Discontinued;0;Economy
10551;Aura Care Żele do mycia Przeciwzmarszczkowy 150ml;Aura Care;Pielęgnacja twarzy;Żele do mycia;1;76,26;19,07;150ml;0,23;Active;1;Mid-Market
10552;LumiSkin Sera Matujący 30ml;LumiSkin;Pielęgnacja twarzy;Sera;0;69,37;31,22;30ml;0,23;Active;1;Mid-Market
10553;VigorHair Odżywki Nawilżająca 400ml;VigorHair;Włosy;Odżywki;0;27,36;15,05;400ml;0,23;Phase-Out;0;Economy
10554;Aura Care Żele do mycia Matujący 150ml;Aura Care;Pielęgnacja twarzy;Żele do mycia;1;62,28;15,57;150ml;0,23;Active;1;Mid-Market
10555;PureBotanica Żele do mycia Nawilżający 50ml;PureBotanica;Pielęgnacja twarzy;Żele do mycia;0;126,88;57,1;50ml;0,23;Active;1;Premium
10556;Aura Kids Kosmetyki Rozmiar 3 40 szt.;Aura Kids;Dziecko;Kosmetyki;1;30,81;18,49;szt.;0,23;Active;0;Economy
10557;DermaGlow Krem na dzień Nawilżający 50ml;DermaGlow;Pielęgnacja twarzy;Kremy na dzień;0;109,73;49,38;50ml;0,23;Active;0;Premium
10558;DermaGlow Żele do mycia Nawilżający 150ml;DermaGlow;Pielęgnacja twarzy;Żele do mycia;0;96,45;43,4;150ml;0,23;Active;1;Premium
10559;PureBotanica Krem na dzień Matujący 50ml;PureBotanica;Pielęgnacja twarzy;Kremy na dzień;0;126,62;56,98;50ml;0,23;Active;1;Premium
10560;Aura Basic Wkładki Ochronny 40 szt.;Aura Basic;Higiena intymna;Wkładki;1;18,21;8,19;szt.;0,23;Active;0;Mid-Market
10561;HealthSpark Witaminy D3 2000 j.m. 90 kaps.;HealthSpark;Suplementy i Zdrowie;Witaminy;0;44,82;24,65;kaps.;0,08;Active;1;Mid-Market
10562;Aura Care Odporność Forte 30 kaps.;Aura Care;Suplementy i Zdrowie;Odporność;1;51,47;15,44;kaps.;0,08;Active;1;Mid-Market
10563;LumiSkin Sera Przeciwzmarszczkowy 30ml;LumiSkin;Pielęgnacja twarzy;Sera;0;76,19;34,29;30ml;0,23;Active;0;Mid-Market
10564;VisagePro Oczy Matujący 30ml;VisagePro;Makijaż;Oczy;0;33,68;13,47;30ml;0,23;Active;0;Economy
10565;Aura Beauty Twarz Wodoodporny 8ml;Aura Beauty;Makijaż;Twarz;1;115,77;23,15;8ml;0,23;Active;1;Premium
10566;HealthSpark Witaminy Magnez + B6 60 kaps.;HealthSpark;Suplementy i Zdrowie;Witaminy;0;55,26;30,39;kaps.;0,08;Active;1;Mid-Market
10567;SoftTouch Płyny i żele Ochronny 200ml;SoftTouch;Higiena intymna;Płyny i żele;0;23,36;15,18;200ml;0,23;Active;0;Premium
10568;BotanicaPro Maski Do farbowanych 400ml;BotanicaPro;Włosy;Maski;0;24,99;13,74;400ml;0,23;Active;0;Economy
10569;Herbix Maski Do farbowanych 250ml;Herbix;Włosy;Maski;0;27,74;15,26;250ml;0,23;Active;1;Economy
10570;Herbix Maski Przeciwłupieżowy 500ml;Herbix;Włosy;Maski;0;71,98;39,59;500ml;0,23;Active;1;Premium
10571;ColorAura Oczy Long-lasting 15g;ColorAura;Makijaż;Oczy;0;40,71;16,28;15g;0,23;Active;0;Economy
10572;VelvetLine Usta Rozświetlający 15g;VelvetLine;Makijaż;Usta;0;60,58;24,23;15g;0,23;Phase-Out;0;Economy
10573;VigorHair Szampon Nawilżająca 250ml;VigorHair;Włosy;Szampony;0;52,14;28,68;250ml;0,23;Active;1;Mid-Market
10574;PureTots Chusteczki Rozmiar 4 40 szt.;PureTots;Dziecko;Chusteczki;0;15,78;11,83;szt.;0,23;Active;1;Economy
10575;FreshGlow Płyny i żele Ochronny 200ml;FreshGlow;Higiena intymna;Płyny i żele;0;27,09;17,61;200ml;0,23;Active;0;Premium
10576;FreshGlow Wkładki Kojący 40 szt.;FreshGlow;Higiena intymna;Wkładki;0;12,09;7,86;szt.;0,23;Phase-Out;0;Economy
10577;VigorHair Stylizacja Odbudowujący 250ml;VigorHair;Włosy;Stylizacja;0;20,41;11,23;250ml;0,23;Active;0;Economy
10578;SoftTouch Płyny i żele Normal 40 szt.;SoftTouch;Higiena intymna;Płyny i żele;0;12,56;8,16;szt.;0,23;Active;0;Economy
10579;VigorHair Szampon Przeciwłupieżowy 500ml;VigorHair;Włosy;Szampony;0;19,28;10,6;500ml;0,23;Active;0;Economy
10580;TinyJoy Chusteczki Rozmiar 4 40 szt.;TinyJoy;Dziecko;Chusteczki;0;12,68;9,51;szt.;0,23;Phase-Out;0;Economy
10581;Herbix Maski Odbudowujący 400ml;Herbix;Włosy;Maski;0;29,39;16,16;400ml;0,23;Active;1;Economy
10582;FreshGlow Podpaski Super 20 szt.;FreshGlow;Higiena intymna;Podpaski;0;24,92;16,2;szt.;0,23;Active;0;Premium
10583;Veluria Krem na noc Z witaminą C 30ml;Veluria;Pielęgnacja twarzy;Kremy na noc;0;97,94;44,07;30ml;0,23;Active;0;Premium
10584;PureBotanica Sera Przeciwzmarszczkowy 50ml;PureBotanica;Pielęgnacja twarzy;Sera;0;43,88;19,75;50ml;0,23;Active;1;Economy
10585;LumiSkin Sera Nawilżający 50ml;LumiSkin;Pielęgnacja twarzy;Sera;0;89,37;40,22;50ml;0,23;Active;0;Mid-Market
10586;SilkMane Stylizacja Do farbowanych 500ml;SilkMane;Włosy;Stylizacja;0;20,5;11,28;500ml;0,23;Active;0;Economy
10587;SilkMane Stylizacja Odbudowujący 500ml;SilkMane;Włosy;Stylizacja;0;60,77;33,42;500ml;0,23;Active;0;Premium
10588;Aura Care Żele do mycia Nawilżający 30ml;Aura Care;Pielęgnacja twarzy;Żele do mycia;1;47,28;11,82;30ml;0,23;Active;1;Economy
10589;Herbix Maski Nawilżająca 250ml;Herbix;Włosy;Maski;0;31,34;17,24;250ml;0,23;Active;1;Economy
10590;DermaGlow Krem na dzień Przeciwzmarszczkowy 30ml;DermaGlow;Pielęgnacja twarzy;Kremy na dzień;0;32,43;14,59;30ml;0,23;Active;0;Economy
10591;HealthSpark Minerały C 1000mg 30 kaps.;HealthSpark;Suplementy i Zdrowie;Minerały;0;91,19;50,15;kaps.;0,08;Active;0;Premium
10592;VitaCore Odporność Forte 60 kaps.;VitaCore;Suplementy i Zdrowie;Odporność;0;97,37;53,55;kaps.;0,08;Active;0;Premium
10593;VitaCore Minerały C 1000mg 90 kaps.;VitaCore;Suplementy i Zdrowie;Minerały;0;92,02;50,61;kaps.;0,08;Active;0;Premium
10594;SilkMane Stylizacja Odbudowujący 250ml;SilkMane;Włosy;Stylizacja;0;73,7;40,54;250ml;0,23;Active;0;Premium
10595;Aura Kids Chusteczki Sensitive 60 szt.;Aura Kids;Dziecko;Chusteczki;1;56,15;33,69;szt.;0,23;Discontinued;0;Premium
10596;PureBotanica Krem na noc Przeciwzmarszczkowy 50ml;PureBotanica;Pielęgnacja twarzy;Kremy na noc;0;127,36;57,31;50ml;0,23;Phase-Out;1;Premium
10597;VigorHair Maski Nawilżająca 500ml;VigorHair;Włosy;Maski;0;79,46;43,7;500ml;0,23;Active;0;Premium
10598;VigorHair Szampon Nawilżająca 400ml;VigorHair;Włosy;Szampony;0;29,95;16,47;400ml;0,23;Active;0;Economy
10599;VitaCore Odporność Forte 30 kaps.;VitaCore;Suplementy i Zdrowie;Odporność;0;62,66;34,46;kaps.;0,08;Active;0;Mid-Market
10600;SilkMane Odżywki Odbudowujący 250ml;SilkMane;Włosy;Odżywki;0;42,94;23,62;250ml;0,23;Discontinued;0;Mid-Market
10601;Aura Care Maski Przeciwłupieżowy 250ml;Aura Care;Włosy;Maski;1;24,52;8,58;250ml;0,23;Active;1;Economy
10602;GlamTouch Twarz Rozświetlający 8ml;GlamTouch;Makijaż;Twarz;0;97,43;38,97;8ml;0,23;Active;0;Mid-Market
10603;BotanicaPro Odżywki Nawilżająca 400ml;BotanicaPro;Włosy;Odżywki;0;66,38;36,51;400ml;0,23;Active;0;Premium
10604;SoftTouch Podpaski Super 40 szt.;SoftTouch;Higiena intymna;Podpaski;0;28,0;18,2;szt.;0,23;Active;0;Premium
10605;BotanicaPro Odżywki Nawilżająca 250ml;BotanicaPro;Włosy;Odżywki;0;52,99;29,14;250ml;0,23;Phase-Out;0;Mid-Market
10606;GlamTouch Usta Long-lasting 8ml;GlamTouch;Makijaż;Usta;0;68,74;27,5;8ml;0,23;Active;1;Economy
10607;SoftTouch Płyny i żele Super 40 szt.;SoftTouch;Higiena intymna;Płyny i żele;0;17,0;11,05;szt.;0,23;Active;1;Mid-Market
10608;BabySoft Kosmetyki Rozmiar 3 40 szt.;BabySoft;Dziecko;Kosmetyki;0;46,68;35,01;szt.;0,23;Active;0;Mid-Market
10609;BotanicaPro Odżywki Nawilżająca 500ml;BotanicaPro;Włosy;Odżywki;0;28,17;15,49;500ml;0,23;Phase-Out;0;Economy
10610;DermaGlow Sera Matujący 150ml;DermaGlow;Pielęgnacja twarzy;Sera;0;87,44;39,35;150ml;0,23;Active;0;Mid-Market
10611;NoirElegance Mgiełki Fresh 50ml;NoirElegance;Perfumy;Mgiełki;0;122,34;42,82;50ml;0,23;Active;0;Economy
10612;Aura Care Stylizacja Przeciwłupieżowy 500ml;Aura Care;Włosy;Stylizacja;1;64,91;22,72;500ml;0,23;Active;1;Premium
10613;TinyJoy Pieluchy Rozmiar 4 40 szt.;TinyJoy;Dziecko;Pieluchy;0;23,94;17,96;szt.;0,23;Phase-Out;1;Economy
10614;BabySoft Kosmetyki Rozmiar 4 500ml;BabySoft;Dziecko;Kosmetyki;0;64,64;48,48;500ml;0,23;Active;0;Premium
10615;Aura Care Stylizacja Przeciwłupieżowy 400ml;Aura Care;Włosy;Stylizacja;1;21,41;7,49;400ml;0,23;Active;1;Economy
10616;SilkMane Stylizacja Nawilżająca 400ml;SilkMane;Włosy;Stylizacja;0;37,27;20,5;400ml;0,23;Active;0;Mid-Market
10617;Herbix Stylizacja Do farbowanych 400ml;Herbix;Włosy;Stylizacja;0;79,19;43,55;400ml;0,23;Active;1;Premium
10618;Herbix Szampon Odbudowujący 500ml;Herbix;Włosy;Szampony;0;65,57;36,06;500ml;0,23;Discontinued;1;Premium
10619;Aura Beauty Twarz Matujący 30ml;Aura Beauty;Makijaż;Twarz;1;78,28;15,66;30ml;0,23;Active;0;Mid-Market
10620;Aura Care Maski Przeciwłupieżowy 250ml;Aura Care;Włosy;Maski;1;47,45;16,61;250ml;0,23;Active;1;Mid-Market
10621;ScentMaison Mgiełki Pour Femme 100ml;ScentMaison;Perfumy;Mgiełki;0;232,98;81,54;100ml;0,23;Active;0;Mid-Market
10622;DermaGlow Krem na noc Przeciwzmarszczkowy 50ml;DermaGlow;Pielęgnacja twarzy;Kremy na noc;0;100,15;45,07;50ml;0,23;Active;0;Premium
10623;PureBotanica Żele do mycia Nawilżający 150ml;PureBotanica;Pielęgnacja twarzy;Żele do mycia;0;48,21;21,69;150ml;0,23;Active;1;Economy
10624;GlamTouch Usta Wodoodporny 15g;GlamTouch;Makijaż;Usta;0;91,54;36,62;15g;0,23;Active;1;Mid-Market
10625;NutriMax Witaminy Magnez + B6 90 kaps.;NutriMax;Suplementy i Zdrowie;Witaminy;0;74,26;40,84;kaps.;0,08;Active;0;Premium
10626;ScentMaison EDP Pour Femme 50ml;ScentMaison;Perfumy;EDP;0;268,73;94,06;50ml;0,23;Active;1;Mid-Market
10627;BotanicaPro Maski Przeciwłupieżowy 500ml;BotanicaPro;Włosy;Maski;0;18,58;10,22;500ml;0,23;Active;1;Economy
10628;BabySoft Chusteczki Sensitive 500ml;BabySoft;Dziecko;Chusteczki;0;72,07;54,05;500ml;0,23;Active;0;Premium
10629;PureCare Podpaski Ochronny 40 szt.;PureCare;Higiena intymna;Podpaski;0;24,95;16,22;szt.;0,23;Active;1;Premium
10630;DermaGlow Krem na noc Matujący 150ml;DermaGlow;Pielęgnacja twarzy;Kremy na noc;0;112,02;50,41;150ml;0,23;Active;0;Premium
10631;TinyJoy Chusteczki Sensitive 500ml;TinyJoy;Dziecko;Chusteczki;0;44,22;33,16;500ml;0,23;Active;0;Mid-Market
10632;PureBotanica Krem na noc Z witaminą C 30ml;PureBotanica;Pielęgnacja twarzy;Kremy na noc;0;44,09;19,84;30ml;0,23;Active;1;Economy
10633;Herbix Stylizacja Nawilżająca 400ml;Herbix;Włosy;Stylizacja;0;22,49;12,37;400ml;0,23;Active;1;Economy
10634;FreshGlow Płyny i żele Normal 40 szt.;FreshGlow;Higiena intymna;Płyny i żele;0;7,97;5,18;szt.;0,23;Active;0;Economy
10635;Aura Basic Wkładki Ochronny 20 szt.;Aura Basic;Higiena intymna;Wkładki;1;6,16;2,77;szt.;0,23;Active;0;Economy
10636;HealthSpark Minerały C 1000mg 90 kaps.;HealthSpark;Suplementy i Zdrowie;Minerały;0;58,54;32,2;kaps.;0,08;Active;0;Mid-Market
10637;LumiSkin Sera Przeciwzmarszczkowy 150ml;LumiSkin;Pielęgnacja twarzy;Sera;0;82,79;37,26;150ml;0,23;Active;0;Mid-Market
10638;VelvetLine Twarz Matujący 15g;VelvetLine;Makijaż;Twarz;0;155,43;62,17;15g;0,23;Active;1;Premium
10639;BotanicaPro Stylizacja Nawilżająca 500ml;BotanicaPro;Włosy;Stylizacja;0;54,51;29,98;500ml;0,23;Active;0;Mid-Market
10640;Herbix Stylizacja Nawilżająca 250ml;Herbix;Włosy;Stylizacja;0;49,99;27,49;250ml;0,23;Active;1;Mid-Market
10641;Herbix Stylizacja Do farbowanych 400ml;Herbix;Włosy;Stylizacja;0;30,02;16,51;400ml;0,23;Active;1;Economy
10642;PureTots Pieluchy Rozmiar 3 500ml;PureTots;Dziecko;Pieluchy;0;68,81;51,61;500ml;0,23;Phase-Out;0;Premium
10643;VitaCore Odporność Forte 90 kaps.;VitaCore;Suplementy i Zdrowie;Odporność;0;44,42;24,43;kaps.;0,08;Active;0;Mid-Market
10644;BotanicaPro Maski Do farbowanych 400ml;BotanicaPro;Włosy;Maski;0;61,9;34,05;400ml;0,23;Phase-Out;0;Premium
10645;Herbix Szampon Nawilżająca 250ml;Herbix;Włosy;Szampony;0;21,61;11,89;250ml;0,23;Active;1;Economy
10646;ColorAura Usta Matujący 8ml;ColorAura;Makijaż;Usta;0;59,38;23,75;8ml;0,23;Active;0;Economy
10647;BotanicaPro Stylizacja Przeciwłupieżowy 500ml;BotanicaPro;Włosy;Stylizacja;0;54,98;30,24;500ml;0,23;Phase-Out;0;Mid-Market
10648;Herbix Odżywki Nawilżająca 250ml;Herbix;Włosy;Odżywki;0;69,02;37,96;250ml;0,23;Active;1;Premium
10649;NutriMax Minerały D3 2000 j.m. 90 kaps.;NutriMax;Suplementy i Zdrowie;Minerały;0;53,33;29,33;kaps.;0,08;Phase-Out;0;Mid-Market
10650;PureCare Podpaski Normal 200ml;PureCare;Higiena intymna;Podpaski;0;13,96;9,07;200ml;0,23;Active;1;Mid-Market
10651;Aura Care Szampon Przeciwłupieżowy 400ml;Aura Care;Włosy;Szampony;1;39,78;13,92;400ml;0,23;Active;1;Mid-Market
10652;Herbix Maski Przeciwłupieżowy 250ml;Herbix;Włosy;Maski;0;49,47;27,21;250ml;0,23;Phase-Out;1;Mid-Market
10653;VigorHair Szampon Do farbowanych 500ml;VigorHair;Włosy;Szampony;0;23,01;12,66;500ml;0,23;Active;1;Economy
10654;FreshGlow Płyny i żele Kojący 200ml;FreshGlow;Higiena intymna;Płyny i żele;0;26,01;16,91;200ml;0,23;Active;0;Premium
10655;GlamTouch Usta Long-lasting 30ml;GlamTouch;Makijaż;Usta;0;132,53;53,01;30ml;0,23;Active;0;Premium
10656;NoirElegance EDT Fresh 30ml;NoirElegance;Perfumy;EDT;0;400,56;140,2;30ml;0,23;Active;0;Premium
10657;NutriMax Minerały C 1000mg 90 kaps.;NutriMax;Suplementy i Zdrowie;Minerały;0;64,3;35,37;kaps.;0,08;Phase-Out;0;Mid-Market
10658;VigorHair Stylizacja Przeciwłupieżowy 500ml;VigorHair;Włosy;Stylizacja;0;17,98;9,89;500ml;0,23;Active;1;Economy
10659;VigorHair Odżywki Nawilżająca 500ml;VigorHair;Włosy;Odżywki;0;77,95;42,87;500ml;0,23;Active;0;Premium
10660;Aura Beauty Oczy Matujący 8ml;Aura Beauty;Makijaż;Oczy;1;78,84;15,77;8ml;0,23;Active;0;Mid-Market
10661;Herbix Szampon Do farbowanych 250ml;Herbix;Włosy;Szampony;0;72,57;39,91;250ml;0,23;Active;1;Premium
10662;SilkMane Szampon Odbudowujący 500ml;SilkMane;Włosy;Szampony;0;17,57;9,66;500ml;0,23;Active;0;Economy
10663;SoftTouch Podpaski Normal 200ml;SoftTouch;Higiena intymna;Podpaski;0;18,51;12,03;200ml;0,23;Active;0;Mid-Market
10664;HealthSpark Witaminy Magnez + B6 30 kaps.;HealthSpark;Suplementy i Zdrowie;Witaminy;0;29,26;16,09;kaps.;0,08;Active;1;Economy
10665;Aura Care Minerały Magnez + B6 60 kaps.;Aura Care;Suplementy i Zdrowie;Minerały;1;25,74;7,72;kaps.;0,08;Active;1;Economy
10666;GlamTouch Oczy Rozświetlający 15g;GlamTouch;Makijaż;Oczy;0;39,82;15,93;15g;0,23;Active;0;Economy
10667;BotanicaPro Maski Odbudowujący 250ml;BotanicaPro;Włosy;Maski;0;41,32;22,73;250ml;0,23;Active;0;Mid-Market
10668;NutriMax Odporność Magnez + B6 60 kaps.;NutriMax;Suplementy i Zdrowie;Odporność;0;88,16;48,49;kaps.;0,08;Active;0;Premium
10669;Aura Care Odżywki Przeciwłupieżowy 250ml;Aura Care;Włosy;Odżywki;1;58,7;20,54;250ml;0,23;Active;1;Premium
10670;Aura Care Odżywki Do farbowanych 400ml;Aura Care;Włosy;Odżywki;1;54,8;19,18;400ml;0,23;Active;1;Mid-Market
10671;Herbix Maski Do farbowanych 250ml;Herbix;Włosy;Maski;0;69,39;38,16;250ml;0,23;Active;1;Premium
10672;FreshGlow Podpaski Ochronny 40 szt.;FreshGlow;Higiena intymna;Podpaski;0;9,84;6,4;szt.;0,23;Active;0;Economy
10673;Aura Kids Pieluchy Nawilżane 40 szt.;Aura Kids;Dziecko;Pieluchy;1;45,7;27,42;szt.;0,23;Active;0;Mid-Market
10674;LumiSkin Krem na noc Matujący 150ml;LumiSkin;Pielęgnacja twarzy;Kremy na noc;0;66,71;30,02;150ml;0,23;Active;0;Mid-Market
10675;Aura Basic Płyny i żele Normal 40 szt.;Aura Basic;Higiena intymna;Płyny i żele;1;17,37;7,82;szt.;0,23;Active;0;Mid-Market
10676;Aura Basic Wkładki Ochronny 200ml;Aura Basic;Higiena intymna;Wkładki;1;22,27;10,02;200ml;0,23;Active;0;Premium
10677;SilkMane Maski Do farbowanych 500ml;SilkMane;Włosy;Maski;0;37,61;20,69;500ml;0,23;Phase-Out;0;Mid-Market
10678;SoftTouch Podpaski Kojący 200ml;SoftTouch;Higiena intymna;Podpaski;0;9,51;6,18;200ml;0,23;Active;0;Economy
10679;VelvetLine Oczy Rozświetlający 8ml;VelvetLine;Makijaż;Oczy;0;56,51;22,6;8ml;0,23;Phase-Out;0;Economy
10680;BotanicaPro Szampon Odbudowujący 400ml;BotanicaPro;Włosy;Szampony;0;76,93;42,31;400ml;0,23;Phase-Out;0;Premium
10681;PureBotanica Żele do mycia Matujący 30ml;PureBotanica;Pielęgnacja twarzy;Żele do mycia;0;80,29;36,13;30ml;0,23;Active;1;Mid-Market
10682;ColorAura Twarz Long-lasting 30ml;ColorAura;Makijaż;Twarz;0;84,03;33,61;30ml;0,23;Active;0;Mid-Market
10683;Aura Care Odżywki Do farbowanych 400ml;Aura Care;Włosy;Odżywki;1;15,01;5,25;400ml;0,23;Discontinued;1;Economy
10684;Aura Basic Płyny i żele Normal 200ml;Aura Basic;Higiena intymna;Płyny i żele;1;21,38;9,62;200ml;0,23;Active;0;Premium
10685;VigorHair Maski Przeciwłupieżowy 400ml;VigorHair;Włosy;Maski;0;71,04;39,07;400ml;0,23;Active;0;Premium
10686;Aura Care Sera Nawilżający 150ml;Aura Care;Pielęgnacja twarzy;Sera;1;67,76;16,94;150ml;0,23;Active;1;Mid-Market
10687;VigorHair Szampon Nawilżająca 400ml;VigorHair;Włosy;Szampony;0;82,4;45,32;400ml;0,23;Active;0;Premium
10688;NutriMax Minerały Forte 30 kaps.;NutriMax;Suplementy i Zdrowie;Minerały;0;23,7;13,04;kaps.;0,08;Active;1;Economy
10689;SilkMane Maski Nawilżająca 250ml;SilkMane;Włosy;Maski;0;40,81;22,45;250ml;0,23;Active;0;Mid-Market
10690;PureCare Płyny i żele Super 200ml;PureCare;Higiena intymna;Płyny i żele;0;14,23;9,25;200ml;0,23;Discontinued;1;Mid-Market
10691;SilkMane Odżywki Nawilżająca 250ml;SilkMane;Włosy;Odżywki;0;48,34;26,59;250ml;0,23;Active;0;Mid-Market
10692;Herbix Szampon Nawilżająca 250ml;Herbix;Włosy;Szampony;0;26,25;14,44;250ml;0,23;Active;1;Economy
10693;VisagePro Usta Long-lasting 8ml;VisagePro;Makijaż;Usta;0;47,05;18,82;8ml;0,23;Active;0;Economy
10694;GlamTouch Oczy Wodoodporny 15g;GlamTouch;Makijaż;Oczy;0;166,75;66,7;15g;0,23;Active;0;Premium
10695;PureBotanica Żele do mycia Matujący 50ml;PureBotanica;Pielęgnacja twarzy;Żele do mycia;0;87,06;39,18;50ml;0,23;Active;1;Mid-Market
10696;Veluria Krem na noc Nawilżający 50ml;Veluria;Pielęgnacja twarzy;Kremy na noc;0;83,4;37,53;50ml;0,23;Active;0;Mid-Market
10697;PureBotanica Żele do mycia Z witaminą C 30ml;PureBotanica;Pielęgnacja twarzy;Żele do mycia;0;118,08;53,14;30ml;0,23;Active;1;Premium
10698;Herbix Maski Odbudowujący 400ml;Herbix;Włosy;Maski;0;27,07;14,89;400ml;0,23;Active;1;Economy
10699;Aura Beauty Usta Long-lasting 15g;Aura Beauty;Makijaż;Usta;1;79,87;15,97;15g;0,23;Discontinued;0;Mid-Market
10700;VigorHair Maski Nawilżająca 500ml;VigorHair;Włosy;Maski;0;72,1;39,66;500ml;0,23;Active;0;Premium
10701;SoftTouch Podpaski Ochronny 200ml;SoftTouch;Higiena intymna;Podpaski;0;10,31;6,7;200ml;0,23;Active;1;Economy
10702;PureCare Wkładki Kojący 200ml;PureCare;Higiena intymna;Wkładki;0;26,71;17,36;200ml;0,23;Active;1;Premium
10703;Aura Care Minerały Magnez + B6 30 kaps.;Aura Care;Suplementy i Zdrowie;Minerały;1;78,29;23,49;kaps.;0,08;Active;1;Premium
10704;VigorHair Maski Do farbowanych 500ml;VigorHair;Włosy;Maski;0;41,84;23,01;500ml;0,23;Phase-Out;0;Mid-Market
10705;LumiSkin Sera Matujący 50ml;LumiSkin;Pielęgnacja twarzy;Sera;0;89,63;40,33;50ml;0,23;Active;0;Mid-Market
10706;GlamTouch Usta Long-lasting 30ml;GlamTouch;Makijaż;Usta;0;48,61;19,44;30ml;0,23;Active;0;Economy
10707;GlamTouch Oczy Matujący 8ml;GlamTouch;Makijaż;Oczy;0;32,16;12,86;8ml;0,23;Active;0;Economy
10708;PureBotanica Żele do mycia Nawilżający 150ml;PureBotanica;Pielęgnacja twarzy;Żele do mycia;0;109,63;49,33;150ml;0,23;Active;1;Premium
10709;VelvetLine Oczy Long-lasting 30ml;VelvetLine;Makijaż;Oczy;0;79,93;31,97;30ml;0,23;Active;1;Mid-Market
10710;Aura Care Krem na dzień Z witaminą C 30ml;Aura Care;Pielęgnacja twarzy;Kremy na dzień;1;73,43;18,36;30ml;0,23;Active;1;Mid-Market
10711;SilkMane Stylizacja Przeciwłupieżowy 250ml;SilkMane;Włosy;Stylizacja;0;25,62;14,09;250ml;0,23;Active;0;Economy
10712;DermaGlow Żele do mycia Z witaminą C 50ml;DermaGlow;Pielęgnacja twarzy;Żele do mycia;0;21,73;9,78;50ml;0,23;Active;0;Economy
10713;Herbix Stylizacja Przeciwłupieżowy 500ml;Herbix;Włosy;Stylizacja;0;69,29;38,11;500ml;0,23;Active;1;Premium
10714;DermaGlow Sera Z witaminą C 50ml;DermaGlow;Pielęgnacja twarzy;Sera;0;93,25;41,96;50ml;0,23;Discontinued;0;Premium
10715;Aura Care Sera Przeciwzmarszczkowy 50ml;Aura Care;Pielęgnacja twarzy;Sera;1;20,76;5,19;50ml;0,23;Active;1;Economy
10716;GlamTouch Usta Long-lasting 15g;GlamTouch;Makijaż;Usta;0;50,2;20,08;15g;0,23;Active;1;Economy
10717;BotanicaPro Stylizacja Przeciwłupieżowy 400ml;BotanicaPro;Włosy;Stylizacja;0;74,64;41,05;400ml;0,23;Active;0;Premium
10718;Herbix Odżywki Odbudowujący 250ml;Herbix;Włosy;Odżywki;0;28,41;15,63;250ml;0,23;Active;1;Economy
10719;Veluria Krem na dzień Z witaminą C 50ml;Veluria;Pielęgnacja twarzy;Kremy na dzień;0;50,44;22,7;50ml;0,23;Active;1;Economy
10720;Aura Care Stylizacja Nawilżająca 400ml;Aura Care;Włosy;Stylizacja;1;23,62;8,27;400ml;0,23;Active;1;Economy
10721;BabySoft Kosmetyki Rozmiar 4 60 szt.;BabySoft;Dziecko;Kosmetyki;0;38,12;28,59;szt.;0,23;Phase-Out;0;Mid-Market
10722;VisagePro Twarz Matujący 15g;VisagePro;Makijaż;Twarz;0;159,54;63,82;15g;0,23;Active;0;Premium
10723;SilkMane Maski Przeciwłupieżowy 400ml;SilkMane;Włosy;Maski;0;62,44;34,34;400ml;0,23;Active;0;Premium
10724;Aura Basic Wkładki Normal 200ml;Aura Basic;Higiena intymna;Wkładki;1;20,17;9,08;200ml;0,23;Active;0;Mid-Market
10725;Aura Care Stylizacja Do farbowanych 500ml;Aura Care;Włosy;Stylizacja;1;33,13;11,6;500ml;0,23;Active;1;Mid-Market
10726;Aura Basic Podpaski Kojący 40 szt.;Aura Basic;Higiena intymna;Podpaski;1;7,7;3,46;szt.;0,23;Active;0;Economy
10727;PureCare Płyny i żele Kojący 200ml;PureCare;Higiena intymna;Płyny i żele;0;8,61;5,6;200ml;0,23;Active;1;Economy
10728;PureBotanica Żele do mycia Przeciwzmarszczkowy 50ml;PureBotanica;Pielęgnacja twarzy;Żele do mycia;0;40,88;18,4;50ml;0,23;Active;1;Economy
10729;FreshGlow Płyny i żele Normal 40 szt.;FreshGlow;Higiena intymna;Płyny i żele;0;7,72;5,02;szt.;0,23;Active;0;Economy
10730;Aura Basic Wkładki Normal 40 szt.;Aura Basic;Higiena intymna;Wkładki;1;8,96;4,03;szt.;0,23;Active;1;Economy
10731;VelvetLine Oczy Rozświetlający 30ml;VelvetLine;Makijaż;Oczy;0;107,25;42,9;30ml;0,23;Active;0;Mid-Market
10732;TinyJoy Kosmetyki Nawilżane 40 szt.;TinyJoy;Dziecko;Kosmetyki;0;29,25;21,94;szt.;0,23;Active;0;Economy
10733;BotanicaPro Odżywki Odbudowujący 250ml;BotanicaPro;Włosy;Odżywki;0;57,83;31,81;250ml;0,23;Active;0;Premium
10734;PureCare Wkładki Kojący 40 szt.;PureCare;Higiena intymna;Wkładki;0;17,98;11,69;szt.;0,23;Phase-Out;1;Mid-Market
10735;VigorHair Maski Nawilżająca 500ml;VigorHair;Włosy;Maski;0;30,11;16,56;500ml;0,23;Active;0;Economy
10736;Veluria Żele do mycia Nawilżający 150ml;Veluria;Pielęgnacja twarzy;Żele do mycia;0;128,06;57,63;150ml;0,23;Active;1;Premium
10737;BotanicaPro Stylizacja Nawilżająca 400ml;BotanicaPro;Włosy;Stylizacja;0;67,69;37,23;400ml;0,23;Active;0;Premium
10738;PureBotanica Krem na noc Matujący 30ml;PureBotanica;Pielęgnacja twarzy;Kremy na noc;0;41,84;18,83;30ml;0,23;Active;1;Economy
10739;BotanicaPro Szampon Przeciwłupieżowy 400ml;BotanicaPro;Włosy;Szampony;0;39,79;21,88;400ml;0,23;Discontinued;0;Mid-Market
10740;VelvetLine Usta Wodoodporny 15g;VelvetLine;Makijaż;Usta;0;29,01;11,6;15g;0,23;Phase-Out;0;Economy
10741;SilkMane Szampon Do farbowanych 400ml;SilkMane;Włosy;Szampony;0;16,31;8,97;400ml;0,23;Active;0;Economy
10742;ColorAura Usta Matujący 30ml;ColorAura;Makijaż;Usta;0;169,73;67,89;30ml;0,23;Active;0;Premium
10743;SilkMane Stylizacja Odbudowujący 250ml;SilkMane;Włosy;Stylizacja;0;66,81;36,75;250ml;0,23;Phase-Out;0;Premium
10744;VisagePro Usta Matujący 30ml;VisagePro;Makijaż;Usta;0;34,02;13,61;30ml;0,23;Active;0;Economy
10745;VigorHair Maski Odbudowujący 400ml;VigorHair;Włosy;Maski;0;75,09;41,3;400ml;0,23;Discontinued;0;Premium
10746;FreshGlow Płyny i żele Normal 200ml;FreshGlow;Higiena intymna;Płyny i żele;0;20,96;13,62;200ml;0,23;Active;0;Premium
10747;VigorHair Maski Przeciwłupieżowy 400ml;VigorHair;Włosy;Maski;0;40,13;22,07;400ml;0,23;Active;1;Mid-Market
10748;Aura Kids Chusteczki Rozmiar 3 40 szt.;Aura Kids;Dziecko;Chusteczki;1;43,04;25,82;szt.;0,23;Phase-Out;0;Mid-Market
10749;FreshGlow Podpaski Normal 200ml;FreshGlow;Higiena intymna;Podpaski;0;27,01;17,56;200ml;0,23;Active;0;Premium
10750;Aura Care Maski Przeciwłupieżowy 400ml;Aura Care;Włosy;Maski;1;12,57;4,4;400ml;0,23;Phase-Out;1;Economy
10751;Aura Care Stylizacja Odbudowujący 500ml;Aura Care;Włosy;Stylizacja;1;46,04;16,11;500ml;0,23;Active;1;Mid-Market
10752;NutriMax Minerały C 1000mg 90 kaps.;NutriMax;Suplementy i Zdrowie;Minerały;0;95,3;52,41;kaps.;0,08;Active;0;Premium
10753;VitaCore Odporność Forte 60 kaps.;VitaCore;Suplementy i Zdrowie;Odporność;0;77,06;42,38;kaps.;0,08;Active;0;Premium
10754;Aura Basic Płyny i żele Ochronny 200ml;Aura Basic;Higiena intymna;Płyny i żele;1;16,69;7,51;200ml;0,23;Active;0;Mid-Market
10755;LumiSkin Krem na noc Matujący 150ml;LumiSkin;Pielęgnacja twarzy;Kremy na noc;0;107,43;48,34;150ml;0,23;Active;1;Premium
10756;NoirElegance EDP Intense 100ml;NoirElegance;Perfumy;EDP;0;185,95;65,08;100ml;0,23;Active;0;Mid-Market
10757;VitaCore Odporność C 1000mg 30 kaps.;VitaCore;Suplementy i Zdrowie;Odporność;0;69,27;38,1;kaps.;0,08;Active;0;Premium
10758;Aura Care Stylizacja Przeciwłupieżowy 250ml;Aura Care;Włosy;Stylizacja;1;61,85;21,65;250ml;0,23;Active;1;Premium
10759;Herbix Maski Przeciwłupieżowy 250ml;Herbix;Włosy;Maski;0;69,0;37,95;250ml;0,23;Active;1;Premium
10760;PureCare Podpaski Normal 40 szt.;PureCare;Higiena intymna;Podpaski;0;16,25;10,56;szt.;0,23;Active;1;Mid-Market
10761;Aura Care Żele do mycia Nawilżający 50ml;Aura Care;Pielęgnacja twarzy;Żele do mycia;1;44,9;11,22;50ml;0,23;Active;1;Economy
10762;BabySoft Kosmetyki Nawilżane 500ml;BabySoft;Dziecko;Kosmetyki;0;35,61;26,71;500ml;0,23;Active;0;Economy
10763;Aura Basic Podpaski Kojący 20 szt.;Aura Basic;Higiena intymna;Podpaski;1;18,49;8,32;szt.;0,23;Active;0;Mid-Market
10764;Aura Care Żele do mycia Z witaminą C 50ml;Aura Care;Pielęgnacja twarzy;Żele do mycia;1;72,35;18,09;50ml;0,23;Active;1;Mid-Market
10765;VisagePro Oczy Rozświetlający 8ml;VisagePro;Makijaż;Oczy;0;115,48;46,19;8ml;0,23;Active;1;Premium
10766;Aura Care Krem na noc Z witaminą C 150ml;Aura Care;Pielęgnacja twarzy;Kremy na noc;1;45,28;11,32;150ml;0,23;Active;1;Economy
10767;Aura Kids Pieluchy Sensitive 60 szt.;Aura Kids;Dziecko;Pieluchy;1;62,7;37,62;szt.;0,23;Active;0;Premium
10768;NutriMax Minerały Magnez + B6 30 kaps.;NutriMax;Suplementy i Zdrowie;Minerały;0;60,09;33,05;kaps.;0,08;Phase-Out;0;Mid-Market
10769;SoftTouch Wkładki Ochronny 200ml;SoftTouch;Higiena intymna;Wkładki;0;24,17;15,71;200ml;0,23;Phase-Out;0;Premium
10770;DermaGlow Sera Nawilżający 30ml;DermaGlow;Pielęgnacja twarzy;Sera;0;129,81;58,41;30ml;0,23;Active;0;Premium
10771;DermaGlow Sera Przeciwzmarszczkowy 150ml;DermaGlow;Pielęgnacja twarzy;Sera;0;114,95;51,73;150ml;0,23;Phase-Out;0;Premium
10772;LumiSkin Krem na dzień Nawilżający 150ml;LumiSkin;Pielęgnacja twarzy;Kremy na dzień;0;135,81;61,11;150ml;0,23;Active;0;Premium
10773;Aura Care Minerały Forte 30 kaps.;Aura Care;Suplementy i Zdrowie;Minerały;1;55,68;16,7;kaps.;0,08;Active;1;Mid-Market
10774;Aura Care Odżywki Odbudowujący 250ml;Aura Care;Włosy;Odżywki;1;13,0;4,55;250ml;0,23;Active;1;Economy
10775;VelvetLine Twarz Rozświetlający 30ml;VelvetLine;Makijaż;Twarz;0;28,0;11,2;30ml;0,23;Active;0;Economy
10776;VisagePro Usta Matujący 8ml;VisagePro;Makijaż;Usta;0;68,58;27,43;8ml;0,23;Active;1;Economy
10777;Veluria Sera Matujący 150ml;Veluria;Pielęgnacja twarzy;Sera;0;74,65;33,59;150ml;0,23;Active;1;Mid-Market
10778;DermaGlow Sera Matujący 150ml;DermaGlow;Pielęgnacja twarzy;Sera;0;113,37;51,02;150ml;0,23;Active;0;Premium
10779;VelvetLine Usta Long-lasting 30ml;VelvetLine;Makijaż;Usta;0;94,25;37,7;30ml;0,23;Active;1;Mid-Market
10780;PureCare Podpaski Kojący 200ml;PureCare;Higiena intymna;Podpaski;0;11,19;7,27;200ml;0,23;Active;1;Economy
10781;Aura Care Sera Przeciwzmarszczkowy 150ml;Aura Care;Pielęgnacja twarzy;Sera;1;101,12;25,28;150ml;0,23;Active;1;Premium
10782;BotanicaPro Maski Odbudowujący 400ml;BotanicaPro;Włosy;Maski;0;30,31;16,67;400ml;0,23;Active;0;Economy
10783;PureCare Płyny i żele Kojący 200ml;PureCare;Higiena intymna;Płyny i żele;0;11,37;7,39;200ml;0,23;Active;1;Economy
10784;VisagePro Twarz Wodoodporny 30ml;VisagePro;Makijaż;Twarz;0;143,92;57,57;30ml;0,23;Active;0;Premium
10785;VigorHair Maski Do farbowanych 250ml;VigorHair;Włosy;Maski;0;74,13;40,77;250ml;0,23;Active;0;Premium
10786;TinyJoy Kosmetyki Nawilżane 60 szt.;TinyJoy;Dziecko;Kosmetyki;0;70,55;52,91;szt.;0,23;Active;0;Premium
10787;SoftTouch Płyny i żele Ochronny 20 szt.;SoftTouch;Higiena intymna;Płyny i żele;0;11,4;7,41;szt.;0,23;Active;0;Economy
10788;Aura Care Szampon Przeciwłupieżowy 500ml;Aura Care;Włosy;Szampony;1;62,8;21,98;500ml;0,23;Active;1;Premium
10789;Aura Care Szampon Do farbowanych 250ml;Aura Care;Włosy;Szampony;1;21,19;7,42;250ml;0,23;Active;1;Economy
10790;GlamTouch Oczy Wodoodporny 15g;GlamTouch;Makijaż;Oczy;0;90,2;36,08;15g;0,23;Active;0;Mid-Market
10791;Aura Care Stylizacja Przeciwłupieżowy 250ml;Aura Care;Włosy;Stylizacja;1;27,98;9,79;250ml;0,23;Active;1;Economy
10792;ColorAura Usta Matujący 30ml;ColorAura;Makijaż;Usta;0;54,77;21,91;30ml;0,23;Active;0;Economy
10793;Aura Care Krem na noc Z witaminą C 150ml;Aura Care;Pielęgnacja twarzy;Kremy na noc;1;34,38;8,6;150ml;0,23;Phase-Out;1;Economy
10794;Veluria Krem na noc Nawilżający 30ml;Veluria;Pielęgnacja twarzy;Kremy na noc;0;127,12;57,2;30ml;0,23;Active;0;Premium
10795;Aura Care Minerały C 1000mg 90 kaps.;Aura Care;Suplementy i Zdrowie;Minerały;1;69,62;20,89;kaps.;0,08;Active;1;Premium
10796;BabySoft Chusteczki Sensitive 40 szt.;BabySoft;Dziecko;Chusteczki;0;64,89;48,67;szt.;0,23;Active;0;Premium
10797;VigorHair Stylizacja Do farbowanych 250ml;VigorHair;Włosy;Stylizacja;0;73,54;40,45;250ml;0,23;Active;0;Premium
10798;LumiSkin Krem na dzień Nawilżający 50ml;LumiSkin;Pielęgnacja twarzy;Kremy na dzień;0;135,35;60,91;50ml;0,23;Phase-Out;0;Premium
10799;Aura Care Żele do mycia Z witaminą C 150ml;Aura Care;Pielęgnacja twarzy;Żele do mycia;1;46,16;11,54;150ml;0,23;Active;1;Economy
10800;Aura Care Odporność D3 2000 j.m. 60 kaps.;Aura Care;Suplementy i Zdrowie;Odporność;1;54,12;16,24;kaps.;0,08;Active;1;Mid-Market
10801;Aura Basic Wkładki Kojący 200ml;Aura Basic;Higiena intymna;Wkładki;1;11,31;5,09;200ml;0,23;Active;0;Economy
10802;Aura Care Krem na noc Przeciwzmarszczkowy 50ml;Aura Care;Pielęgnacja twarzy;Kremy na noc;1;102,43;25,61;50ml;0,23;Active;1;Premium
10803;BotanicaPro Stylizacja Odbudowujący 400ml;BotanicaPro;Włosy;Stylizacja;0;38,84;21,36;400ml;0,23;Active;0;Mid-Market
10804;Aura Care Krem na noc Przeciwzmarszczkowy 50ml;Aura Care;Pielęgnacja twarzy;Kremy na noc;1;89,62;22,41;50ml;0,23;Discontinued;1;Mid-Market
10805;Aura Care Krem na noc Nawilżający 50ml;Aura Care;Pielęgnacja twarzy;Kremy na noc;1;90,49;22,62;50ml;0,23;Active;1;Mid-Market
10806;NutriMax Odporność C 1000mg 30 kaps.;NutriMax;Suplementy i Zdrowie;Odporność;0;61,45;33,8;kaps.;0,08;Active;0;Mid-Market
10807;DermaGlow Krem na dzień Nawilżający 150ml;DermaGlow;Pielęgnacja twarzy;Kremy na dzień;0;28,96;13,03;150ml;0,23;Phase-Out;1;Economy
10808;Aura Care Krem na noc Nawilżający 30ml;Aura Care;Pielęgnacja twarzy;Kremy na noc;1;63,98;15,99;30ml;0,23;Active;1;Mid-Market
10809;Aura Care Maski Odbudowujący 400ml;Aura Care;Włosy;Maski;1;42,86;15,0;400ml;0,23;Active;1;Mid-Market
10810;Aura Care Minerały Forte 30 kaps.;Aura Care;Suplementy i Zdrowie;Minerały;1;81,45;24,44;kaps.;0,08;Active;1;Premium
10811;VitaCore Minerały Forte 30 kaps.;VitaCore;Suplementy i Zdrowie;Minerały;0;85,03;46,77;kaps.;0,08;Active;0;Premium
10812;DermaGlow Krem na dzień Matujący 30ml;DermaGlow;Pielęgnacja twarzy;Kremy na dzień;0;101,31;45,59;30ml;0,23;Active;0;Premium
10813;Aura Beauty Twarz Rozświetlający 15g;Aura Beauty;Makijaż;Twarz;1;83,14;16,63;15g;0,23;Active;0;Mid-Market
10814;SoftTouch Wkładki Normal 40 szt.;SoftTouch;Higiena intymna;Wkładki;0;20,57;13,37;szt.;0,23;Active;0;Premium
10815;Aura Care Żele do mycia Matujący 150ml;Aura Care;Pielęgnacja twarzy;Żele do mycia;1;63,86;15,96;150ml;0,23;Active;1;Mid-Market
10816;DermaGlow Żele do mycia Z witaminą C 30ml;DermaGlow;Pielęgnacja twarzy;Żele do mycia;0;77,94;35,07;30ml;0,23;Phase-Out;0;Mid-Market
10817;Aura Basic Podpaski Ochronny 200ml;Aura Basic;Higiena intymna;Podpaski;1;20,23;9,1;200ml;0,23;Active;1;Premium
10818;Aura Care Sera Z witaminą C 150ml;Aura Care;Pielęgnacja twarzy;Sera;1;51,82;12,96;150ml;0,23;Active;1;Economy
10819;Aura Care Stylizacja Nawilżająca 400ml;Aura Care;Włosy;Stylizacja;1;56,51;19,78;400ml;0,23;Active;1;Premium
10820;LumiSkin Żele do mycia Nawilżający 30ml;LumiSkin;Pielęgnacja twarzy;Żele do mycia;0;92,18;41,48;30ml;0,23;Active;0;Premium
10821;SoftTouch Podpaski Normal 40 szt.;SoftTouch;Higiena intymna;Podpaski;0;10,52;6,84;szt.;0,23;Active;1;Economy
10822;Aura Care Maski Nawilżająca 250ml;Aura Care;Włosy;Maski;1;58,31;20,41;250ml;0,23;Active;1;Premium
10823;VigorHair Odżywki Odbudowujący 400ml;VigorHair;Włosy;Odżywki;0;19,39;10,66;400ml;0,23;Active;0;Economy
10824;Herbix Maski Odbudowujący 250ml;Herbix;Włosy;Maski;0;70,16;38,59;250ml;0,23;Active;1;Premium
10825;VitaCore Minerały Forte 60 kaps.;VitaCore;Suplementy i Zdrowie;Minerały;0;32,49;17,87;kaps.;0,08;Active;0;Economy
10826;Aura Care Sera Nawilżający 50ml;Aura Care;Pielęgnacja twarzy;Sera;1;42,99;10,75;50ml;0,23;Active;1;Economy
10827;SoftTouch Podpaski Super 20 szt.;SoftTouch;Higiena intymna;Podpaski;0;15,37;9,99;szt.;0,23;Active;0;Mid-Market
10828;NutriMax Odporność D3 2000 j.m. 30 kaps.;NutriMax;Suplementy i Zdrowie;Odporność;0;50,34;27,69;kaps.;0,08;Active;0;Mid-Market
10829;Aura Kids Chusteczki Nawilżane 60 szt.;Aura Kids;Dziecko;Chusteczki;1;60,49;36,29;szt.;0,23;Active;0;Premium
10830;ColorAura Usta Rozświetlający 15g;ColorAura;Makijaż;Usta;0;56,5;22,6;15g;0,23;Active;0;Economy
10831;DermaGlow Krem na dzień Przeciwzmarszczkowy 150ml;DermaGlow;Pielęgnacja twarzy;Kremy na dzień;0;133,39;60,03;150ml;0,23;Active;0;Premium
10832;VitaCore Odporność Forte 90 kaps.;VitaCore;Suplementy i Zdrowie;Odporność;0;19,27;10,6;kaps.;0,08;Active;0;Economy
10833;Aura Beauty Oczy Long-lasting 15g;Aura Beauty;Makijaż;Oczy;1;98,54;19,71;15g;0,23;Active;0;Mid-Market
10834;LumiSkin Sera Matujący 150ml;LumiSkin;Pielęgnacja twarzy;Sera;0;38,93;17,52;150ml;0,23;Active;0;Economy
10835;BotanicaPro Szampon Nawilżająca 500ml;BotanicaPro;Włosy;Szampony;0;36,15;19,88;500ml;0,23;Active;0;Mid-Market
10836;VigorHair Odżywki Nawilżająca 400ml;VigorHair;Włosy;Odżywki;0;36,39;20,01;400ml;0,23;Active;0;Mid-Market
10837;Aura Care Odżywki Nawilżająca 400ml;Aura Care;Włosy;Odżywki;1;20,48;7,17;400ml;0,23;Active;1;Economy
10838;VitaCore Witaminy D3 2000 j.m. 90 kaps.;VitaCore;Suplementy i Zdrowie;Witaminy;0;68,94;37,92;kaps.;0,08;Active;1;Premium
10839;Aura Care Odżywki Odbudowujący 400ml;Aura Care;Włosy;Odżywki;1;47,94;16,78;400ml;0,23;Active;1;Mid-Market
10840;LumiSkin Sera Matujący 50ml;LumiSkin;Pielęgnacja twarzy;Sera;0;55,73;25,08;50ml;0,23;Phase-Out;0;Mid-Market
10841;PureTots Kosmetyki Rozmiar 3 40 szt.;PureTots;Dziecko;Kosmetyki;0;71,45;53,59;szt.;0,23;Active;1;Premium
10842;Aura Care Krem na noc Z witaminą C 50ml;Aura Care;Pielęgnacja twarzy;Kremy na noc;1;53,56;13,39;50ml;0,23;Active;1;Mid-Market
10843;Veluria Żele do mycia Nawilżający 30ml;Veluria;Pielęgnacja twarzy;Żele do mycia;0;135,64;61,04;30ml;0,23;Phase-Out;0;Premium
10844;BotanicaPro Maski Nawilżająca 500ml;BotanicaPro;Włosy;Maski;0;53,11;29,21;500ml;0,23;Active;0;Mid-Market
10845;ColorAura Twarz Rozświetlający 15g;ColorAura;Makijaż;Twarz;0;114,55;45,82;15g;0,23;Active;0;Premium
10846;Essentia EDT Fresh 30ml;Essentia;Perfumy;EDT;0;172,49;60,37;30ml;0,23;Active;0;Economy
10847;HealthSpark Witaminy C 1000mg 90 kaps.;HealthSpark;Suplementy i Zdrowie;Witaminy;0;54,01;29,71;kaps.;0,08;Active;0;Mid-Market
10848;LumiSkin Krem na noc Nawilżający 30ml;LumiSkin;Pielęgnacja twarzy;Kremy na noc;0;98,55;44,35;30ml;0,23;Active;1;Premium
10849;BabySoft Pieluchy Rozmiar 3 40 szt.;BabySoft;Dziecko;Pieluchy;0;46,85;35,14;szt.;0,23;Active;0;Mid-Market
10850;Herbix Szampon Odbudowujący 500ml;Herbix;Włosy;Szampony;0;50,97;28,03;500ml;0,23;Active;1;Mid-Market
10851;ColorAura Twarz Matujący 15g;ColorAura;Makijaż;Twarz;0;73,92;29,57;15g;0,23;Active;0;Mid-Market
10852;VisagePro Twarz Matujący 30ml;VisagePro;Makijaż;Twarz;0;168,17;67,27;30ml;0,23;Active;0;Premium
10853;ColorAura Twarz Rozświetlający 15g;ColorAura;Makijaż;Twarz;0;106,82;42,73;15g;0,23;Active;0;Mid-Market
10854;Aura Kids Pieluchy Rozmiar 3 60 szt.;Aura Kids;Dziecko;Pieluchy;1;25,56;15,34;szt.;0,23;Active;0;Economy
10855;NutriMax Witaminy Magnez + B6 30 kaps.;NutriMax;Suplementy i Zdrowie;Witaminy;0;67,33;37,03;kaps.;0,08;Active;0;Mid-Market
10856;Aura Basic Wkładki Kojący 40 szt.;Aura Basic;Higiena intymna;Wkładki;1;14,92;6,71;szt.;0,23;Phase-Out;0;Mid-Market
10857;VitaCore Witaminy C 1000mg 30 kaps.;VitaCore;Suplementy i Zdrowie;Witaminy;0;48,41;26,63;kaps.;0,08;Active;0;Mid-Market
10858;GlamTouch Twarz Matujący 15g;GlamTouch;Makijaż;Twarz;0;77,52;31,01;15g;0,23;Active;1;Mid-Market
10859;Aura Care Szampon Nawilżająca 400ml;Aura Care;Włosy;Szampony;1;27,72;9,7;400ml;0,23;Active;1;Economy
10860;Veluria Żele do mycia Przeciwzmarszczkowy 50ml;Veluria;Pielęgnacja twarzy;Żele do mycia;0;36,59;16,47;50ml;0,23;Active;0;Economy
10861;Aura Care Szampon Przeciwłupieżowy 500ml;Aura Care;Włosy;Szampony;1;16,23;5,68;500ml;0,23;Active;1;Economy
10862;Aura Care Odporność D3 2000 j.m. 90 kaps.;Aura Care;Suplementy i Zdrowie;Odporność;1;76,86;23,06;kaps.;0,08;Active;1;Premium
10863;Veluria Żele do mycia Matujący 150ml;Veluria;Pielęgnacja twarzy;Żele do mycia;0;118,03;53,11;150ml;0,23;Active;0;Premium
10864;DermaGlow Żele do mycia Z witaminą C 50ml;DermaGlow;Pielęgnacja twarzy;Żele do mycia;0;44,34;19,95;50ml;0,23;Active;0;Economy
10865;Aura Care Minerały D3 2000 j.m. 30 kaps.;Aura Care;Suplementy i Zdrowie;Minerały;1;19,19;5,76;kaps.;0,08;Phase-Out;1;Economy
10866;PureBotanica Żele do mycia Z witaminą C 50ml;PureBotanica;Pielęgnacja twarzy;Żele do mycia;0;22,97;10,34;50ml;0,23;Active;1;Economy
10867;DermaGlow Sera Z witaminą C 150ml;DermaGlow;Pielęgnacja twarzy;Sera;0;49,71;22,37;150ml;0,23;Active;0;Economy
10868;Aura Care Maski Do farbowanych 500ml;Aura Care;Włosy;Maski;1;49,49;17,32;500ml;0,23;Active;1;Mid-Market
10869;Herbix Szampon Do farbowanych 400ml;Herbix;Włosy;Szampony;0;54,76;30,12;400ml;0,23;Active;1;Mid-Market
10870;Aura Basic Podpaski Normal 20 szt.;Aura Basic;Higiena intymna;Podpaski;1;5,81;2,61;szt.;0,23;Active;0;Economy
10871;BotanicaPro Szampon Nawilżająca 500ml;BotanicaPro;Włosy;Szampony;0;51,35;28,24;500ml;0,23;Active;0;Mid-Market
10872;TinyJoy Chusteczki Rozmiar 3 500ml;TinyJoy;Dziecko;Chusteczki;0;31,35;23,51;500ml;0,23;Active;0;Economy
10873;PureBotanica Sera Nawilżający 150ml;PureBotanica;Pielęgnacja twarzy;Sera;0;134,08;60,34;150ml;0,23;Active;1;Premium
10874;Aura Care Krem na noc Z witaminą C 150ml;Aura Care;Pielęgnacja twarzy;Kremy na noc;1;29,81;7,45;150ml;0,23;Active;1;Economy
10875;ColorAura Oczy Rozświetlający 8ml;ColorAura;Makijaż;Oczy;0;116,36;46,54;8ml;0,23;Active;0;Premium
10876;Aura Basic Podpaski Kojący 20 szt.;Aura Basic;Higiena intymna;Podpaski;1;6,62;2,98;szt.;0,23;Active;1;Economy
10877;Veluria Sera Przeciwzmarszczkowy 50ml;Veluria;Pielęgnacja twarzy;Sera;0;113,12;50,9;50ml;0,23;Active;1;Premium
10878;ColorAura Oczy Long-lasting 8ml;ColorAura;Makijaż;Oczy;0;33,89;13,56;8ml;0,23;Active;0;Economy
10879;VisagePro Usta Rozświetlający 15g;VisagePro;Makijaż;Usta;0;123,88;49,55;15g;0,23;Active;0;Premium
10880;HealthSpark Minerały C 1000mg 60 kaps.;HealthSpark;Suplementy i Zdrowie;Minerały;0;87,7;48,24;kaps.;0,08;Active;0;Premium
10881;FreshGlow Podpaski Ochronny 200ml;FreshGlow;Higiena intymna;Podpaski;0;13,96;9,07;200ml;0,23;Phase-Out;0;Mid-Market
10882;TinyJoy Chusteczki Nawilżane 40 szt.;TinyJoy;Dziecko;Chusteczki;0;31,38;23,54;szt.;0,23;Active;0;Economy
10883;DermaGlow Sera Przeciwzmarszczkowy 150ml;DermaGlow;Pielęgnacja twarzy;Sera;0;17,7;7,96;150ml;0,23;Active;0;Economy
10884;Veluria Krem na noc Matujący 30ml;Veluria;Pielęgnacja twarzy;Kremy na noc;0;55,71;25,07;30ml;0,23;Active;0;Mid-Market
10885;Aura Care Odżywki Przeciwłupieżowy 500ml;Aura Care;Włosy;Odżywki;1;15,1;5,28;500ml;0,23;Discontinued;1;Economy
10886;Aura Beauty Usta Long-lasting 15g;Aura Beauty;Makijaż;Usta;1;52,16;10,43;15g;0,23;Active;0;Economy
10887;LumiSkin Krem na dzień Nawilżający 30ml;LumiSkin;Pielęgnacja twarzy;Kremy na dzień;0;86,12;38,75;30ml;0,23;Active;1;Mid-Market
10888;Aura Care Maski Do farbowanych 250ml;Aura Care;Włosy;Maski;1;46,75;16,36;250ml;0,23;Active;1;Mid-Market
10889;NutriMax Witaminy C 1000mg 90 kaps.;NutriMax;Suplementy i Zdrowie;Witaminy;0;46,65;25,66;kaps.;0,08;Active;0;Mid-Market
10890;LumiSkin Krem na dzień Przeciwzmarszczkowy 30ml;LumiSkin;Pielęgnacja twarzy;Kremy na dzień;0;79,86;35,94;30ml;0,23;Active;0;Mid-Market
10891;VisagePro Twarz Long-lasting 15g;VisagePro;Makijaż;Twarz;0;171,56;68,62;15g;0,23;Active;0;Premium
10892;Aura Care Sera Z witaminą C 30ml;Aura Care;Pielęgnacja twarzy;Sera;1;91,21;22,8;30ml;0,23;Active;1;Mid-Market
10893;Veluria Sera Z witaminą C 30ml;Veluria;Pielęgnacja twarzy;Sera;0;94,15;42,37;30ml;0,23;Active;1;Premium
10894;PureBotanica Sera Z witaminą C 150ml;PureBotanica;Pielęgnacja twarzy;Sera;0;45,9;20,65;150ml;0,23;Active;1;Economy
10895;BabySoft Pieluchy Rozmiar 4 40 szt.;BabySoft;Dziecko;Pieluchy;0;22,51;16,88;szt.;0,23;Active;0;Economy
10896;PureBotanica Krem na dzień Matujący 50ml;PureBotanica;Pielęgnacja twarzy;Kremy na dzień;0;75,93;34,17;50ml;0,23;Active;1;Mid-Market
10897;Aura Beauty Oczy Rozświetlający 30ml;Aura Beauty;Makijaż;Oczy;1;102,21;20,44;30ml;0,23;Active;0;Mid-Market
10898;Aura Care Odżywki Przeciwłupieżowy 500ml;Aura Care;Włosy;Odżywki;1;23,38;8,18;500ml;0,23;Active;1;Economy
10899;DermaGlow Żele do mycia Matujący 150ml;DermaGlow;Pielęgnacja twarzy;Żele do mycia;0;126,44;56,9;150ml;0,23;Active;0;Premium
10900;Aura Beauty Oczy Wodoodporny 8ml;Aura Beauty;Makijaż;Oczy;1;88,56;17,71;8ml;0,23;Active;0;Mid-Market
10901;Veluria Sera Nawilżający 30ml;Veluria;Pielęgnacja twarzy;Sera;0;24,21;10,89;30ml;0,23;Active;0;Economy
10902;LumiSkin Krem na dzień Z witaminą C 30ml;LumiSkin;Pielęgnacja twarzy;Kremy na dzień;0;106,75;48,04;30ml;0,23;Active;1;Premium
10903;SilkMane Szampon Nawilżająca 250ml;SilkMane;Włosy;Szampony;0;65,14;35,83;250ml;0,23;Active;0;Premium
10904;Herbix Stylizacja Odbudowujący 400ml;Herbix;Włosy;Stylizacja;0;36,02;19,81;400ml;0,23;Active;1;Mid-Market
10905;Aura Care Odżywki Nawilżająca 400ml;Aura Care;Włosy;Odżywki;1;43,7;15,29;400ml;0,23;Active;1;Mid-Market
10906;PureBotanica Sera Z witaminą C 30ml;PureBotanica;Pielęgnacja twarzy;Sera;0;34,12;15,35;30ml;0,23;Active;1;Economy
10907;PureCare Podpaski Kojący 200ml;PureCare;Higiena intymna;Podpaski;0;17,82;11,58;200ml;0,23;Active;1;Mid-Market
10908;PureTots Chusteczki Nawilżane 40 szt.;PureTots;Dziecko;Chusteczki;0;56,98;42,73;szt.;0,23;Active;0;Premium
10909;NutriMax Odporność Forte 60 kaps.;NutriMax;Suplementy i Zdrowie;Odporność;0;71,15;39,13;kaps.;0,08;Active;0;Premium
10910;SilkMane Stylizacja Przeciwłupieżowy 400ml;SilkMane;Włosy;Stylizacja;0;55,86;30,72;400ml;0,23;Phase-Out;0;Premium
10911;Aura Basic Wkładki Super 200ml;Aura Basic;Higiena intymna;Wkładki;1;7,51;3,38;200ml;0,23;Phase-Out;0;Economy
10912;DermaGlow Krem na noc Nawilżający 50ml;DermaGlow;Pielęgnacja twarzy;Kremy na noc;0;82,72;37,22;50ml;0,23;Active;0;Mid-Market
10913;BabySoft Pieluchy Nawilżane 40 szt.;BabySoft;Dziecko;Pieluchy;0;65,58;49,19;szt.;0,23;Active;0;Premium
10914;VigorHair Szampon Nawilżająca 250ml;VigorHair;Włosy;Szampony;0;64,81;35,65;250ml;0,23;Active;0;Premium
10915;GlamTouch Oczy Wodoodporny 30ml;GlamTouch;Makijaż;Oczy;0;133,52;53,41;30ml;0,23;Active;1;Premium
10916;PureTots Chusteczki Rozmiar 3 40 szt.;PureTots;Dziecko;Chusteczki;0;14,01;10,51;szt.;0,23;Active;0;Economy
10917;FreshGlow Wkładki Kojący 40 szt.;FreshGlow;Higiena intymna;Wkładki;0;26,92;17,5;szt.;0,23;Active;0;Premium
10918;BotanicaPro Odżywki Do farbowanych 400ml;BotanicaPro;Włosy;Odżywki;0;14,61;8,04;400ml;0,23;Active;0;Economy
10919;Aura Care Żele do mycia Matujący 150ml;Aura Care;Pielęgnacja twarzy;Żele do mycia;1;28,99;7,25;150ml;0,23;Active;1;Economy
10920;VelvetLine Oczy Long-lasting 15g;VelvetLine;Makijaż;Oczy;0;42,73;17,09;15g;0,23;Active;0;Economy
10921;PureBotanica Żele do mycia Nawilżający 150ml;PureBotanica;Pielęgnacja twarzy;Żele do mycia;0;74,16;33,37;150ml;0,23;Active;1;Mid-Market
10922;VitaCore Minerały C 1000mg 30 kaps.;VitaCore;Suplementy i Zdrowie;Minerały;0;48,48;26,66;kaps.;0,08;Active;0;Mid-Market
10923;PureCare Wkładki Kojący 200ml;PureCare;Higiena intymna;Wkładki;0;22,91;14,89;200ml;0,23;Active;1;Premium
10924;Aura Care Sera Przeciwzmarszczkowy 30ml;Aura Care;Pielęgnacja twarzy;Sera;1;81,7;20,43;30ml;0,23;Discontinued;1;Mid-Market
10925;BotanicaPro Stylizacja Do farbowanych 400ml;BotanicaPro;Włosy;Stylizacja;0;27,6;15,18;400ml;0,23;Phase-Out;1;Economy
10926;SilkMane Odżywki Odbudowujący 250ml;SilkMane;Włosy;Odżywki;0;44,2;24,31;250ml;0,23;Phase-Out;0;Mid-Market
10927;TinyJoy Chusteczki Rozmiar 4 500ml;TinyJoy;Dziecko;Chusteczki;0;12,52;9,39;500ml;0,23;Active;1;Economy
10928;Aura Care Żele do mycia Przeciwzmarszczkowy 150ml;Aura Care;Pielęgnacja twarzy;Żele do mycia;1;102,36;25,59;150ml;0,23;Phase-Out;1;Premium
10929;Herbix Stylizacja Odbudowujący 250ml;Herbix;Włosy;Stylizacja;0;72,47;39,86;250ml;0,23;Discontinued;1;Premium
10930;Herbix Maski Do farbowanych 500ml;Herbix;Włosy;Maski;0;62,61;34,44;500ml;0,23;Discontinued;1;Premium
10931;Aura Care Odporność D3 2000 j.m. 60 kaps.;Aura Care;Suplementy i Zdrowie;Odporność;1;80,67;24,2;kaps.;0,08;Active;1;Premium
10932;NoirElegance Mgiełki Intense 30ml;NoirElegance;Perfumy;Mgiełki;0;225,54;78,94;30ml;0,23;Active;0;Mid-Market
10933;ColorAura Oczy Rozświetlający 15g;ColorAura;Makijaż;Oczy;0;36,89;14,76;15g;0,23;Active;0;Economy
10934;Aura Beauty Usta Matujący 30ml;Aura Beauty;Makijaż;Usta;1;113,34;22,67;30ml;0,23;Active;0;Mid-Market
10935;DermaGlow Krem na dzień Nawilżający 50ml;DermaGlow;Pielęgnacja twarzy;Kremy na dzień;0;92,04;41,42;50ml;0,23;Active;0;Premium
10936;VelvetLine Twarz Matujący 30ml;VelvetLine;Makijaż;Twarz;0;123,9;49,56;30ml;0,23;Active;1;Premium
10937;BotanicaPro Maski Odbudowujący 500ml;BotanicaPro;Włosy;Maski;0;66,23;36,43;500ml;0,23;Phase-Out;0;Premium
10938;Aura Care Stylizacja Przeciwłupieżowy 500ml;Aura Care;Włosy;Stylizacja;1;12,59;4,41;500ml;0,23;Active;1;Economy
10939;SilkMane Maski Przeciwłupieżowy 400ml;SilkMane;Włosy;Maski;0;50,32;27,68;400ml;0,23;Active;0;Mid-Market
10940;LumiSkin Krem na noc Matujący 30ml;LumiSkin;Pielęgnacja twarzy;Kremy na noc;0;79,18;35,63;30ml;0,23;Phase-Out;0;Mid-Market
10941;Herbix Maski Nawilżająca 400ml;Herbix;Włosy;Maski;0;23,41;12,88;400ml;0,23;Discontinued;1;Economy
10942;NutriMax Odporność D3 2000 j.m. 90 kaps.;NutriMax;Suplementy i Zdrowie;Odporność;0;33,53;18,44;kaps.;0,08;Active;0;Economy
10943;PureBotanica Krem na noc Z witaminą C 30ml;PureBotanica;Pielęgnacja twarzy;Kremy na noc;0;66,25;29,81;30ml;0,23;Active;1;Mid-Market
10944;BabySoft Kosmetyki Sensitive 60 szt.;BabySoft;Dziecko;Kosmetyki;0;21,87;16,4;szt.;0,23;Discontinued;0;Economy
10945;PureBotanica Żele do mycia Matujący 50ml;PureBotanica;Pielęgnacja twarzy;Żele do mycia;0;37,22;16,75;50ml;0,23;Active;1;Economy
10946;Aura Kids Kosmetyki Rozmiar 3 40 szt.;Aura Kids;Dziecko;Kosmetyki;1;41,03;24,62;szt.;0,23;Active;0;Mid-Market
10947;VisagePro Oczy Rozświetlający 8ml;VisagePro;Makijaż;Oczy;0;46,11;18,44;8ml;0,23;Active;0;Economy
10948;VigorHair Stylizacja Odbudowujący 250ml;VigorHair;Włosy;Stylizacja;0;50,97;28,03;250ml;0,23;Active;0;Mid-Market
10949;Veluria Krem na noc Z witaminą C 150ml;Veluria;Pielęgnacja twarzy;Kremy na noc;0;50,66;22,8;150ml;0,23;Active;0;Economy
10950;Herbix Szampon Odbudowujący 500ml;Herbix;Włosy;Szampony;0;66,25;36,44;500ml;0,23;Active;1;Premium
10951;Aura Beauty Oczy Long-lasting 30ml;Aura Beauty;Makijaż;Oczy;1;87,47;17,49;30ml;0,23;Active;0;Mid-Market
10952;BotanicaPro Stylizacja Do farbowanych 500ml;BotanicaPro;Włosy;Stylizacja;0;57,12;31,42;500ml;0,23;Phase-Out;0;Premium
10953;VisagePro Twarz Wodoodporny 8ml;VisagePro;Makijaż;Twarz;0;103,75;41,5;8ml;0,23;Active;0;Mid-Market
10954;VelvetLine Usta Long-lasting 30ml;VelvetLine;Makijaż;Usta;0;57,29;22,92;30ml;0,23;Active;0;Economy
10955;VigorHair Szampon Nawilżająca 400ml;VigorHair;Włosy;Szampony;0;67,18;36,95;400ml;0,23;Active;1;Premium
10956;VisagePro Oczy Rozświetlający 8ml;VisagePro;Makijaż;Oczy;0;72,76;29,1;8ml;0,23;Active;0;Mid-Market
10957;BotanicaPro Szampon Nawilżająca 500ml;BotanicaPro;Włosy;Szampony;0;46,33;25,48;500ml;0,23;Active;0;Mid-Market
10958;Aura Basic Podpaski Kojący 40 szt.;Aura Basic;Higiena intymna;Podpaski;1;14,58;6,56;szt.;0,23;Discontinued;0;Mid-Market
10959;Aura Care Sera Przeciwzmarszczkowy 30ml;Aura Care;Pielęgnacja twarzy;Sera;1;93,36;23,34;30ml;0,23;Active;1;Premium
10960;VigorHair Szampon Przeciwłupieżowy 250ml;VigorHair;Włosy;Szampony;0;26,84;14,76;250ml;0,23;Discontinued;0;Economy
10961;Aura Care Maski Nawilżająca 500ml;Aura Care;Włosy;Maski;1;33,1;11,58;500ml;0,23;Active;1;Economy
10962;Herbix Maski Nawilżająca 400ml;Herbix;Włosy;Maski;0;16,46;9,05;400ml;0,23;Active;1;Economy
10963;Herbix Stylizacja Do farbowanych 250ml;Herbix;Włosy;Stylizacja;0;63,58;34,97;250ml;0,23;Active;1;Premium
10964;GlamTouch Twarz Wodoodporny 15g;GlamTouch;Makijaż;Twarz;0;109,85;43,94;15g;0,23;Active;0;Mid-Market
10965;SilkMane Odżywki Odbudowujący 400ml;SilkMane;Włosy;Odżywki;0;17,37;9,55;400ml;0,23;Active;1;Economy
10966;VigorHair Odżywki Nawilżająca 250ml;VigorHair;Włosy;Odżywki;0;76,69;42,18;250ml;0,23;Active;0;Premium
10967;VisagePro Twarz Wodoodporny 8ml;VisagePro;Makijaż;Twarz;0;26,09;10,44;8ml;0,23;Active;1;Economy
10968;SoftTouch Podpaski Normal 200ml;SoftTouch;Higiena intymna;Podpaski;0;23,14;15,04;200ml;0,23;Active;1;Premium
10969;BotanicaPro Stylizacja Nawilżająca 400ml;BotanicaPro;Włosy;Stylizacja;0;52,04;28,62;400ml;0,23;Phase-Out;0;Mid-Market
10970;BotanicaPro Maski Nawilżająca 250ml;BotanicaPro;Włosy;Maski;0;54,16;29,79;250ml;0,23;Phase-Out;1;Mid-Market
10971;BotanicaPro Stylizacja Odbudowujący 250ml;BotanicaPro;Włosy;Stylizacja;0;36,52;20,09;250ml;0,23;Active;0;Mid-Market
10972;Aura Care Krem na dzień Przeciwzmarszczkowy 150ml;Aura Care;Pielęgnacja twarzy;Kremy na dzień;1;23,36;5,84;150ml;0,23;Active;1;Economy
10973;SoftTouch Wkładki Kojący 40 szt.;SoftTouch;Higiena intymna;Wkładki;0;22,57;14,67;szt.;0,23;Active;0;Premium
10974;PureTots Chusteczki Nawilżane 500ml;PureTots;Dziecko;Chusteczki;0;14,65;10,99;500ml;0,23;Active;0;Economy
10975;SilkMane Stylizacja Nawilżająca 400ml;SilkMane;Włosy;Stylizacja;0;50,91;28,0;400ml;0,23;Active;0;Mid-Market
10976;Aura Beauty Usta Matujący 15g;Aura Beauty;Makijaż;Usta;1;104,95;20,99;15g;0,23;Discontinued;1;Mid-Market
10977;Aura Care Maski Nawilżająca 250ml;Aura Care;Włosy;Maski;1;32,39;11,34;250ml;0,23;Active;1;Economy
10978;Aura Beauty Twarz Matujący 30ml;Aura Beauty;Makijaż;Twarz;1;52,77;10,55;30ml;0,23;Active;0;Economy
10979;DermaGlow Sera Przeciwzmarszczkowy 150ml;DermaGlow;Pielęgnacja twarzy;Sera;0;120,37;54,17;150ml;0,23;Active;1;Premium
10980;Aura Beauty Twarz Rozświetlający 30ml;Aura Beauty;Makijaż;Twarz;1;141,6;28,32;30ml;0,23;Active;1;Premium
10981;BabySoft Chusteczki Sensitive 40 szt.;BabySoft;Dziecko;Chusteczki;0;73,1;54,82;szt.;0,23;Phase-Out;1;Premium
10982;PureBotanica Sera Matujący 30ml;PureBotanica;Pielęgnacja twarzy;Sera;0;50,69;22,81;30ml;0,23;Phase-Out;1;Economy
10983;HealthSpark Witaminy Forte 60 kaps.;HealthSpark;Suplementy i Zdrowie;Witaminy;0;98,89;54,39;kaps.;0,08;Active;0;Premium
10984;BotanicaPro Odżywki Do farbowanych 500ml;BotanicaPro;Włosy;Odżywki;0;44,95;24,72;500ml;0,23;Active;0;Mid-Market
10985;Herbix Odżywki Przeciwłupieżowy 250ml;Herbix;Włosy;Odżywki;0;13,56;7,46;250ml;0,23;Active;1;Economy
10986;Herbix Maski Odbudowujący 400ml;Herbix;Włosy;Maski;0;23,01;12,66;400ml;0,23;Active;1;Economy
10987;LumiSkin Krem na dzień Przeciwzmarszczkowy 30ml;LumiSkin;Pielęgnacja twarzy;Kremy na dzień;0;108,06;48,63;30ml;0,23;Active;0;Premium
10988;Aura Care Żele do mycia Z witaminą C 50ml;Aura Care;Pielęgnacja twarzy;Żele do mycia;1;106,09;26,52;50ml;0,23;Active;1;Premium
10989;PureCare Płyny i żele Super 40 szt.;PureCare;Higiena intymna;Płyny i żele;0;22,78;14,81;szt.;0,23;Discontinued;1;Premium
10990;HealthSpark Witaminy C 1000mg 30 kaps.;HealthSpark;Suplementy i Zdrowie;Witaminy;0;47,35;26,04;kaps.;0,08;Phase-Out;0;Mid-Market
10991;HealthSpark Witaminy Magnez + B6 30 kaps.;HealthSpark;Suplementy i Zdrowie;Witaminy;0;25,07;13,79;kaps.;0,08;Active;0;Economy
10992;Aura Beauty Twarz Long-lasting 15g;Aura Beauty;Makijaż;Twarz;1;60,32;12,06;15g;0,23;Active;0;Economy
10993;Aura Basic Płyny i żele Super 40 szt.;Aura Basic;Higiena intymna;Płyny i żele;1;12,0;5,4;szt.;0,23;Discontinued;0;Economy
10994;PureBotanica Krem na dzień Z witaminą C 30ml;PureBotanica;Pielęgnacja twarzy;Kremy na dzień;0;97,83;44,02;30ml;0,23;Active;1;Premium
10995;Herbix Stylizacja Odbudowujący 500ml;Herbix;Włosy;Stylizacja;0;76,84;42,26;500ml;0,23;Active;1;Premium
10996;Veluria Żele do mycia Matujący 30ml;Veluria;Pielęgnacja twarzy;Żele do mycia;0;92,35;41,56;30ml;0,23;Active;0;Premium
10997;Herbix Odżywki Do farbowanych 500ml;Herbix;Włosy;Odżywki;0;64,81;35,65;500ml;0,23;Active;1;Premium
10998;GlamTouch Oczy Matujący 15g;GlamTouch;Makijaż;Oczy;0;62,44;24,98;15g;0,23;Active;0;Economy
10999;NutriMax Odporność C 1000mg 90 kaps.;NutriMax;Suplementy i Zdrowie;Odporność;0;77,06;42,38;kaps.;0,08;Active;1;Premium
11000;PureBotanica Sera Przeciwzmarszczkowy 150ml;PureBotanica;Pielęgnacja twarzy;Sera;0;109,72;49,37;150ml;0,23;Active;1;Premium
11001;Aura Basic Wkładki Ochronny 200ml;Aura Basic;Higiena intymna;Wkładki;1;23,34;10,5;200ml;0,23;Active;0;Premium
11002;Aura Kids Chusteczki Rozmiar 4 40 szt.;Aura Kids;Dziecko;Chusteczki;1;63,67;38,2;szt.;0,23;Active;0;Premium
11003;VigorHair Szampon Przeciwłupieżowy 500ml;VigorHair;Włosy;Szampony;0;25,11;13,81;500ml;0,23;Active;0;Economy
11004;Aura Care Stylizacja Do farbowanych 500ml;Aura Care;Włosy;Stylizacja;1;23,61;8,26;500ml;0,23;Active;1;Economy
11005;VelvetAroma EDT Fresh 30ml;VelvetAroma;Perfumy;EDT;0;421,11;147,39;30ml;0,23;Active;0;Premium
11006;Aura Care Żele do mycia Przeciwzmarszczkowy 150ml;Aura Care;Pielęgnacja twarzy;Żele do mycia;1;50,89;12,72;150ml;0,23;Active;1;Economy
11007;Aura Beauty Oczy Long-lasting 30ml;Aura Beauty;Makijaż;Oczy;1;21,38;4,28;30ml;0,23;Active;0;Economy
11008;ColorAura Oczy Matujący 8ml;ColorAura;Makijaż;Oczy;0;65,5;26,2;8ml;0,23;Active;0;Economy
11009;Aura Care Maski Nawilżająca 250ml;Aura Care;Włosy;Maski;1;13,55;4,74;250ml;0,23;Active;1;Economy
11010;VitaCore Minerały Forte 90 kaps.;VitaCore;Suplementy i Zdrowie;Minerały;0;59,17;32,54;kaps.;0,08;Active;1;Mid-Market
11011;BotanicaPro Szampon Nawilżająca 250ml;BotanicaPro;Włosy;Szampony;0;29,22;16,07;250ml;0,23;Phase-Out;0;Economy
11012;Veluria Krem na noc Przeciwzmarszczkowy 30ml;Veluria;Pielęgnacja twarzy;Kremy na noc;0;47,67;21,45;30ml;0,23;Active;0;Economy
11013;Aura Care Minerały Magnez + B6 90 kaps.;Aura Care;Suplementy i Zdrowie;Minerały;1;52,74;15,82;kaps.;0,08;Active;1;Mid-Market
11014;ColorAura Twarz Matujący 15g;ColorAura;Makijaż;Twarz;0;100,39;40,16;15g;0,23;Active;0;Mid-Market
11015;Aura Care Witaminy C 1000mg 90 kaps.;Aura Care;Suplementy i Zdrowie;Witaminy;1;48,27;14,48;kaps.;0,08;Active;1;Mid-Market
11016;Herbix Maski Odbudowujący 250ml;Herbix;Włosy;Maski;0;61,96;34,08;250ml;0,23;Active;1;Premium
11017;Aura Care Stylizacja Odbudowujący 250ml;Aura Care;Włosy;Stylizacja;1;15,5;5,42;250ml;0,23;Active;1;Economy
11018;NutriMax Minerały Forte 60 kaps.;NutriMax;Suplementy i Zdrowie;Minerały;0;42,89;23,59;kaps.;0,08;Active;0;Economy
11019;Aura Care Maski Przeciwłupieżowy 250ml;Aura Care;Włosy;Maski;1;62,38;21,83;250ml;0,23;Active;1;Premium
11020;Aura Care Minerały Forte 90 kaps.;Aura Care;Suplementy i Zdrowie;Minerały;1;61,23;18,37;kaps.;0,08;Active;1;Mid-Market
11021;PureBotanica Krem na dzień Nawilżający 30ml;PureBotanica;Pielęgnacja twarzy;Kremy na dzień;0;84,57;38,06;30ml;0,23;Phase-Out;1;Mid-Market
11022;VelvetLine Oczy Long-lasting 15g;VelvetLine;Makijaż;Oczy;0;164,38;65,75;15g;0,23;Active;0;Premium
11023;Aura Kids Pieluchy Rozmiar 4 500ml;Aura Kids;Dziecko;Pieluchy;1;16,45;9,87;500ml;0,23;Active;1;Economy
11024;ColorAura Twarz Matujący 30ml;ColorAura;Makijaż;Twarz;0;160,61;64,24;30ml;0,23;Active;0;Premium
11025;VigorHair Maski Nawilżająca 400ml;VigorHair;Włosy;Maski;0;40,58;22,32;400ml;0,23;Phase-Out;0;Mid-Market
11026;Aura Kids Pieluchy Rozmiar 3 40 szt.;Aura Kids;Dziecko;Pieluchy;1;59,85;35,91;szt.;0,23;Discontinued;0;Premium
11027;Aura Care Odporność C 1000mg 30 kaps.;Aura Care;Suplementy i Zdrowie;Odporność;1;59,28;17,78;kaps.;0,08;Phase-Out;1;Mid-Market
11028;LumiSkin Krem na noc Z witaminą C 50ml;LumiSkin;Pielęgnacja twarzy;Kremy na noc;0;133,41;60,03;50ml;0,23;Active;0;Premium
11029;BotanicaPro Szampon Odbudowujący 400ml;BotanicaPro;Włosy;Szampony;0;28,68;15,77;400ml;0,23;Active;0;Economy
11030;HealthSpark Minerały Magnez + B6 30 kaps.;HealthSpark;Suplementy i Zdrowie;Minerały;0;95,94;52,77;kaps.;0,08;Active;0;Premium
11031;PureBotanica Sera Matujący 150ml;PureBotanica;Pielęgnacja twarzy;Sera;0;118,08;53,14;150ml;0,23;Phase-Out;1;Premium
11032;Aura Care Stylizacja Odbudowujący 400ml;Aura Care;Włosy;Stylizacja;1;25,68;8,99;400ml;0,23;Active;1;Economy
11033;SilkMane Odżywki Odbudowujący 500ml;SilkMane;Włosy;Odżywki;0;17,9;9,85;500ml;0,23;Active;0;Economy
11034;NutriMax Minerały Magnez + B6 30 kaps.;NutriMax;Suplementy i Zdrowie;Minerały;0;66,45;36,55;kaps.;0,08;Active;1;Mid-Market
11035;Aura Care Minerały Forte 90 kaps.;Aura Care;Suplementy i Zdrowie;Minerały;1;42,61;12,78;kaps.;0,08;Active;1;Economy
11036;Aura Care Odporność Forte 60 kaps.;Aura Care;Suplementy i Zdrowie;Odporność;1;32,96;9,89;kaps.;0,08;Active;1;Economy
11037;Aura Care Maski Nawilżająca 500ml;Aura Care;Włosy;Maski;1;28,82;10,09;500ml;0,23;Active;1;Economy
11038;NoirElegance EDP Pour Femme 30ml;NoirElegance;Perfumy;EDP;0;296,84;103,89;30ml;0,23;Active;0;Premium
11039;ScentMaison Mgiełki Pour Homme 30ml;ScentMaison;Perfumy;Mgiełki;0;121,82;42,64;30ml;0,23;Active;0;Economy
11040;VigorHair Stylizacja Nawilżająca 250ml;VigorHair;Włosy;Stylizacja;0;56,73;31,2;250ml;0,23;Active;1;Premium
11041;Aura Care Stylizacja Nawilżająca 400ml;Aura Care;Włosy;Stylizacja;1;10,87;3,8;400ml;0,23;Active;1;Economy
11042;TinyJoy Kosmetyki Rozmiar 3 60 szt.;TinyJoy;Dziecko;Kosmetyki;0;43,42;32,56;szt.;0,23;Phase-Out;0;Mid-Market
11043;Aura Care Odporność Magnez + B6 30 kaps.;Aura Care;Suplementy i Zdrowie;Odporność;1;55,19;16,56;kaps.;0,08;Phase-Out;1;Mid-Market
11044;Essentia EDT Intense 30ml;Essentia;Perfumy;EDT;0;327,33;114,57;30ml;0,23;Active;0;Premium
11045;TinyJoy Pieluchy Nawilżane 500ml;TinyJoy;Dziecko;Pieluchy;0;67,12;50,34;500ml;0,23;Active;0;Premium
11046;LumiSkin Krem na noc Przeciwzmarszczkowy 30ml;LumiSkin;Pielęgnacja twarzy;Kremy na noc;0;56,82;25,57;30ml;0,23;Active;0;Mid-Market
11047;VitaCore Witaminy Forte 90 kaps.;VitaCore;Suplementy i Zdrowie;Witaminy;0;93,11;51,21;kaps.;0,08;Active;0;Premium
11048;PureBotanica Żele do mycia Nawilżający 30ml;PureBotanica;Pielęgnacja twarzy;Żele do mycia;0;129,67;58,35;30ml;0,23;Active;1;Premium
11049;Aura Beauty Twarz Matujący 8ml;Aura Beauty;Makijaż;Twarz;1;126,22;25,24;8ml;0,23;Active;0;Premium
11050;Aura Kids Pieluchy Nawilżane 40 szt.;Aura Kids;Dziecko;Pieluchy;1;49,72;29,83;szt.;0,23;Active;0;Mid-Market
11051;TinyJoy Pieluchy Rozmiar 4 60 szt.;TinyJoy;Dziecko;Pieluchy;0;29,55;22,16;szt.;0,23;Active;0;Economy
11052;NutriMax Minerały D3 2000 j.m. 90 kaps.;NutriMax;Suplementy i Zdrowie;Minerały;0;41,03;22,57;kaps.;0,08;Active;0;Economy
11053;BotanicaPro Maski Odbudowujący 250ml;BotanicaPro;Włosy;Maski;0;62,49;34,37;250ml;0,23;Active;0;Premium
11054;PureTots Pieluchy Sensitive 500ml;PureTots;Dziecko;Pieluchy;0;68,66;51,49;500ml;0,23;Active;0;Premium
11055;FreshGlow Płyny i żele Kojący 20 szt.;FreshGlow;Higiena intymna;Płyny i żele;0;7,39;4,8;szt.;0,23;Active;0;Economy
11056;FreshGlow Wkładki Kojący 200ml;FreshGlow;Higiena intymna;Wkładki;0;16,55;10,76;200ml;0,23;Active;0;Mid-Market
11057;Aura Care Stylizacja Nawilżająca 500ml;Aura Care;Włosy;Stylizacja;1;31,8;11,13;500ml;0,23;Phase-Out;1;Economy
11058;LumiSkin Krem na dzień Matujący 30ml;LumiSkin;Pielęgnacja twarzy;Kremy na dzień;0;42,96;19,33;30ml;0,23;Active;0;Economy
11059;Herbix Maski Nawilżająca 500ml;Herbix;Włosy;Maski;0;16,4;9,02;500ml;0,23;Phase-Out;1;Economy
11060;Aura Care Stylizacja Nawilżająca 250ml;Aura Care;Włosy;Stylizacja;1;14,73;5,16;250ml;0,23;Active;1;Economy
11061;HealthSpark Odporność C 1000mg 30 kaps.;HealthSpark;Suplementy i Zdrowie;Odporność;0;84,84;46,66;kaps.;0,08;Active;0;Premium
11062;Aura Care Stylizacja Odbudowujący 250ml;Aura Care;Włosy;Stylizacja;1;61,37;21,48;250ml;0,23;Active;1;Premium
11063;Herbix Szampon Nawilżająca 400ml;Herbix;Włosy;Szampony;0;74,49;40,97;400ml;0,23;Active;1;Premium
11064;PureTots Chusteczki Nawilżane 60 szt.;PureTots;Dziecko;Chusteczki;0;46,49;34,87;szt.;0,23;Active;0;Mid-Market
11065;NutriMax Odporność D3 2000 j.m. 90 kaps.;NutriMax;Suplementy i Zdrowie;Odporność;0;89,9;49,45;kaps.;0,08;Active;0;Premium
11066;Aura Basic Podpaski Normal 20 szt.;Aura Basic;Higiena intymna;Podpaski;1;18,96;8,53;szt.;0,23;Phase-Out;0;Mid-Market
11067;SoftTouch Podpaski Super 20 szt.;SoftTouch;Higiena intymna;Podpaski;0;10,95;7,12;szt.;0,23;Active;0;Economy
11068;SoftTouch Wkładki Super 20 szt.;SoftTouch;Higiena intymna;Wkładki;0;15,17;9,86;szt.;0,23;Phase-Out;0;Mid-Market
11069;Aura Beauty Usta Matujący 15g;Aura Beauty;Makijaż;Usta;1;95,53;19,11;15g;0,23;Active;0;Mid-Market
11070;ColorAura Oczy Long-lasting 30ml;ColorAura;Makijaż;Oczy;0;112,55;45,02;30ml;0,23;Active;0;Mid-Market
11071;Aura Beauty Usta Matujący 8ml;Aura Beauty;Makijaż;Usta;1;103,56;20,71;8ml;0,23;Active;0;Mid-Market
11072;SilkMane Szampon Przeciwłupieżowy 400ml;SilkMane;Włosy;Szampony;0;15,5;8,53;400ml;0,23;Active;0;Economy
11073;LumiSkin Krem na dzień Przeciwzmarszczkowy 30ml;LumiSkin;Pielęgnacja twarzy;Kremy na dzień;0;67,21;30,24;30ml;0,23;Active;1;Mid-Market
11074;Aura Kids Kosmetyki Rozmiar 4 40 szt.;Aura Kids;Dziecko;Kosmetyki;1;61,65;36,99;szt.;0,23;Active;0;Premium
11075;VigorHair Szampon Przeciwłupieżowy 250ml;VigorHair;Włosy;Szampony;0;57,08;31,39;250ml;0,23;Active;0;Premium
11076;Aura Care Minerały Forte 60 kaps.;Aura Care;Suplementy i Zdrowie;Minerały;1;29,25;8,78;kaps.;0,08;Active;1;Economy
11077;ColorAura Usta Matujący 8ml;ColorAura;Makijaż;Usta;0;24,81;9,92;8ml;0,23;Active;0;Economy
11078;LumiSkin Krem na noc Nawilżający 30ml;LumiSkin;Pielęgnacja twarzy;Kremy na noc;0;108,68;48,91;30ml;0,23;Active;0;Premium
11079;SoftTouch Płyny i żele Kojący 40 szt.;SoftTouch;Higiena intymna;Płyny i żele;0;22,45;14,59;szt.;0,23;Phase-Out;0;Premium
11080;Aura Signatures EDP Pour Femme 50ml;Aura Signatures;Perfumy;EDP;1;224,58;33,69;50ml;0,23;Active;0;Mid-Market
11081;TinyJoy Kosmetyki Rozmiar 3 40 szt.;TinyJoy;Dziecko;Kosmetyki;0;60,99;45,74;szt.;0,23;Active;1;Premium
11082;NutriMax Minerały D3 2000 j.m. 30 kaps.;NutriMax;Suplementy i Zdrowie;Minerały;0;46,12;25,37;kaps.;0,08;Active;0;Mid-Market
11083;Aura Kids Chusteczki Rozmiar 3 40 szt.;Aura Kids;Dziecko;Chusteczki;1;42,79;25,67;szt.;0,23;Active;0;Mid-Market
11084;LumiSkin Żele do mycia Z witaminą C 50ml;LumiSkin;Pielęgnacja twarzy;Żele do mycia;0;75,67;34,05;50ml;0,23;Active;0;Mid-Market
11085;Herbix Odżywki Do farbowanych 400ml;Herbix;Włosy;Odżywki;0;19,77;10,87;400ml;0,23;Active;1;Economy
11086;SilkMane Maski Nawilżająca 250ml;SilkMane;Włosy;Maski;0;61,53;33,84;250ml;0,23;Active;0;Premium
11087;VitaCore Minerały Magnez + B6 60 kaps.;VitaCore;Suplementy i Zdrowie;Minerały;0;72,95;40,12;kaps.;0,08;Active;0;Premium
11088;Herbix Maski Do farbowanych 500ml;Herbix;Włosy;Maski;0;36,19;19,9;500ml;0,23;Active;1;Mid-Market
11089;FreshGlow Wkładki Normal 200ml;FreshGlow;Higiena intymna;Wkładki;0;20,18;13,12;200ml;0,23;Active;0;Mid-Market
11090;FreshGlow Wkładki Ochronny 20 szt.;FreshGlow;Higiena intymna;Wkładki;0;12,71;8,26;szt.;0,23;Active;0;Economy
11091;Veluria Krem na noc Nawilżający 50ml;Veluria;Pielęgnacja twarzy;Kremy na noc;0;102,13;45,96;50ml;0,23;Active;0;Premium
11092;VisagePro Oczy Matujący 30ml;VisagePro;Makijaż;Oczy;0;70,27;28,11;30ml;0,23;Active;0;Mid-Market
11093;Aura Care Szampon Do farbowanych 400ml;Aura Care;Włosy;Szampony;1;37,26;13,04;400ml;0,23;Active;1;Mid-Market
11094;VitaCore Minerały D3 2000 j.m. 60 kaps.;VitaCore;Suplementy i Zdrowie;Minerały;0;37,88;20,83;kaps.;0,08;Phase-Out;1;Economy
11095;VisagePro Twarz Wodoodporny 15g;VisagePro;Makijaż;Twarz;0;133,74;53,5;15g;0,23;Discontinued;0;Premium
11096;Aura Care Krem na noc Przeciwzmarszczkowy 30ml;Aura Care;Pielęgnacja twarzy;Kremy na noc;1;28,21;7,05;30ml;0,23;Phase-Out;1;Economy
11097;VisagePro Twarz Matujący 8ml;VisagePro;Makijaż;Twarz;0;98,25;39,3;8ml;0,23;Active;1;Mid-Market
11098;SoftTouch Wkładki Ochronny 20 szt.;SoftTouch;Higiena intymna;Wkładki;0;10,77;7,0;szt.;0,23;Active;0;Economy
11099;Aura Care Krem na dzień Nawilżający 30ml;Aura Care;Pielęgnacja twarzy;Kremy na dzień;1;42,9;10,72;30ml;0,23;Active;1;Economy
11100;VisagePro Twarz Long-lasting 15g;VisagePro;Makijaż;Twarz;0;23,67;9,47;15g;0,23;Active;0;Economy
11101;Aura Beauty Oczy Matujący 8ml;Aura Beauty;Makijaż;Oczy;1;76,64;15,33;8ml;0,23;Active;0;Mid-Market
11102;VisagePro Usta Long-lasting 30ml;VisagePro;Makijaż;Usta;0;77,87;31,15;30ml;0,23;Active;0;Mid-Market
11103;VisagePro Twarz Wodoodporny 8ml;VisagePro;Makijaż;Twarz;0;95,74;38,3;8ml;0,23;Active;0;Mid-Market
11104;GlamTouch Twarz Rozświetlający 8ml;GlamTouch;Makijaż;Twarz;0;133,2;53,28;8ml;0,23;Active;1;Premium
11105;PureCare Płyny i żele Ochronny 20 szt.;PureCare;Higiena intymna;Płyny i żele;0;18,69;12,15;szt.;0,23;Active;1;Mid-Market
11106;Aura Care Stylizacja Do farbowanych 500ml;Aura Care;Włosy;Stylizacja;1;16,86;5,9;500ml;0,23;Phase-Out;1;Economy
11107;BotanicaPro Maski Nawilżająca 400ml;BotanicaPro;Włosy;Maski;0;52,11;28,66;400ml;0,23;Active;0;Mid-Market
11108;VelvetLine Usta Rozświetlający 8ml;VelvetLine;Makijaż;Usta;0;130,83;52,33;8ml;0,23;Phase-Out;0;Premium
11109;PureBotanica Krem na noc Przeciwzmarszczkowy 30ml;PureBotanica;Pielęgnacja twarzy;Kremy na noc;0;39,7;17,86;30ml;0,23;Active;1;Economy
11110;FreshGlow Wkładki Ochronny 200ml;FreshGlow;Higiena intymna;Wkładki;0;17,66;11,48;200ml;0,23;Discontinued;1;Mid-Market
11111;ColorAura Usta Rozświetlający 8ml;ColorAura;Makijaż;Usta;0;59,74;23,9;8ml;0,23;Active;0;Economy
11112;Aura Care Odżywki Przeciwłupieżowy 250ml;Aura Care;Włosy;Odżywki;1;30,64;10,72;250ml;0,23;Active;1;Economy
11113;BotanicaPro Szampon Przeciwłupieżowy 400ml;BotanicaPro;Włosy;Szampony;0;23,96;13,18;400ml;0,23;Phase-Out;0;Economy
11114;DermaGlow Żele do mycia Nawilżający 150ml;DermaGlow;Pielęgnacja twarzy;Żele do mycia;0;28,39;12,78;150ml;0,23;Active;0;Economy
11115;Aura Beauty Usta Long-lasting 30ml;Aura Beauty;Makijaż;Usta;1;26,91;5,38;30ml;0,23;Active;0;Economy
11116;Aura Kids Chusteczki Rozmiar 3 40 szt.;Aura Kids;Dziecko;Chusteczki;1;63,59;38,15;szt.;0,23;Active;0;Premium
11117;PureBotanica Krem na dzień Przeciwzmarszczkowy 150ml;PureBotanica;Pielęgnacja twarzy;Kremy na dzień;0;85,86;38,64;150ml;0,23;Active;1;Mid-Market
11118;Aura Beauty Oczy Long-lasting 30ml;Aura Beauty;Makijaż;Oczy;1;122,43;24,49;30ml;0,23;Phase-Out;0;Premium
11119;SilkMane Szampon Do farbowanych 500ml;SilkMane;Włosy;Szampony;0;16,93;9,31;500ml;0,23;Active;0;Economy
11120;HealthSpark Witaminy Magnez + B6 90 kaps.;HealthSpark;Suplementy i Zdrowie;Witaminy;0;29,14;16,03;kaps.;0,08;Active;0;Economy
11121;BotanicaPro Stylizacja Do farbowanych 500ml;BotanicaPro;Włosy;Stylizacja;0;53,35;29,34;500ml;0,23;Phase-Out;0;Mid-Market
11122;Aura Care Krem na dzień Nawilżający 50ml;Aura Care;Pielęgnacja twarzy;Kremy na dzień;1;62,95;15,74;50ml;0,23;Active;1;Mid-Market
11123;BotanicaPro Maski Odbudowujący 500ml;BotanicaPro;Włosy;Maski;0;60,04;33,02;500ml;0,23;Active;0;Premium
11124;Aura Beauty Usta Rozświetlający 30ml;Aura Beauty;Makijaż;Usta;1;107,07;21,41;30ml;0,23;Active;0;Mid-Market
11125;SilkMane Szampon Nawilżająca 500ml;SilkMane;Włosy;Szampony;0;41,9;23,05;500ml;0,23;Active;0;Mid-Market
11126;VitaCore Witaminy D3 2000 j.m. 90 kaps.;VitaCore;Suplementy i Zdrowie;Witaminy;0;39,82;21,9;kaps.;0,08;Active;0;Economy
11127;VitaCore Witaminy Magnez + B6 90 kaps.;VitaCore;Suplementy i Zdrowie;Witaminy;0;67,27;37,0;kaps.;0,08;Active;0;Mid-Market
11128;Aura Care Krem na noc Matujący 50ml;Aura Care;Pielęgnacja twarzy;Kremy na noc;1;69,0;17,25;50ml;0,23;Active;1;Mid-Market
11129;Aura Beauty Usta Matujący 8ml;Aura Beauty;Makijaż;Usta;1;23,58;4,72;8ml;0,23;Active;0;Economy
11130;FreshGlow Płyny i żele Kojący 200ml;FreshGlow;Higiena intymna;Płyny i żele;0;12,39;8,05;200ml;0,23;Active;0;Economy
11131;DermaGlow Krem na dzień Matujący 150ml;DermaGlow;Pielęgnacja twarzy;Kremy na dzień;0;109,57;49,31;150ml;0,23;Active;0;Premium
11132;Aura Care Krem na noc Nawilżający 30ml;Aura Care;Pielęgnacja twarzy;Kremy na noc;1;84,48;21,12;30ml;0,23;Active;1;Mid-Market
11133;Aura Care Witaminy Magnez + B6 30 kaps.;Aura Care;Suplementy i Zdrowie;Witaminy;1;62,5;18,75;kaps.;0,08;Active;1;Mid-Market
11134;PureCare Wkładki Kojący 200ml;PureCare;Higiena intymna;Wkładki;0;18,44;11,99;200ml;0,23;Active;1;Mid-Market
11135;PureCare Wkładki Kojący 200ml;PureCare;Higiena intymna;Wkładki;0;28,27;18,38;200ml;0,23;Active;1;Premium
11136;Veluria Krem na dzień Matujący 150ml;Veluria;Pielęgnacja twarzy;Kremy na dzień;0;60,32;27,14;150ml;0,23;Active;0;Mid-Market
11137;Veluria Żele do mycia Matujący 50ml;Veluria;Pielęgnacja twarzy;Żele do mycia;0;58,85;26,48;50ml;0,23;Active;0;Mid-Market
11138;Aura Care Stylizacja Nawilżająca 250ml;Aura Care;Włosy;Stylizacja;1;15,42;5,4;250ml;0,23;Active;1;Economy
11139;VigorHair Stylizacja Przeciwłupieżowy 500ml;VigorHair;Włosy;Stylizacja;0;21,5;11,83;500ml;0,23;Active;0;Economy
11140;Aura Kids Kosmetyki Sensitive 500ml;Aura Kids;Dziecko;Kosmetyki;1;41,85;25,11;500ml;0,23;Active;0;Mid-Market
11141;Aura Beauty Usta Long-lasting 8ml;Aura Beauty;Makijaż;Usta;1;31,56;6,31;8ml;0,23;Active;0;Economy
11142;NutriMax Minerały Magnez + B6 30 kaps.;NutriMax;Suplementy i Zdrowie;Minerały;0;57,47;31,61;kaps.;0,08;Active;1;Mid-Market
11143;BotanicaPro Szampon Odbudowujący 250ml;BotanicaPro;Włosy;Szampony;0;25,74;14,16;250ml;0,23;Active;0;Economy
11144;Aura Care Sera Z witaminą C 50ml;Aura Care;Pielęgnacja twarzy;Sera;1;65,19;16,3;50ml;0,23;Active;1;Mid-Market
11145;DermaGlow Sera Nawilżający 50ml;DermaGlow;Pielęgnacja twarzy;Sera;0;87,75;39,49;50ml;0,23;Phase-Out;0;Mid-Market
11146;LumiSkin Krem na dzień Nawilżający 150ml;LumiSkin;Pielęgnacja twarzy;Kremy na dzień;0;58,23;26,2;150ml;0,23;Active;0;Mid-Market
11147;NutriMax Minerały Forte 30 kaps.;NutriMax;Suplementy i Zdrowie;Minerały;0;21,07;11,59;kaps.;0,08;Active;1;Economy
11148;Veluria Krem na dzień Matujący 150ml;Veluria;Pielęgnacja twarzy;Kremy na dzień;0;71,63;32,23;150ml;0,23;Active;0;Mid-Market
11149;SilkMane Szampon Odbudowujący 250ml;SilkMane;Włosy;Szampony;0;66,02;36,31;250ml;0,23;Active;0;Premium
11150;TinyJoy Pieluchy Rozmiar 3 500ml;TinyJoy;Dziecko;Pieluchy;0;57,24;42,93;500ml;0,23;Active;0;Premium
11151;Herbix Maski Odbudowujący 500ml;Herbix;Włosy;Maski;0;30,42;16,73;500ml;0,23;Phase-Out;1;Economy
11152;ColorAura Oczy Wodoodporny 15g;ColorAura;Makijaż;Oczy;0;44,8;17,92;15g;0,23;Active;0;Economy
11153;Aura Care Odżywki Przeciwłupieżowy 500ml;Aura Care;Włosy;Odżywki;1;56,81;19,88;500ml;0,23;Active;1;Premium
11154;SilkMane Maski Do farbowanych 400ml;SilkMane;Włosy;Maski;0;72,59;39,92;400ml;0,23;Active;0;Premium
11155;Aura Care Minerały Forte 30 kaps.;Aura Care;Suplementy i Zdrowie;Minerały;1;23,45;7,04;kaps.;0,08;Active;1;Economy
11156;PureTots Pieluchy Rozmiar 3 40 szt.;PureTots;Dziecko;Pieluchy;0;55,88;41,91;szt.;0,23;Active;0;Premium
11157;BotanicaPro Szampon Nawilżająca 250ml;BotanicaPro;Włosy;Szampony;0;28,65;15,76;250ml;0,23;Active;0;Economy
11158;VelvetLine Oczy Wodoodporny 15g;VelvetLine;Makijaż;Oczy;0;64,72;25,89;15g;0,23;Phase-Out;1;Economy
11159;BabySoft Chusteczki Rozmiar 4 40 szt.;BabySoft;Dziecko;Chusteczki;0;55,03;41,27;szt.;0,23;Active;0;Premium
11160;SoftTouch Wkładki Normal 20 szt.;SoftTouch;Higiena intymna;Wkładki;0;23,8;15,47;szt.;0,23;Active;0;Premium
11161;SoftTouch Płyny i żele Super 200ml;SoftTouch;Higiena intymna;Płyny i żele;0;10,93;7,1;200ml;0,23;Active;0;Economy
11162;Veluria Krem na noc Matujący 150ml;Veluria;Pielęgnacja twarzy;Kremy na noc;0;50,91;22,91;150ml;0,23;Active;0;Economy
11163;LumiSkin Krem na noc Matujący 150ml;LumiSkin;Pielęgnacja twarzy;Kremy na noc;0;43,18;19,43;150ml;0,23;Active;0;Economy
11164;VisagePro Twarz Matujący 8ml;VisagePro;Makijaż;Twarz;0;76,93;30,77;8ml;0,23;Active;0;Mid-Market
11165;FreshGlow Wkładki Super 40 szt.;FreshGlow;Higiena intymna;Wkładki;0;24,57;15,97;szt.;0,23;Active;1;Premium
11166;Aura Beauty Usta Long-lasting 8ml;Aura Beauty;Makijaż;Usta;1;48,01;9,6;8ml;0,23;Active;0;Economy
11167;VisagePro Twarz Matujący 15g;VisagePro;Makijaż;Twarz;0;83,46;33,38;15g;0,23;Active;0;Mid-Market
11168;FreshGlow Wkładki Super 200ml;FreshGlow;Higiena intymna;Wkładki;0;11,88;7,72;200ml;0,23;Active;0;Economy
11169;Aura Care Odżywki Nawilżająca 400ml;Aura Care;Włosy;Odżywki;1;55,78;19,52;400ml;0,23;Active;1;Premium
11170;Aura Kids Chusteczki Rozmiar 4 40 szt.;Aura Kids;Dziecko;Chusteczki;1;20,64;12,38;szt.;0,23;Active;0;Economy
11171;VelvetLine Oczy Long-lasting 30ml;VelvetLine;Makijaż;Oczy;0;35,92;14,37;30ml;0,23;Active;0;Economy
11172;FreshGlow Podpaski Ochronny 20 szt.;FreshGlow;Higiena intymna;Podpaski;0;26,32;17,11;szt.;0,23;Active;0;Premium
11173;Aura Basic Podpaski Kojący 200ml;Aura Basic;Higiena intymna;Podpaski;1;6,8;3,06;200ml;0,23;Active;0;Economy
11174;Aura Care Odżywki Do farbowanych 500ml;Aura Care;Włosy;Odżywki;1;13,23;4,63;500ml;0,23;Active;1;Economy
11175;FreshGlow Podpaski Normal 20 szt.;FreshGlow;Higiena intymna;Podpaski;0;20,75;13,49;szt.;0,23;Active;0;Premium
11176;PureBotanica Krem na noc Matujący 150ml;PureBotanica;Pielęgnacja twarzy;Kremy na noc;0;50,46;22,71;150ml;0,23;Active;1;Economy
11177;BotanicaPro Odżywki Nawilżająca 250ml;BotanicaPro;Włosy;Odżywki;0;75,91;41,75;250ml;0,23;Active;0;Premium
11178;Aura Care Sera Z witaminą C 150ml;Aura Care;Pielęgnacja twarzy;Sera;1;38,56;9,64;150ml;0,23;Phase-Out;1;Economy
11179;BotanicaPro Maski Przeciwłupieżowy 250ml;BotanicaPro;Włosy;Maski;0;50,35;27,69;250ml;0,23;Discontinued;0;Mid-Market
11180;Aura Beauty Usta Wodoodporny 8ml;Aura Beauty;Makijaż;Usta;1;114,06;22,81;8ml;0,23;Active;0;Mid-Market
11181;NutriMax Odporność D3 2000 j.m. 30 kaps.;NutriMax;Suplementy i Zdrowie;Odporność;0;55,09;30,3;kaps.;0,08;Phase-Out;0;Mid-Market
11182;ColorAura Usta Matujący 15g;ColorAura;Makijaż;Usta;0;149,39;59,76;15g;0,23;Active;0;Premium
11183;VitaCore Minerały C 1000mg 60 kaps.;VitaCore;Suplementy i Zdrowie;Minerały;0;22,46;12,35;kaps.;0,08;Active;0;Economy
11184;BotanicaPro Stylizacja Odbudowujący 400ml;BotanicaPro;Włosy;Stylizacja;0;71,31;39,22;400ml;0,23;Active;0;Premium
11185;Veluria Krem na noc Nawilżający 150ml;Veluria;Pielęgnacja twarzy;Kremy na noc;0;105,89;47,65;150ml;0,23;Phase-Out;0;Premium
11186;SoftTouch Płyny i żele Kojący 20 szt.;SoftTouch;Higiena intymna;Płyny i żele;0;14,21;9,24;szt.;0,23;Active;0;Mid-Market
11187;VisagePro Twarz Long-lasting 15g;VisagePro;Makijaż;Twarz;0;151,13;60,45;15g;0,23;Active;0;Premium
11188;Aura Care Krem na dzień Przeciwzmarszczkowy 50ml;Aura Care;Pielęgnacja twarzy;Kremy na dzień;1;24,15;6,04;50ml;0,23;Active;1;Economy
11189;VigorHair Stylizacja Nawilżająca 250ml;VigorHair;Włosy;Stylizacja;0;15,16;8,34;250ml;0,23;Active;0;Economy
11190;Aura Care Stylizacja Przeciwłupieżowy 250ml;Aura Care;Włosy;Stylizacja;1;30,25;10,59;250ml;0,23;Active;1;Economy
11191;Aura Care Krem na dzień Matujący 50ml;Aura Care;Pielęgnacja twarzy;Kremy na dzień;1;59,28;14,82;50ml;0,23;Discontinued;1;Mid-Market
11192;VisagePro Usta Rozświetlający 30ml;VisagePro;Makijaż;Usta;0;65,46;26,18;30ml;0,23;Active;0;Economy
11193;LumiSkin Krem na noc Przeciwzmarszczkowy 150ml;LumiSkin;Pielęgnacja twarzy;Kremy na noc;0;56,46;25,41;150ml;0,23;Active;0;Mid-Market
11194;Herbix Szampon Do farbowanych 250ml;Herbix;Włosy;Szampony;0;14,56;8,01;250ml;0,23;Active;1;Economy
11195;SoftTouch Podpaski Normal 20 szt.;SoftTouch;Higiena intymna;Podpaski;0;23,33;15,16;szt.;0,23;Active;0;Premium
11196;Aura Basic Podpaski Ochronny 20 szt.;Aura Basic;Higiena intymna;Podpaski;1;20,53;9,24;szt.;0,23;Active;0;Premium
11197;FreshGlow Podpaski Kojący 40 szt.;FreshGlow;Higiena intymna;Podpaski;0;25,56;16,61;szt.;0,23;Active;0;Premium
11198;Aura Kids Chusteczki Nawilżane 60 szt.;Aura Kids;Dziecko;Chusteczki;1;52,39;31,43;szt.;0,23;Active;0;Mid-Market
11199;Veluria Krem na noc Z witaminą C 50ml;Veluria;Pielęgnacja twarzy;Kremy na noc;0;24,24;10,91;50ml;0,23;Active;0;Economy
11200;Aura Care Odżywki Przeciwłupieżowy 400ml;Aura Care;Włosy;Odżywki;1;29,21;10,22;400ml;0,23;Active;1;Economy
11201;DermaGlow Krem na noc Przeciwzmarszczkowy 50ml;DermaGlow;Pielęgnacja twarzy;Kremy na noc;0;44,9;20,2;50ml;0,23;Active;0;Economy
11202;PureTots Pieluchy Rozmiar 4 60 szt.;PureTots;Dziecko;Pieluchy;0;33,22;24,91;szt.;0,23;Phase-Out;0;Economy
11203;Aura Beauty Usta Matujący 30ml;Aura Beauty;Makijaż;Usta;1;34,89;6,98;30ml;0,23;Active;1;Economy
11204;ColorAura Oczy Rozświetlający 8ml;ColorAura;Makijaż;Oczy;0;96,76;38,7;8ml;0,23;Active;1;Mid-Market
11205;Aura Care Szampon Nawilżająca 400ml;Aura Care;Włosy;Szampony;1;24,89;8,71;400ml;0,23;Phase-Out;1;Economy
11206;LumiSkin Krem na noc Przeciwzmarszczkowy 150ml;LumiSkin;Pielęgnacja twarzy;Kremy na noc;0;42,81;19,26;150ml;0,23;Active;0;Economy
11207;PureBotanica Sera Matujący 50ml;PureBotanica;Pielęgnacja twarzy;Sera;0;24,86;11,19;50ml;0,23;Active;1;Economy
11208;Aura Kids Chusteczki Sensitive 60 szt.;Aura Kids;Dziecko;Chusteczki;1;15,02;9,01;szt.;0,23;Discontinued;1;Economy
11209;PureTots Chusteczki Rozmiar 3 40 szt.;PureTots;Dziecko;Chusteczki;0;66,1;49,57;szt.;0,23;Discontinued;0;Premium
11210;Aura Care Szampon Przeciwłupieżowy 500ml;Aura Care;Włosy;Szampony;1;15,96;5,59;500ml;0,23;Active;1;Economy
11211;FreshGlow Wkładki Ochronny 40 szt.;FreshGlow;Higiena intymna;Wkładki;0;17,87;11,62;szt.;0,23;Active;1;Mid-Market
11212;PureCare Wkładki Normal 20 szt.;PureCare;Higiena intymna;Wkładki;0;7,72;5,02;szt.;0,23;Phase-Out;1;Economy
11213;Aura Beauty Oczy Wodoodporny 30ml;Aura Beauty;Makijaż;Oczy;1;44,06;8,81;30ml;0,23;Active;1;Economy
11214;PureCare Podpaski Ochronny 20 szt.;PureCare;Higiena intymna;Podpaski;0;9,05;5,88;szt.;0,23;Active;1;Economy
11215;ColorAura Twarz Matujący 15g;ColorAura;Makijaż;Twarz;0;75,76;30,3;15g;0,23;Active;0;Mid-Market
11216;LumiSkin Krem na noc Z witaminą C 150ml;LumiSkin;Pielęgnacja twarzy;Kremy na noc;0;18,18;8,18;150ml;0,23;Active;1;Economy
11217;SilkMane Odżywki Do farbowanych 500ml;SilkMane;Włosy;Odżywki;0;13,95;7,67;500ml;0,23;Active;0;Economy
11218;PureTots Chusteczki Sensitive 500ml;PureTots;Dziecko;Chusteczki;0;25,87;19,4;500ml;0,23;Active;0;Economy
11219;DermaGlow Sera Matujący 30ml;DermaGlow;Pielęgnacja twarzy;Sera;0;124,15;55,87;30ml;0,23;Active;0;Premium
11220;Veluria Krem na noc Matujący 150ml;Veluria;Pielęgnacja twarzy;Kremy na noc;0;38,06;17,13;150ml;0,23;Active;0;Economy
11221;Aura Care Stylizacja Do farbowanych 250ml;Aura Care;Włosy;Stylizacja;1;40,07;14,02;250ml;0,23;Active;1;Mid-Market
11222;VisagePro Usta Rozświetlający 30ml;VisagePro;Makijaż;Usta;0;42,42;16,97;30ml;0,23;Active;0;Economy
11223;VigorHair Szampon Przeciwłupieżowy 250ml;VigorHair;Włosy;Szampony;0;48,79;26,83;250ml;0,23;Active;0;Mid-Market
11224;PureCare Podpaski Ochronny 40 szt.;PureCare;Higiena intymna;Podpaski;0;22,68;14,74;szt.;0,23;Active;1;Premium
11225;ColorAura Oczy Rozświetlający 8ml;ColorAura;Makijaż;Oczy;0;146,3;58,52;8ml;0,23;Discontinued;0;Premium
11226;Aura Basic Wkładki Normal 200ml;Aura Basic;Higiena intymna;Wkładki;1;12,82;5,77;200ml;0,23;Active;0;Economy
11227;SoftTouch Wkładki Ochronny 200ml;SoftTouch;Higiena intymna;Wkładki;0;16,81;10,93;200ml;0,23;Phase-Out;0;Mid-Market
11228;VisagePro Usta Long-lasting 30ml;VisagePro;Makijaż;Usta;0;176,12;70,45;30ml;0,23;Active;0;Premium
11229;Aura Beauty Oczy Wodoodporny 30ml;Aura Beauty;Makijaż;Oczy;1;41,43;8,29;30ml;0,23;Active;1;Economy
11230;Aura Care Szampon Do farbowanych 400ml;Aura Care;Włosy;Szampony;1;52,1;18,23;400ml;0,23;Active;1;Mid-Market
11231;Herbix Odżywki Przeciwłupieżowy 400ml;Herbix;Włosy;Odżywki;0;61,32;33,73;400ml;0,23;Active;1;Premium
11232;Aura Beauty Usta Matujący 30ml;Aura Beauty;Makijaż;Usta;1;73,44;14,69;30ml;0,23;Active;0;Mid-Market
11233;VelvetLine Oczy Wodoodporny 30ml;VelvetLine;Makijaż;Oczy;0;69,32;27,73;30ml;0,23;Active;0;Economy
11234;Aura Care Żele do mycia Nawilżający 30ml;Aura Care;Pielęgnacja twarzy;Żele do mycia;1;43,26;10,81;30ml;0,23;Active;1;Economy
11235;VigorHair Stylizacja Odbudowujący 250ml;VigorHair;Włosy;Stylizacja;0;21,86;12,02;250ml;0,23;Active;0;Economy
11236;BotanicaPro Szampon Odbudowujący 250ml;BotanicaPro;Włosy;Szampony;0;76,92;42,31;250ml;0,23;Active;1;Premium
11237;SoftTouch Wkładki Super 40 szt.;SoftTouch;Higiena intymna;Wkładki;0;21,92;14,25;szt.;0,23;Phase-Out;0;Premium
11238;PureTots Chusteczki Nawilżane 500ml;PureTots;Dziecko;Chusteczki;0;47,11;35,33;500ml;0,23;Active;0;Mid-Market
11239;Aura Care Minerały D3 2000 j.m. 30 kaps.;Aura Care;Suplementy i Zdrowie;Minerały;1;43,29;12,99;kaps.;0,08;Active;1;Economy
11240;Essentia EDT Fresh 50ml;Essentia;Perfumy;EDT;0;379,93;132,98;50ml;0,23;Active;1;Premium
11241;LumiSkin Sera Nawilżający 150ml;LumiSkin;Pielęgnacja twarzy;Sera;0;25,46;11,46;150ml;0,23;Active;0;Economy
11242;BotanicaPro Stylizacja Przeciwłupieżowy 500ml;BotanicaPro;Włosy;Stylizacja;0;29,44;16,19;500ml;0,23;Active;0;Economy
11243;Aura Care Sera Matujący 150ml;Aura Care;Pielęgnacja twarzy;Sera;1;18,84;4,71;150ml;0,23;Active;1;Economy
11244;BotanicaPro Maski Do farbowanych 400ml;BotanicaPro;Włosy;Maski;0;22,62;12,44;400ml;0,23;Active;1;Economy
11245;HealthSpark Witaminy C 1000mg 90 kaps.;HealthSpark;Suplementy i Zdrowie;Witaminy;0;68,07;37,44;kaps.;0,08;Active;0;Mid-Market
11246;PureCare Płyny i żele Super 40 szt.;PureCare;Higiena intymna;Płyny i żele;0;25,48;16,56;szt.;0,23;Active;1;Premium
11247;Veluria Krem na dzień Nawilżający 30ml;Veluria;Pielęgnacja twarzy;Kremy na dzień;0;64,61;29,07;30ml;0,23;Active;0;Mid-Market
11248;ScentMaison EDP Pour Femme 50ml;ScentMaison;Perfumy;EDP;0;303,16;106,11;50ml;0,23;Active;0;Premium
11249;PureCare Płyny i żele Normal 40 szt.;PureCare;Higiena intymna;Płyny i żele;0;16,99;11,04;szt.;0,23;Active;1;Mid-Market
11250;Aura Care Krem na noc Przeciwzmarszczkowy 50ml;Aura Care;Pielęgnacja twarzy;Kremy na noc;1;111,5;27,88;50ml;0,23;Active;1;Premium
11251;Aura Care Witaminy Magnez + B6 60 kaps.;Aura Care;Suplementy i Zdrowie;Witaminy;1;67,59;20,28;kaps.;0,08;Active;1;Mid-Market
11252;Aura Basic Płyny i żele Super 20 szt.;Aura Basic;Higiena intymna;Płyny i żele;1;14,36;6,46;szt.;0,23;Active;0;Mid-Market
11253;FreshGlow Wkładki Kojący 20 szt.;FreshGlow;Higiena intymna;Wkładki;0;26,37;17,14;szt.;0,23;Active;1;Premium
11254;VelvetLine Usta Rozświetlający 15g;VelvetLine;Makijaż;Usta;0;31,34;12,54;15g;0,23;Active;0;Economy
11255;Herbix Szampon Do farbowanych 400ml;Herbix;Włosy;Szampony;0;74,06;40,73;400ml;0,23;Active;1;Premium
11256;SoftTouch Podpaski Super 200ml;SoftTouch;Higiena intymna;Podpaski;0;17,19;11,17;200ml;0,23;Active;0;Mid-Market
11257;Herbix Szampon Odbudowujący 500ml;Herbix;Włosy;Szampony;0;61,96;34,08;500ml;0,23;Active;1;Premium
11258;Herbix Maski Przeciwłupieżowy 400ml;Herbix;Włosy;Maski;0;69,27;38,1;400ml;0,23;Phase-Out;1;Premium
11259;BotanicaPro Stylizacja Odbudowujący 500ml;BotanicaPro;Włosy;Stylizacja;0;25,99;14,29;500ml;0,23;Active;0;Economy
11260;Aura Care Odporność D3 2000 j.m. 30 kaps.;Aura Care;Suplementy i Zdrowie;Odporność;1;68,99;20,7;kaps.;0,08;Active;1;Premium
11261;VigorHair Odżywki Przeciwłupieżowy 500ml;VigorHair;Włosy;Odżywki;0;49,35;27,14;500ml;0,23;Active;0;Mid-Market
11262;Aura Basic Wkładki Normal 20 szt.;Aura Basic;Higiena intymna;Wkładki;1;15,23;6,85;szt.;0,23;Active;0;Mid-Market
11263;BotanicaPro Stylizacja Odbudowujący 500ml;BotanicaPro;Włosy;Stylizacja;0;61,6;33,88;500ml;0,23;Phase-Out;0;Premium
11264;VigorHair Szampon Nawilżająca 250ml;VigorHair;Włosy;Szampony;0;69,85;38,42;250ml;0,23;Active;0;Premium
11265;BotanicaPro Odżywki Odbudowujący 500ml;BotanicaPro;Włosy;Odżywki;0;20,4;11,22;500ml;0,23;Active;0;Economy
11266;SilkMane Szampon Odbudowujący 500ml;SilkMane;Włosy;Szampony;0;45,62;25,09;500ml;0,23;Active;1;Mid-Market
11267;ColorAura Oczy Wodoodporny 15g;ColorAura;Makijaż;Oczy;0;35,19;14,08;15g;0,23;Phase-Out;0;Economy
11268;ColorAura Usta Wodoodporny 30ml;ColorAura;Makijaż;Usta;0;137,65;55,06;30ml;0,23;Active;0;Premium
11269;Veluria Żele do mycia Nawilżający 50ml;Veluria;Pielęgnacja twarzy;Żele do mycia;0;91,09;40,99;50ml;0,23;Phase-Out;0;Mid-Market
11270;LumiSkin Sera Z witaminą C 150ml;LumiSkin;Pielęgnacja twarzy;Sera;0;95,78;43,1;150ml;0,23;Discontinued;0;Premium
11271;Aura Kids Pieluchy Sensitive 500ml;Aura Kids;Dziecko;Pieluchy;1;28,82;17,29;500ml;0,23;Active;0;Economy
11272;Veluria Sera Nawilżający 30ml;Veluria;Pielęgnacja twarzy;Sera;0;19,62;8,83;30ml;0,23;Active;0;Economy
11273;Aura Care Sera Przeciwzmarszczkowy 30ml;Aura Care;Pielęgnacja twarzy;Sera;1;13,94;3,48;30ml;0,23;Active;1;Economy
11274;Aura Beauty Usta Rozświetlający 15g;Aura Beauty;Makijaż;Usta;1;105,31;21,06;15g;0,23;Active;0;Mid-Market
11275;PureTots Pieluchy Rozmiar 3 500ml;PureTots;Dziecko;Pieluchy;0;56,14;42,11;500ml;0,23;Active;0;Premium
11276;SilkMane Szampon Odbudowujący 500ml;SilkMane;Włosy;Szampony;0;68,58;37,72;500ml;0,23;Active;1;Premium
11277;DermaGlow Sera Nawilżający 50ml;DermaGlow;Pielęgnacja twarzy;Sera;0;49,12;22,1;50ml;0,23;Active;0;Economy
11278;Herbix Maski Przeciwłupieżowy 500ml;Herbix;Włosy;Maski;0;59,98;32,99;500ml;0,23;Active;1;Premium
11279;SoftTouch Wkładki Kojący 20 szt.;SoftTouch;Higiena intymna;Wkładki;0;9,22;5,99;szt.;0,23;Active;0;Economy
11280;DermaGlow Sera Przeciwzmarszczkowy 50ml;DermaGlow;Pielęgnacja twarzy;Sera;0;45,88;20,65;50ml;0,23;Active;1;Economy
11281;Herbix Maski Nawilżająca 400ml;Herbix;Włosy;Maski;0;40,16;22,09;400ml;0,23;Active;1;Mid-Market
11282;NutriMax Minerały D3 2000 j.m. 60 kaps.;NutriMax;Suplementy i Zdrowie;Minerały;0;74,33;40,88;kaps.;0,08;Active;0;Premium
11283;VigorHair Szampon Do farbowanych 250ml;VigorHair;Włosy;Szampony;0;62,51;34,38;250ml;0,23;Phase-Out;0;Premium
11284;TinyJoy Kosmetyki Sensitive 500ml;TinyJoy;Dziecko;Kosmetyki;0;46,99;35,24;500ml;0,23;Active;1;Mid-Market
11285;VitaCore Witaminy D3 2000 j.m. 60 kaps.;VitaCore;Suplementy i Zdrowie;Witaminy;0;91,81;50,5;kaps.;0,08;Phase-Out;0;Premium
11286;PureBotanica Krem na dzień Przeciwzmarszczkowy 30ml;PureBotanica;Pielęgnacja twarzy;Kremy na dzień;0;65,6;29,52;30ml;0,23;Active;1;Mid-Market
11287;VisagePro Usta Wodoodporny 8ml;VisagePro;Makijaż;Usta;0;155,7;62,28;8ml;0,23;Active;1;Premium
11288;DermaGlow Sera Matujący 30ml;DermaGlow;Pielęgnacja twarzy;Sera;0;93,04;41,87;30ml;0,23;Active;0;Premium
11289;Aura Care Minerały D3 2000 j.m. 90 kaps.;Aura Care;Suplementy i Zdrowie;Minerały;1;78,1;23,43;kaps.;0,08;Active;1;Premium
11290;VigorHair Odżywki Przeciwłupieżowy 500ml;VigorHair;Włosy;Odżywki;0;28,82;15,85;500ml;0,23;Active;0;Economy
11291;Aura Kids Pieluchy Rozmiar 4 40 szt.;Aura Kids;Dziecko;Pieluchy;1;26,0;15,6;szt.;0,23;Active;0;Economy
11292;Herbix Szampon Odbudowujący 400ml;Herbix;Włosy;Szampony;0;39,51;21,73;400ml;0,23;Active;1;Mid-Market
11293;BotanicaPro Maski Odbudowujący 400ml;BotanicaPro;Włosy;Maski;0;30,01;16,51;400ml;0,23;Phase-Out;0;Economy
11294;Aura Care Krem na noc Matujący 30ml;Aura Care;Pielęgnacja twarzy;Kremy na noc;1;15,48;3,87;30ml;0,23;Active;1;Economy
11295;VelvetLine Usta Long-lasting 8ml;VelvetLine;Makijaż;Usta;0;36,59;14,64;8ml;0,23;Active;0;Economy
11296;Aura Beauty Usta Rozświetlający 30ml;Aura Beauty;Makijaż;Usta;1;103,86;20,77;30ml;0,23;Active;0;Mid-Market
11297;Veluria Żele do mycia Nawilżający 150ml;Veluria;Pielęgnacja twarzy;Żele do mycia;0;105,12;47,3;150ml;0,23;Active;1;Premium
11298;NutriMax Witaminy D3 2000 j.m. 30 kaps.;NutriMax;Suplementy i Zdrowie;Witaminy;0;45,14;24,83;kaps.;0,08;Active;1;Mid-Market
11299;LumiSkin Krem na dzień Przeciwzmarszczkowy 150ml;LumiSkin;Pielęgnacja twarzy;Kremy na dzień;0;63,84;28,73;150ml;0,23;Active;0;Mid-Market
11300;PureBotanica Sera Przeciwzmarszczkowy 50ml;PureBotanica;Pielęgnacja twarzy;Sera;0;23,15;10,42;50ml;0,23;Active;1;Economy
11301;PureCare Wkładki Kojący 40 szt.;PureCare;Higiena intymna;Wkładki;0;25,96;16,87;szt.;0,23;Active;1;Premium
11302;PureBotanica Żele do mycia Nawilżający 30ml;PureBotanica;Pielęgnacja twarzy;Żele do mycia;0;111,68;50,26;30ml;0,23;Active;1;Premium
11303;PureBotanica Żele do mycia Matujący 50ml;PureBotanica;Pielęgnacja twarzy;Żele do mycia;0;17,39;7,83;50ml;0,23;Active;1;Economy
11304;VigorHair Szampon Do farbowanych 500ml;VigorHair;Włosy;Szampony;0;32,52;17,89;500ml;0,23;Active;0;Economy
11305;PureBotanica Krem na noc Matujący 150ml;PureBotanica;Pielęgnacja twarzy;Kremy na noc;0;41,25;18,56;150ml;0,23;Active;1;Economy
11306;DermaGlow Żele do mycia Z witaminą C 50ml;DermaGlow;Pielęgnacja twarzy;Żele do mycia;0;103,74;46,68;50ml;0,23;Active;0;Premium
11307;BotanicaPro Maski Do farbowanych 400ml;BotanicaPro;Włosy;Maski;0;68,03;37,42;400ml;0,23;Active;0;Premium
11308;Aura Care Krem na noc Matujący 150ml;Aura Care;Pielęgnacja twarzy;Kremy na noc;1;33,54;8,38;150ml;0,23;Discontinued;1;Economy
11309;BotanicaPro Maski Odbudowujący 500ml;BotanicaPro;Włosy;Maski;0;25,93;14,26;500ml;0,23;Active;0;Economy
11310;Aura Care Szampon Nawilżająca 250ml;Aura Care;Włosy;Szampony;1;39,4;13,79;250ml;0,23;Active;1;Mid-Market
11311;Aura Care Odżywki Odbudowujący 250ml;Aura Care;Włosy;Odżywki;1;39,85;13,95;250ml;0,23;Active;1;Mid-Market
11312;Aura Care Krem na dzień Nawilżający 30ml;Aura Care;Pielęgnacja twarzy;Kremy na dzień;1;91,71;22,93;30ml;0,23;Active;1;Premium
11313;ColorAura Oczy Wodoodporny 30ml;ColorAura;Makijaż;Oczy;0;34,92;13,97;30ml;0,23;Active;0;Economy
11314;SoftTouch Podpaski Normal 40 szt.;SoftTouch;Higiena intymna;Podpaski;0;28,11;18,27;szt.;0,23;Discontinued;0;Premium
11315;Veluria Sera Matujący 30ml;Veluria;Pielęgnacja twarzy;Sera;0;47,19;21,24;30ml;0,23;Active;0;Economy
11316;Aura Care Odporność C 1000mg 60 kaps.;Aura Care;Suplementy i Zdrowie;Odporność;1;73,9;22,17;kaps.;0,08;Active;1;Premium
11317;LumiSkin Żele do mycia Matujący 50ml;LumiSkin;Pielęgnacja twarzy;Żele do mycia;0;71,66;32,25;50ml;0,23;Active;0;Mid-Market
11318;LumiSkin Krem na dzień Z witaminą C 50ml;LumiSkin;Pielęgnacja twarzy;Kremy na dzień;0;53,18;23,93;50ml;0,23;Discontinued;0;Mid-Market
11319;Aura Care Żele do mycia Matujący 50ml;Aura Care;Pielęgnacja twarzy;Żele do mycia;1;42,82;10,71;50ml;0,23;Active;1;Economy
11320;Herbix Szampon Nawilżająca 250ml;Herbix;Włosy;Szampony;0;64,38;35,41;250ml;0,23;Active;1;Premium
11321;Veluria Sera Matujący 50ml;Veluria;Pielęgnacja twarzy;Sera;0;108,51;48,83;50ml;0,23;Active;0;Premium
11322;VelvetLine Twarz Wodoodporny 15g;VelvetLine;Makijaż;Twarz;0;95,38;38,15;15g;0,23;Active;0;Mid-Market
11323;NutriMax Witaminy C 1000mg 30 kaps.;NutriMax;Suplementy i Zdrowie;Witaminy;0;42,98;23,64;kaps.;0,08;Active;0;Economy
11324;LumiSkin Krem na dzień Przeciwzmarszczkowy 50ml;LumiSkin;Pielęgnacja twarzy;Kremy na dzień;0;63,03;28,36;50ml;0,23;Active;0;Mid-Market
11325;Herbix Odżywki Przeciwłupieżowy 500ml;Herbix;Włosy;Odżywki;0;57,75;31,76;500ml;0,23;Phase-Out;1;Premium
11326;GlamTouch Twarz Wodoodporny 8ml;GlamTouch;Makijaż;Twarz;0;50,09;20,04;8ml;0,23;Active;0;Economy
11327;SilkMane Odżywki Odbudowujący 500ml;SilkMane;Włosy;Odżywki;0;24,59;13,52;500ml;0,23;Active;0;Economy
11328;Aura Care Minerały Magnez + B6 90 kaps.;Aura Care;Suplementy i Zdrowie;Minerały;1;33,57;10,07;kaps.;0,08;Active;1;Economy
11329;LumiSkin Krem na noc Z witaminą C 30ml;LumiSkin;Pielęgnacja twarzy;Kremy na noc;0;47,91;21,56;30ml;0,23;Active;0;Economy
11330;DermaGlow Krem na noc Przeciwzmarszczkowy 30ml;DermaGlow;Pielęgnacja twarzy;Kremy na noc;0;76,72;34,52;30ml;0,23;Active;0;Mid-Market
11331;Herbix Odżywki Odbudowujący 400ml;Herbix;Włosy;Odżywki;0;17,23;9,48;400ml;0,23;Phase-Out;1;Economy
11332;HealthSpark Witaminy D3 2000 j.m. 30 kaps.;HealthSpark;Suplementy i Zdrowie;Witaminy;0;38,71;21,29;kaps.;0,08;Discontinued;0;Economy
11333;LumiSkin Sera Z witaminą C 50ml;LumiSkin;Pielęgnacja twarzy;Sera;0;122,41;55,08;50ml;0,23;Active;0;Premium
11334;BotanicaPro Stylizacja Odbudowujący 500ml;BotanicaPro;Włosy;Stylizacja;0;64,51;35,48;500ml;0,23;Active;1;Premium
11335;SoftTouch Podpaski Kojący 200ml;SoftTouch;Higiena intymna;Podpaski;0;27,01;17,56;200ml;0,23;Active;0;Premium
11336;VelvetLine Usta Rozświetlający 15g;VelvetLine;Makijaż;Usta;0;77,9;31,16;15g;0,23;Active;0;Mid-Market
11337;Aura Beauty Usta Matujący 8ml;Aura Beauty;Makijaż;Usta;1;73,89;14,78;8ml;0,23;Active;0;Mid-Market
11338;PureCare Płyny i żele Ochronny 200ml;PureCare;Higiena intymna;Płyny i żele;0;13,71;8,91;200ml;0,23;Active;1;Mid-Market
11339;Aura Care Stylizacja Do farbowanych 500ml;Aura Care;Włosy;Stylizacja;1;58,0;20,3;500ml;0,23;Active;1;Premium
11340;Veluria Krem na noc Nawilżający 150ml;Veluria;Pielęgnacja twarzy;Kremy na noc;0;103,39;46,53;150ml;0,23;Active;0;Premium
11341;FreshGlow Wkładki Kojący 20 szt.;FreshGlow;Higiena intymna;Wkładki;0;22,14;14,39;szt.;0,23;Active;0;Premium
11342;LumiSkin Krem na noc Przeciwzmarszczkowy 50ml;LumiSkin;Pielęgnacja twarzy;Kremy na noc;0;123,06;55,38;50ml;0,23;Active;0;Premium
11343;VigorHair Maski Nawilżająca 250ml;VigorHair;Włosy;Maski;0;52,74;29,01;250ml;0,23;Active;0;Mid-Market
11344;PureCare Wkładki Kojący 20 szt.;PureCare;Higiena intymna;Wkładki;0;11,51;7,48;szt.;0,23;Active;1;Economy
11345;Aura Care Odporność C 1000mg 30 kaps.;Aura Care;Suplementy i Zdrowie;Odporność;1;37,14;11,14;kaps.;0,08;Active;1;Economy
11346;BotanicaPro Szampon Nawilżająca 500ml;BotanicaPro;Włosy;Szampony;0;22,36;12,3;500ml;0,23;Active;1;Economy
11347;NutriMax Witaminy D3 2000 j.m. 30 kaps.;NutriMax;Suplementy i Zdrowie;Witaminy;0;88,03;48,42;kaps.;0,08;Active;0;Premium
11348;Aura Care Krem na dzień Nawilżający 50ml;Aura Care;Pielęgnacja twarzy;Kremy na dzień;1;34,72;8,68;50ml;0,23;Active;1;Economy
11349;VigorHair Maski Przeciwłupieżowy 500ml;VigorHair;Włosy;Maski;0;65,44;35,99;500ml;0,23;Active;1;Premium
11350;SoftTouch Płyny i żele Kojący 40 szt.;SoftTouch;Higiena intymna;Płyny i żele;0;25,63;16,66;szt.;0,23;Phase-Out;0;Premium
11351;VitaCore Odporność Forte 90 kaps.;VitaCore;Suplementy i Zdrowie;Odporność;0;78,31;43,07;kaps.;0,08;Active;0;Premium
11352;SilkMane Maski Nawilżająca 500ml;SilkMane;Włosy;Maski;0;57,85;31,82;500ml;0,23;Active;0;Premium
11353;SilkMane Stylizacja Przeciwłupieżowy 500ml;SilkMane;Włosy;Stylizacja;0;58,54;32,2;500ml;0,23;Active;0;Premium
11354;Aura Care Minerały Forte 60 kaps.;Aura Care;Suplementy i Zdrowie;Minerały;1;54,49;16,35;kaps.;0,08;Active;1;Mid-Market
11355;DermaGlow Żele do mycia Matujący 150ml;DermaGlow;Pielęgnacja twarzy;Żele do mycia;0;18,69;8,41;150ml;0,23;Active;1;Economy
11356;Aura Care Witaminy D3 2000 j.m. 30 kaps.;Aura Care;Suplementy i Zdrowie;Witaminy;1;79,6;23,88;kaps.;0,08;Active;1;Premium
11357;Aura Beauty Twarz Matujący 15g;Aura Beauty;Makijaż;Twarz;1;48,42;9,68;15g;0,23;Phase-Out;1;Economy
11358;Aura Care Minerały Magnez + B6 30 kaps.;Aura Care;Suplementy i Zdrowie;Minerały;1;63,13;18,94;kaps.;0,08;Active;1;Mid-Market
11359;SoftTouch Płyny i żele Kojący 40 szt.;SoftTouch;Higiena intymna;Płyny i żele;0;12,46;8,1;szt.;0,23;Active;0;Economy
11360;Veluria Sera Z witaminą C 30ml;Veluria;Pielęgnacja twarzy;Sera;0;87,02;39,16;30ml;0,23;Active;0;Mid-Market
11361;SoftTouch Wkładki Normal 200ml;SoftTouch;Higiena intymna;Wkładki;0;27,6;17,94;200ml;0,23;Active;0;Premium
11362;SilkMane Maski Nawilżająca 500ml;SilkMane;Włosy;Maski;0;31,83;17,51;500ml;0,23;Active;0;Economy
11363;Aura Care Odżywki Odbudowujący 250ml;Aura Care;Włosy;Odżywki;1;26,67;9,33;250ml;0,23;Active;1;Economy
11364;Aura Care Żele do mycia Z witaminą C 150ml;Aura Care;Pielęgnacja twarzy;Żele do mycia;1;24,34;6,08;150ml;0,23;Active;1;Economy
11365;SilkMane Szampon Przeciwłupieżowy 500ml;SilkMane;Włosy;Szampony;0;77,09;42,4;500ml;0,23;Active;0;Premium
11366;BotanicaPro Stylizacja Przeciwłupieżowy 250ml;BotanicaPro;Włosy;Stylizacja;0;46,22;25,42;250ml;0,23;Active;0;Mid-Market
11367;Aura Care Krem na dzień Z witaminą C 30ml;Aura Care;Pielęgnacja twarzy;Kremy na dzień;1;51,24;12,81;30ml;0,23;Active;1;Economy
11368;HealthSpark Witaminy Magnez + B6 60 kaps.;HealthSpark;Suplementy i Zdrowie;Witaminy;0;48,42;26,63;kaps.;0,08;Active;0;Mid-Market
11369;VigorHair Maski Nawilżająca 500ml;VigorHair;Włosy;Maski;0;74,3;40,87;500ml;0,23;Phase-Out;0;Premium
11370;Aura Care Odżywki Do farbowanych 400ml;Aura Care;Włosy;Odżywki;1;38,58;13,5;400ml;0,23;Active;1;Mid-Market
11371;PureBotanica Krem na dzień Matujący 30ml;PureBotanica;Pielęgnacja twarzy;Kremy na dzień;0;124,97;56,24;30ml;0,23;Active;1;Premium
11372;Aura Basic Płyny i żele Kojący 20 szt.;Aura Basic;Higiena intymna;Płyny i żele;1;16,01;7,2;szt.;0,23;Active;0;Mid-Market
11373;BotanicaPro Odżywki Do farbowanych 250ml;BotanicaPro;Włosy;Odżywki;0;43,15;23,73;250ml;0,23;Active;0;Mid-Market
11374;NutriMax Odporność C 1000mg 60 kaps.;NutriMax;Suplementy i Zdrowie;Odporność;0;97,53;53,64;kaps.;0,08;Active;0;Premium
11375;GlamTouch Twarz Long-lasting 30ml;GlamTouch;Makijaż;Twarz;0;25,96;10,38;30ml;0,23;Active;0;Economy
11376;NutriMax Witaminy Magnez + B6 60 kaps.;NutriMax;Suplementy i Zdrowie;Witaminy;0;26,83;14,76;kaps.;0,08;Active;0;Economy
11377;Aura Care Sera Nawilżający 150ml;Aura Care;Pielęgnacja twarzy;Sera;1;57,31;14,33;150ml;0,23;Active;1;Mid-Market
11378;Aura Care Sera Nawilżający 50ml;Aura Care;Pielęgnacja twarzy;Sera;1;56,23;14,06;50ml;0,23;Active;1;Mid-Market
11379;BotanicaPro Maski Nawilżająca 500ml;BotanicaPro;Włosy;Maski;0;50,37;27,7;500ml;0,23;Discontinued;1;Mid-Market
11380;Veluria Sera Z witaminą C 50ml;Veluria;Pielęgnacja twarzy;Sera;0;77,56;34,9;50ml;0,23;Active;0;Mid-Market
11381;SoftTouch Podpaski Kojący 200ml;SoftTouch;Higiena intymna;Podpaski;0;19,26;12,52;200ml;0,23;Active;0;Mid-Market
11382;SoftTouch Płyny i żele Normal 200ml;SoftTouch;Higiena intymna;Płyny i żele;0;20,53;13,34;200ml;0,23;Active;0;Premium
11383;Veluria Krem na dzień Z witaminą C 30ml;Veluria;Pielęgnacja twarzy;Kremy na dzień;0;34,94;15,72;30ml;0,23;Active;0;Economy
11384;LumiSkin Żele do mycia Z witaminą C 30ml;LumiSkin;Pielęgnacja twarzy;Żele do mycia;0;86,73;39,03;30ml;0,23;Active;0;Mid-Market
11385;SilkMane Szampon Nawilżająca 250ml;SilkMane;Włosy;Szampony;0;64,65;35,56;250ml;0,23;Active;0;Premium
11386;PureBotanica Żele do mycia Matujący 30ml;PureBotanica;Pielęgnacja twarzy;Żele do mycia;0;58,99;26,55;30ml;0,23;Active;1;Mid-Market
11387;DermaGlow Krem na dzień Nawilżający 150ml;DermaGlow;Pielęgnacja twarzy;Kremy na dzień;0;138,06;62,13;150ml;0,23;Active;0;Premium
11388;SilkMane Odżywki Przeciwłupieżowy 500ml;SilkMane;Włosy;Odżywki;0;16,45;9,05;500ml;0,23;Discontinued;0;Economy
11389;Herbix Maski Do farbowanych 500ml;Herbix;Włosy;Maski;0;19,35;10,64;500ml;0,23;Active;1;Economy
11390;HealthSpark Odporność Forte 30 kaps.;HealthSpark;Suplementy i Zdrowie;Odporność;0;48,27;26,55;kaps.;0,08;Phase-Out;1;Mid-Market
11391;BabySoft Pieluchy Sensitive 500ml;BabySoft;Dziecko;Pieluchy;0;51,97;38,98;500ml;0,23;Active;0;Mid-Market
11392;Herbix Maski Przeciwłupieżowy 500ml;Herbix;Włosy;Maski;0;31,19;17,15;500ml;0,23;Active;1;Economy
11393;SoftTouch Wkładki Super 20 szt.;SoftTouch;Higiena intymna;Wkładki;0;15,19;9,87;szt.;0,23;Active;0;Mid-Market
11394;LumiSkin Krem na dzień Nawilżający 30ml;LumiSkin;Pielęgnacja twarzy;Kremy na dzień;0;30,59;13,77;30ml;0,23;Active;0;Economy
11395;BotanicaPro Szampon Odbudowujący 500ml;BotanicaPro;Włosy;Szampony;0;54,52;29,99;500ml;0,23;Active;0;Mid-Market
11396;VigorHair Stylizacja Przeciwłupieżowy 500ml;VigorHair;Włosy;Stylizacja;0;49,53;27,24;500ml;0,23;Phase-Out;0;Mid-Market
11397;VelvetLine Twarz Rozświetlający 30ml;VelvetLine;Makijaż;Twarz;0;104,37;41,75;30ml;0,23;Active;0;Mid-Market
11398;Aura Care Szampon Nawilżająca 500ml;Aura Care;Włosy;Szampony;1;57,78;20,22;500ml;0,23;Active;1;Premium
11399;DermaGlow Sera Nawilżający 50ml;DermaGlow;Pielęgnacja twarzy;Sera;0;82,51;37,13;50ml;0,23;Phase-Out;1;Mid-Market
11400;PureCare Płyny i żele Super 200ml;PureCare;Higiena intymna;Płyny i żele;0;12,81;8,33;200ml;0,23;Active;1;Economy
11401;PureBotanica Krem na dzień Przeciwzmarszczkowy 30ml;PureBotanica;Pielęgnacja twarzy;Kremy na dzień;0;107,49;48,37;30ml;0,23;Active;1;Premium
11402;GlamTouch Twarz Matujący 8ml;GlamTouch;Makijaż;Twarz;0;129,29;51,72;8ml;0,23;Phase-Out;1;Premium
11403;Aura Kids Kosmetyki Rozmiar 3 40 szt.;Aura Kids;Dziecko;Kosmetyki;1;29,35;17,61;szt.;0,23;Active;0;Economy
11404;Veluria Krem na dzień Przeciwzmarszczkowy 50ml;Veluria;Pielęgnacja twarzy;Kremy na dzień;0;111,18;50,03;50ml;0,23;Active;0;Premium
11405;VitaCore Witaminy D3 2000 j.m. 90 kaps.;VitaCore;Suplementy i Zdrowie;Witaminy;0;32,53;17,89;kaps.;0,08;Active;0;Economy
11406;PureCare Podpaski Kojący 40 szt.;PureCare;Higiena intymna;Podpaski;0;21,86;14,21;szt.;0,23;Active;1;Premium
11407;Aura Basic Wkładki Super 200ml;Aura Basic;Higiena intymna;Wkładki;1;7,26;3,27;200ml;0,23;Active;0;Economy
11408;DermaGlow Krem na noc Matujący 150ml;DermaGlow;Pielęgnacja twarzy;Kremy na noc;0;67,01;30,15;150ml;0,23;Active;0;Mid-Market
11409;DermaGlow Sera Z witaminą C 150ml;DermaGlow;Pielęgnacja twarzy;Sera;0;73,1;32,89;150ml;0,23;Active;0;Mid-Market
11410;LumiSkin Krem na noc Matujący 30ml;LumiSkin;Pielęgnacja twarzy;Kremy na noc;0;49,01;22,05;30ml;0,23;Active;1;Economy
11411;SilkMane Odżywki Odbudowujący 400ml;SilkMane;Włosy;Odżywki;0;60,76;33,42;400ml;0,23;Active;0;Premium
11412;DermaGlow Żele do mycia Przeciwzmarszczkowy 30ml;DermaGlow;Pielęgnacja twarzy;Żele do mycia;0;109,64;49,34;30ml;0,23;Active;0;Premium
11413;Aura Kids Pieluchy Nawilżane 60 szt.;Aura Kids;Dziecko;Pieluchy;1;51,74;31,04;szt.;0,23;Active;1;Mid-Market
11414;Aura Beauty Twarz Long-lasting 8ml;Aura Beauty;Makijaż;Twarz;1;33,88;6,78;8ml;0,23;Active;0;Economy
11415;Aura Signatures Mgiełki Pour Homme 30ml;Aura Signatures;Perfumy;Mgiełki;1;259,83;38,97;30ml;0,23;Active;0;Mid-Market
11416;TinyJoy Kosmetyki Sensitive 500ml;TinyJoy;Dziecko;Kosmetyki;0;60,5;45,38;500ml;0,23;Active;1;Premium
11417;VigorHair Maski Przeciwłupieżowy 400ml;VigorHair;Włosy;Maski;0;51,4;28,27;400ml;0,23;Active;0;Mid-Market
11418;Veluria Krem na dzień Z witaminą C 50ml;Veluria;Pielęgnacja twarzy;Kremy na dzień;0;64,43;28,99;50ml;0,23;Active;0;Mid-Market
11419;NutriMax Odporność Magnez + B6 60 kaps.;NutriMax;Suplementy i Zdrowie;Odporność;0;78,58;43,22;kaps.;0,08;Active;0;Premium
11420;FreshGlow Wkładki Normal 40 szt.;FreshGlow;Higiena intymna;Wkładki;0;24,81;16,13;szt.;0,23;Active;0;Premium
11421;VigorHair Stylizacja Odbudowujący 250ml;VigorHair;Włosy;Stylizacja;0;19,53;10,74;250ml;0,23;Active;0;Economy
11422;VitaCore Odporność C 1000mg 30 kaps.;VitaCore;Suplementy i Zdrowie;Odporność;0;34,31;18,87;kaps.;0,08;Active;0;Economy
11423;BotanicaPro Odżywki Odbudowujący 400ml;BotanicaPro;Włosy;Odżywki;0;60,46;33,25;400ml;0,23;Active;0;Premium
11424;TinyJoy Pieluchy Nawilżane 500ml;TinyJoy;Dziecko;Pieluchy;0;31,03;23,27;500ml;0,23;Active;0;Economy
11425;BotanicaPro Odżywki Do farbowanych 400ml;BotanicaPro;Włosy;Odżywki;0;55,58;30,57;400ml;0,23;Phase-Out;0;Premium
11426;FreshGlow Wkładki Kojący 20 szt.;FreshGlow;Higiena intymna;Wkładki;0;12,12;7,88;szt.;0,23;Active;0;Economy
11427;FreshGlow Wkładki Super 40 szt.;FreshGlow;Higiena intymna;Wkładki;0;14,7;9,55;szt.;0,23;Active;0;Mid-Market
11428;Aura Beauty Oczy Matujący 8ml;Aura Beauty;Makijaż;Oczy;1;90,51;18,1;8ml;0,23;Active;0;Mid-Market
11429;Aura Care Szampon Odbudowujący 500ml;Aura Care;Włosy;Szampony;1;49,88;17,46;500ml;0,23;Active;1;Mid-Market
11430;PureCare Płyny i żele Ochronny 40 szt.;PureCare;Higiena intymna;Płyny i żele;0;10,53;6,84;szt.;0,23;Active;1;Economy
11431;BotanicaPro Szampon Odbudowujący 500ml;BotanicaPro;Włosy;Szampony;0;74,34;40,89;500ml;0,23;Active;0;Premium
11432;Herbix Stylizacja Do farbowanych 500ml;Herbix;Włosy;Stylizacja;0;40,12;22,07;500ml;0,23;Active;1;Mid-Market
11433;Herbix Maski Odbudowujący 500ml;Herbix;Włosy;Maski;0;59,55;32,75;500ml;0,23;Active;1;Premium
11434;Aura Care Szampon Do farbowanych 400ml;Aura Care;Włosy;Szampony;1;45,74;16,01;400ml;0,23;Discontinued;1;Mid-Market
11435;BotanicaPro Odżywki Nawilżająca 500ml;BotanicaPro;Włosy;Odżywki;0;54,5;29,98;500ml;0,23;Active;0;Mid-Market
11436;Herbix Stylizacja Nawilżająca 500ml;Herbix;Włosy;Stylizacja;0;38,35;21,09;500ml;0,23;Active;1;Mid-Market
11437;NutriMax Witaminy Magnez + B6 60 kaps.;NutriMax;Suplementy i Zdrowie;Witaminy;0;21,58;11,87;kaps.;0,08;Discontinued;0;Economy
11438;ColorAura Usta Wodoodporny 15g;ColorAura;Makijaż;Usta;0;132,63;53,05;15g;0,23;Active;0;Premium
11439;TinyJoy Kosmetyki Sensitive 500ml;TinyJoy;Dziecko;Kosmetyki;0;40,62;30,46;500ml;0,23;Active;0;Mid-Market
11440;DermaGlow Żele do mycia Przeciwzmarszczkowy 150ml;DermaGlow;Pielęgnacja twarzy;Żele do mycia;0;77,87;35,04;150ml;0,23;Active;0;Mid-Market
11441;SoftTouch Płyny i żele Ochronny 40 szt.;SoftTouch;Higiena intymna;Płyny i żele;0;21,52;13,99;szt.;0,23;Active;0;Premium
11442;VigorHair Odżywki Odbudowujący 400ml;VigorHair;Włosy;Odżywki;0;19,11;10,51;400ml;0,23;Active;0;Economy
11443;NutriMax Odporność Magnez + B6 60 kaps.;NutriMax;Suplementy i Zdrowie;Odporność;0;85,99;47,29;kaps.;0,08;Active;0;Premium
11444;VigorHair Odżywki Do farbowanych 400ml;VigorHair;Włosy;Odżywki;0;16,11;8,86;400ml;0,23;Active;0;Economy
11445;ColorAura Usta Long-lasting 8ml;ColorAura;Makijaż;Usta;0;84,37;33,75;8ml;0,23;Active;1;Mid-Market
11446;DermaGlow Krem na dzień Matujący 50ml;DermaGlow;Pielęgnacja twarzy;Kremy na dzień;0;116,94;52,62;50ml;0,23;Active;0;Premium
11447;Aura Basic Płyny i żele Normal 40 szt.;Aura Basic;Higiena intymna;Płyny i żele;1;16,22;7,3;szt.;0,23;Active;0;Mid-Market
11448;NutriMax Odporność C 1000mg 60 kaps.;NutriMax;Suplementy i Zdrowie;Odporność;0;60,6;33,33;kaps.;0,08;Active;0;Mid-Market
11449;VelvetLine Usta Long-lasting 8ml;VelvetLine;Makijaż;Usta;0;61,22;24,49;8ml;0,23;Active;0;Economy
11450;NutriMax Odporność D3 2000 j.m. 90 kaps.;NutriMax;Suplementy i Zdrowie;Odporność;0;20,47;11,26;kaps.;0,08;Active;1;Economy
11451;TinyJoy Chusteczki Rozmiar 4 60 szt.;TinyJoy;Dziecko;Chusteczki;0;33,95;25,46;szt.;0,23;Active;0;Economy
11452;PureCare Płyny i żele Ochronny 200ml;PureCare;Higiena intymna;Płyny i żele;0;16,64;10,82;200ml;0,23;Active;1;Mid-Market
11453;VelvetLine Usta Matujący 8ml;VelvetLine;Makijaż;Usta;0;32,44;12,98;8ml;0,23;Active;0;Economy
11454;VitaCore Witaminy C 1000mg 60 kaps.;VitaCore;Suplementy i Zdrowie;Witaminy;0;45,63;25,1;kaps.;0,08;Active;0;Mid-Market
11455;Aura Basic Płyny i żele Super 200ml;Aura Basic;Higiena intymna;Płyny i żele;1;18,38;8,27;200ml;0,23;Active;0;Mid-Market
11456;TinyJoy Pieluchy Nawilżane 60 szt.;TinyJoy;Dziecko;Pieluchy;0;50,95;38,21;szt.;0,23;Active;0;Mid-Market
11457;HealthSpark Odporność Forte 90 kaps.;HealthSpark;Suplementy i Zdrowie;Odporność;0;89,26;49,09;kaps.;0,08;Active;0;Premium
11458;LumiSkin Sera Przeciwzmarszczkowy 30ml;LumiSkin;Pielęgnacja twarzy;Sera;0;48,03;21,61;30ml;0,23;Active;0;Economy
11459;Herbix Stylizacja Do farbowanych 500ml;Herbix;Włosy;Stylizacja;0;64,01;35,21;500ml;0,23;Active;1;Premium
11460;ColorAura Usta Wodoodporny 8ml;ColorAura;Makijaż;Usta;0;172,23;68,89;8ml;0,23;Active;0;Premium
11461;HealthSpark Witaminy Magnez + B6 60 kaps.;HealthSpark;Suplementy i Zdrowie;Witaminy;0;17,22;9,47;kaps.;0,08;Active;1;Economy
11462;LumiSkin Żele do mycia Z witaminą C 150ml;LumiSkin;Pielęgnacja twarzy;Żele do mycia;0;99,53;44,79;150ml;0,23;Active;0;Premium
11463;ColorAura Oczy Wodoodporny 15g;ColorAura;Makijaż;Oczy;0;95,96;38,38;15g;0,23;Active;0;Mid-Market
11464;DermaGlow Krem na noc Nawilżający 150ml;DermaGlow;Pielęgnacja twarzy;Kremy na noc;0;76,16;34,27;150ml;0,23;Active;0;Mid-Market
11465;Aura Care Żele do mycia Matujący 30ml;Aura Care;Pielęgnacja twarzy;Żele do mycia;1;62,24;15,56;30ml;0,23;Phase-Out;1;Mid-Market
11466;Aura Beauty Oczy Long-lasting 30ml;Aura Beauty;Makijaż;Oczy;1;109,57;21,91;30ml;0,23;Active;1;Mid-Market
11467;VelvetLine Usta Matujący 30ml;VelvetLine;Makijaż;Usta;0;125,4;50,16;30ml;0,23;Phase-Out;0;Premium
11468;PureCare Podpaski Super 40 szt.;PureCare;Higiena intymna;Podpaski;0;25,28;16,43;szt.;0,23;Active;1;Premium
11469;PureCare Płyny i żele Super 200ml;PureCare;Higiena intymna;Płyny i żele;0;25,82;16,78;200ml;0,23;Active;1;Premium
11470;VigorHair Stylizacja Nawilżająca 250ml;VigorHair;Włosy;Stylizacja;0;45,25;24,89;250ml;0,23;Discontinued;1;Mid-Market
11471;Herbix Maski Nawilżająca 500ml;Herbix;Włosy;Maski;0;33,55;18,45;500ml;0,23;Active;1;Mid-Market
11472;VisagePro Usta Matujący 8ml;VisagePro;Makijaż;Usta;0;42,9;17,16;8ml;0,23;Active;0;Economy
11473;VigorHair Szampon Przeciwłupieżowy 500ml;VigorHair;Włosy;Szampony;0;68,83;37,86;500ml;0,23;Active;1;Premium
11474;SilkMane Odżywki Przeciwłupieżowy 250ml;SilkMane;Włosy;Odżywki;0;29,93;16,46;250ml;0,23;Phase-Out;0;Economy
11475;FreshGlow Wkładki Super 40 szt.;FreshGlow;Higiena intymna;Wkładki;0;23,04;14,98;szt.;0,23;Active;0;Premium
11476;SoftTouch Podpaski Kojący 200ml;SoftTouch;Higiena intymna;Podpaski;0;28,32;18,41;200ml;0,23;Active;1;Premium
11477;HealthSpark Odporność C 1000mg 30 kaps.;HealthSpark;Suplementy i Zdrowie;Odporność;0;41,45;22,8;kaps.;0,08;Active;1;Economy
11478;PureCare Podpaski Kojący 40 szt.;PureCare;Higiena intymna;Podpaski;0;8,24;5,36;szt.;0,23;Active;1;Economy
11479;Veluria Krem na noc Matujący 50ml;Veluria;Pielęgnacja twarzy;Kremy na noc;0;105,91;47,66;50ml;0,23;Discontinued;0;Premium
11480;Aura Care Sera Matujący 30ml;Aura Care;Pielęgnacja twarzy;Sera;1;82,92;20,73;30ml;0,23;Active;1;Mid-Market
11481;Aura Care Krem na dzień Matujący 150ml;Aura Care;Pielęgnacja twarzy;Kremy na dzień;1;80,38;20,09;150ml;0,23;Active;1;Mid-Market
11482;Aura Care Krem na noc Przeciwzmarszczkowy 150ml;Aura Care;Pielęgnacja twarzy;Kremy na noc;1;110,98;27,75;150ml;0,23;Active;1;Premium
11483;BabySoft Pieluchy Sensitive 60 szt.;BabySoft;Dziecko;Pieluchy;0;57,22;42,91;szt.;0,23;Active;0;Premium
11484;VitaCore Minerały D3 2000 j.m. 90 kaps.;VitaCore;Suplementy i Zdrowie;Minerały;0;57,65;31,71;kaps.;0,08;Active;0;Mid-Market
11485;HealthSpark Witaminy D3 2000 j.m. 90 kaps.;HealthSpark;Suplementy i Zdrowie;Witaminy;0;64,45;35,45;kaps.;0,08;Active;0;Mid-Market
11486;SilkMane Stylizacja Odbudowujący 250ml;SilkMane;Włosy;Stylizacja;0;74,63;41,05;250ml;0,23;Active;1;Premium
11487;VigorHair Szampon Nawilżająca 400ml;VigorHair;Włosy;Szampony;0;24,97;13,73;400ml;0,23;Active;0;Economy
11488;Aura Basic Wkładki Ochronny 200ml;Aura Basic;Higiena intymna;Wkładki;1;7,64;3,44;200ml;0,23;Active;0;Economy
11489;PureTots Pieluchy Nawilżane 500ml;PureTots;Dziecko;Pieluchy;0;29,09;21,82;500ml;0,23;Active;0;Economy
11490;Veluria Żele do mycia Z witaminą C 50ml;Veluria;Pielęgnacja twarzy;Żele do mycia;0;27,18;12,23;50ml;0,23;Discontinued;0;Economy
11491;NutriMax Witaminy C 1000mg 60 kaps.;NutriMax;Suplementy i Zdrowie;Witaminy;0;41,56;22,86;kaps.;0,08;Active;0;Economy
11492;Aura Kids Kosmetyki Nawilżane 60 szt.;Aura Kids;Dziecko;Kosmetyki;1;59,06;35,44;szt.;0,23;Active;0;Premium
11493;SilkMane Stylizacja Nawilżająca 400ml;SilkMane;Włosy;Stylizacja;0;27,23;14,98;400ml;0,23;Active;0;Economy
11494;PureCare Wkładki Kojący 40 szt.;PureCare;Higiena intymna;Wkładki;0;22,93;14,9;szt.;0,23;Active;1;Premium
11495;BabySoft Chusteczki Rozmiar 3 60 szt.;BabySoft;Dziecko;Chusteczki;0;66,47;49,85;szt.;0,23;Phase-Out;0;Premium
11496;SilkMane Odżywki Nawilżająca 500ml;SilkMane;Włosy;Odżywki;0;16,55;9,1;500ml;0,23;Active;0;Economy
11497;HealthSpark Witaminy C 1000mg 30 kaps.;HealthSpark;Suplementy i Zdrowie;Witaminy;0;71,13;39,12;kaps.;0,08;Active;0;Premium
11498;SilkMane Maski Odbudowujący 250ml;SilkMane;Włosy;Maski;0;72,81;40,05;250ml;0,23;Phase-Out;0;Premium
11499;BotanicaPro Stylizacja Do farbowanych 400ml;BotanicaPro;Włosy;Stylizacja;0;75,62;41,59;400ml;0,23;Active;1;Premium
11500;NutriMax Witaminy C 1000mg 30 kaps.;NutriMax;Suplementy i Zdrowie;Witaminy;0;93,22;51,27;kaps.;0,08;Active;0;Premium
11501;Essentia Mgiełki Intense 50ml;Essentia;Perfumy;Mgiełki;0;285,98;100,09;50ml;0,23;Active;1;Mid-Market
11502;SilkMane Odżywki Przeciwłupieżowy 500ml;SilkMane;Włosy;Odżywki;0;44,62;24,54;500ml;0,23;Active;0;Mid-Market
11503;PureBotanica Sera Nawilżający 30ml;PureBotanica;Pielęgnacja twarzy;Sera;0;129,1;58,09;30ml;0,23;Active;1;Premium
11504;Aura Care Maski Do farbowanych 400ml;Aura Care;Włosy;Maski;1;13,32;4,66;400ml;0,23;Active;1;Economy
11505;SoftTouch Podpaski Normal 20 szt.;SoftTouch;Higiena intymna;Podpaski;0;20,84;13,55;szt.;0,23;Active;1;Premium
11506;Aura Care Szampon Do farbowanych 400ml;Aura Care;Włosy;Szampony;1;20,06;7,02;400ml;0,23;Active;1;Economy
11507;VitaCore Minerały D3 2000 j.m. 90 kaps.;VitaCore;Suplementy i Zdrowie;Minerały;0;51,85;28,52;kaps.;0,08;Active;0;Mid-Market
11508;Aura Care Żele do mycia Z witaminą C 150ml;Aura Care;Pielęgnacja twarzy;Żele do mycia;1;19,86;4,96;150ml;0,23;Active;1;Economy
11509;Herbix Maski Odbudowujący 500ml;Herbix;Włosy;Maski;0;15,56;8,56;500ml;0,23;Active;1;Economy
11510;SilkMane Szampon Do farbowanych 400ml;SilkMane;Włosy;Szampony;0;57,98;31,89;400ml;0,23;Active;0;Premium
11511;Aura Care Stylizacja Nawilżająca 400ml;Aura Care;Włosy;Stylizacja;1;36,51;12,78;400ml;0,23;Active;1;Mid-Market
11512;ColorAura Usta Matujący 8ml;ColorAura;Makijaż;Usta;0;44,58;17,83;8ml;0,23;Active;0;Economy
11513;DermaGlow Żele do mycia Nawilżający 50ml;DermaGlow;Pielęgnacja twarzy;Żele do mycia;0;74,0;33,3;50ml;0,23;Phase-Out;0;Mid-Market
11514;VelvetLine Usta Wodoodporny 30ml;VelvetLine;Makijaż;Usta;0;68,73;27,49;30ml;0,23;Active;0;Economy
11515;Aura Basic Płyny i żele Super 40 szt.;Aura Basic;Higiena intymna;Płyny i żele;1;19,73;8,88;szt.;0,23;Active;0;Mid-Market
11516;Aura Kids Pieluchy Nawilżane 500ml;Aura Kids;Dziecko;Pieluchy;1;16,77;10,06;500ml;0,23;Active;0;Economy
11517;Aura Care Krem na noc Nawilżający 150ml;Aura Care;Pielęgnacja twarzy;Kremy na noc;1;71,74;17,93;150ml;0,23;Active;1;Mid-Market
11518;Aura Care Odporność Magnez + B6 60 kaps.;Aura Care;Suplementy i Zdrowie;Odporność;1;74,66;22,4;kaps.;0,08;Active;1;Premium
11519;Aura Care Sera Z witaminą C 50ml;Aura Care;Pielęgnacja twarzy;Sera;1;50,11;12,53;50ml;0,23;Active;1;Economy
11520;PureBotanica Krem na dzień Z witaminą C 30ml;PureBotanica;Pielęgnacja twarzy;Kremy na dzień;0;50,24;22,61;30ml;0,23;Active;1;Economy
11521;SilkMane Szampon Nawilżająca 500ml;SilkMane;Włosy;Szampony;0;48,6;26,73;500ml;0,23;Active;0;Mid-Market
11522;Aura Care Żele do mycia Nawilżający 50ml;Aura Care;Pielęgnacja twarzy;Żele do mycia;1;88,23;22,06;50ml;0,23;Active;1;Mid-Market
11523;HealthSpark Witaminy Magnez + B6 60 kaps.;HealthSpark;Suplementy i Zdrowie;Witaminy;0;96,31;52,97;kaps.;0,08;Active;0;Premium
11524;DermaGlow Krem na noc Przeciwzmarszczkowy 150ml;DermaGlow;Pielęgnacja twarzy;Kremy na noc;0;23,68;10,66;150ml;0,23;Active;0;Economy
11525;VigorHair Maski Do farbowanych 500ml;VigorHair;Włosy;Maski;0;30,48;16,76;500ml;0,23;Active;1;Economy
11526;SoftTouch Wkładki Ochronny 200ml;SoftTouch;Higiena intymna;Wkładki;0;17,38;11,3;200ml;0,23;Active;0;Mid-Market
11527;LumiSkin Krem na dzień Z witaminą C 150ml;LumiSkin;Pielęgnacja twarzy;Kremy na dzień;0;61,97;27,89;150ml;0,23;Active;0;Mid-Market
11528;Veluria Krem na noc Przeciwzmarszczkowy 50ml;Veluria;Pielęgnacja twarzy;Kremy na noc;0;77,75;34,99;50ml;0,23;Active;1;Mid-Market
11529;SilkMane Maski Nawilżająca 500ml;SilkMane;Włosy;Maski;0;25,63;14,1;500ml;0,23;Active;0;Economy
11530;PureCare Wkładki Normal 200ml;PureCare;Higiena intymna;Wkładki;0;22,19;14,42;200ml;0,23;Phase-Out;1;Premium
11531;Aura Care Krem na noc Matujący 150ml;Aura Care;Pielęgnacja twarzy;Kremy na noc;1;30,05;7,51;150ml;0,23;Phase-Out;1;Economy
11532;Aura Basic Płyny i żele Ochronny 40 szt.;Aura Basic;Higiena intymna;Płyny i żele;1;8,37;3,77;szt.;0,23;Phase-Out;0;Economy
11533;Veluria Sera Z witaminą C 150ml;Veluria;Pielęgnacja twarzy;Sera;0;26,86;12,09;150ml;0,23;Phase-Out;0;Economy
11534;DermaGlow Krem na dzień Przeciwzmarszczkowy 30ml;DermaGlow;Pielęgnacja twarzy;Kremy na dzień;0;103,76;46,69;30ml;0,23;Active;0;Premium
11535;VisagePro Oczy Long-lasting 15g;VisagePro;Makijaż;Oczy;0;90,29;36,12;15g;0,23;Active;0;Mid-Market
11536;Aura Basic Wkładki Ochronny 20 szt.;Aura Basic;Higiena intymna;Wkładki;1;8,86;3,99;szt.;0,23;Active;0;Economy
11537;BotanicaPro Maski Odbudowujący 400ml;BotanicaPro;Włosy;Maski;0;66,42;36,53;400ml;0,23;Active;0;Premium
11538;VitaCore Minerały Magnez + B6 90 kaps.;VitaCore;Suplementy i Zdrowie;Minerały;0;89,55;49,25;kaps.;0,08;Active;1;Premium
11539;SoftTouch Wkładki Normal 40 szt.;SoftTouch;Higiena intymna;Wkładki;0;20,08;13,05;szt.;0,23;Active;0;Mid-Market
11540;Aura Basic Płyny i żele Super 200ml;Aura Basic;Higiena intymna;Płyny i żele;1;12,66;5,7;200ml;0,23;Active;0;Economy
11541;FreshGlow Podpaski Ochronny 40 szt.;FreshGlow;Higiena intymna;Podpaski;0;8,71;5,66;szt.;0,23;Active;0;Economy
11542;PureTots Chusteczki Rozmiar 3 40 szt.;PureTots;Dziecko;Chusteczki;0;62,66;46,99;szt.;0,23;Active;0;Premium
11543;PureBotanica Krem na noc Z witaminą C 30ml;PureBotanica;Pielęgnacja twarzy;Kremy na noc;0;123,21;55,44;30ml;0,23;Active;1;Premium
11544;Aura Basic Wkładki Ochronny 200ml;Aura Basic;Higiena intymna;Wkładki;1;9,77;4,4;200ml;0,23;Active;0;Economy
11545;Aura Signatures EDT Intense 50ml;Aura Signatures;Perfumy;EDT;1;109,65;16,45;50ml;0,23;Active;0;Economy
11546;Herbix Odżywki Przeciwłupieżowy 400ml;Herbix;Włosy;Odżywki;0;65,23;35,88;400ml;0,23;Active;1;Premium
11547;LumiSkin Żele do mycia Matujący 150ml;LumiSkin;Pielęgnacja twarzy;Żele do mycia;0;50,15;22,57;150ml;0,23;Phase-Out;0;Economy
11548;VisagePro Usta Wodoodporny 15g;VisagePro;Makijaż;Usta;0;60,84;24,34;15g;0,23;Active;0;Economy
11549;SoftTouch Płyny i żele Kojący 40 szt.;SoftTouch;Higiena intymna;Płyny i żele;0;21,17;13,76;szt.;0,23;Active;0;Premium
11550;PureBotanica Krem na noc Z witaminą C 30ml;PureBotanica;Pielęgnacja twarzy;Kremy na noc;0;130,1;58,54;30ml;0,23;Phase-Out;1;Premium
11551;Herbix Szampon Przeciwłupieżowy 250ml;Herbix;Włosy;Szampony;0;66,13;36,37;250ml;0,23;Active;1;Premium
11552;Aura Beauty Oczy Wodoodporny 8ml;Aura Beauty;Makijaż;Oczy;1;68,8;13,76;8ml;0,23;Active;0;Economy
11553;Aura Care Stylizacja Nawilżająca 250ml;Aura Care;Włosy;Stylizacja;1;38,19;13,37;250ml;0,23;Active;1;Mid-Market
11554;PureCare Podpaski Normal 40 szt.;PureCare;Higiena intymna;Podpaski;0;26,25;17,06;szt.;0,23;Active;1;Premium
11555;DermaGlow Krem na dzień Z witaminą C 150ml;DermaGlow;Pielęgnacja twarzy;Kremy na dzień;0;43,34;19,5;150ml;0,23;Active;0;Economy
11556;VitaCore Odporność Magnez + B6 90 kaps.;VitaCore;Suplementy i Zdrowie;Odporność;0;49,74;27,36;kaps.;0,08;Active;0;Mid-Market
11557;SilkMane Maski Do farbowanych 400ml;SilkMane;Włosy;Maski;0;23,06;12,68;400ml;0,23;Discontinued;0;Economy
11558;LumiSkin Krem na dzień Przeciwzmarszczkowy 30ml;LumiSkin;Pielęgnacja twarzy;Kremy na dzień;0;47,87;21,54;30ml;0,23;Active;0;Economy
11559;VitaCore Odporność Forte 60 kaps.;VitaCore;Suplementy i Zdrowie;Odporność;0;51,57;28,36;kaps.;0,08;Active;0;Mid-Market
11560;DermaGlow Krem na dzień Przeciwzmarszczkowy 150ml;DermaGlow;Pielęgnacja twarzy;Kremy na dzień;0;109,6;49,32;150ml;0,23;Active;0;Premium
11561;BabySoft Chusteczki Nawilżane 60 szt.;BabySoft;Dziecko;Chusteczki;0;50,99;38,24;szt.;0,23;Active;1;Mid-Market
11562;NutriMax Witaminy Forte 90 kaps.;NutriMax;Suplementy i Zdrowie;Witaminy;0;45,38;24,96;kaps.;0,08;Active;0;Mid-Market
11563;VigorHair Stylizacja Przeciwłupieżowy 400ml;VigorHair;Włosy;Stylizacja;0;61,99;34,09;400ml;0,23;Active;0;Premium
11564;HealthSpark Odporność C 1000mg 60 kaps.;HealthSpark;Suplementy i Zdrowie;Odporność;0;37,23;20,48;kaps.;0,08;Active;0;Economy
11565;PureCare Wkładki Normal 40 szt.;PureCare;Higiena intymna;Wkładki;0;16,95;11,02;szt.;0,23;Active;1;Mid-Market
11566;FreshGlow Wkładki Super 20 szt.;FreshGlow;Higiena intymna;Wkładki;0;22,8;14,82;szt.;0,23;Active;0;Premium
11567;FreshGlow Płyny i żele Ochronny 40 szt.;FreshGlow;Higiena intymna;Płyny i żele;0;10,03;6,52;szt.;0,23;Active;0;Economy
11568;TinyJoy Pieluchy Sensitive 500ml;TinyJoy;Dziecko;Pieluchy;0;51,36;38,52;500ml;0,23;Active;0;Mid-Market
11569;DermaGlow Krem na dzień Z witaminą C 30ml;DermaGlow;Pielęgnacja twarzy;Kremy na dzień;0;112,66;50,7;30ml;0,23;Active;0;Premium
11570;LumiSkin Żele do mycia Nawilżający 150ml;LumiSkin;Pielęgnacja twarzy;Żele do mycia;0;85,81;38,61;150ml;0,23;Active;0;Mid-Market
11571;Aura Care Stylizacja Odbudowujący 250ml;Aura Care;Włosy;Stylizacja;1;57,29;20,05;250ml;0,23;Active;1;Premium
11572;FreshGlow Płyny i żele Super 20 szt.;FreshGlow;Higiena intymna;Płyny i żele;0;21,79;14,16;szt.;0,23;Active;0;Premium
11573;Aura Care Stylizacja Odbudowujący 250ml;Aura Care;Włosy;Stylizacja;1;27,15;9,5;250ml;0,23;Phase-Out;1;Economy
11574;Aura Basic Podpaski Ochronny 20 szt.;Aura Basic;Higiena intymna;Podpaski;1;17,14;7,71;szt.;0,23;Active;0;Mid-Market
11575;Aura Care Szampon Nawilżająca 250ml;Aura Care;Włosy;Szampony;1;52,35;18,32;250ml;0,23;Active;1;Mid-Market
11576;VelvetLine Usta Wodoodporny 15g;VelvetLine;Makijaż;Usta;0;69,33;27,73;15g;0,23;Active;0;Economy
11577;GlamTouch Twarz Rozświetlający 15g;GlamTouch;Makijaż;Twarz;0;69,73;27,89;15g;0,23;Active;1;Economy
11578;BotanicaPro Szampon Nawilżająca 250ml;BotanicaPro;Włosy;Szampony;0;57,47;31,61;250ml;0,23;Active;0;Premium
11579;LumiSkin Sera Nawilżający 30ml;LumiSkin;Pielęgnacja twarzy;Sera;0;45,54;20,49;30ml;0,23;Active;0;Economy
11580;VigorHair Szampon Odbudowujący 400ml;VigorHair;Włosy;Szampony;0;31,48;17,31;400ml;0,23;Active;0;Economy
11581;Aura Basic Podpaski Ochronny 40 szt.;Aura Basic;Higiena intymna;Podpaski;1;10,47;4,71;szt.;0,23;Active;1;Economy
11582;Herbix Szampon Nawilżająca 250ml;Herbix;Włosy;Szampony;0;71,24;39,18;250ml;0,23;Active;1;Premium
11583;Veluria Krem na noc Matujący 30ml;Veluria;Pielęgnacja twarzy;Kremy na noc;0;37,2;16,74;30ml;0,23;Active;0;Economy
11584;BotanicaPro Maski Przeciwłupieżowy 250ml;BotanicaPro;Włosy;Maski;0;43,78;24,08;250ml;0,23;Discontinued;1;Mid-Market
11585;BabySoft Chusteczki Sensitive 60 szt.;BabySoft;Dziecko;Chusteczki;0;17,45;13,09;szt.;0,23;Active;0;Economy
11586;PureCare Wkładki Normal 200ml;PureCare;Higiena intymna;Wkładki;0;23,33;15,16;200ml;0,23;Active;1;Premium
11587;VisagePro Usta Long-lasting 30ml;VisagePro;Makijaż;Usta;0;118,79;47,52;30ml;0,23;Discontinued;0;Premium
11588;LumiSkin Krem na noc Matujący 50ml;LumiSkin;Pielęgnacja twarzy;Kremy na noc;0;54,16;24,37;50ml;0,23;Active;0;Mid-Market
11589;SilkMane Szampon Do farbowanych 400ml;SilkMane;Włosy;Szampony;0;28,61;15,74;400ml;0,23;Active;1;Economy
11590;PureBotanica Sera Z witaminą C 30ml;PureBotanica;Pielęgnacja twarzy;Sera;0;97,19;43,74;30ml;0,23;Active;1;Premium
11591;PureBotanica Żele do mycia Matujący 50ml;PureBotanica;Pielęgnacja twarzy;Żele do mycia;0;54,83;24,67;50ml;0,23;Active;1;Mid-Market
11592;DermaGlow Sera Matujący 150ml;DermaGlow;Pielęgnacja twarzy;Sera;0;57,81;26,01;150ml;0,23;Active;0;Mid-Market
11593;VelvetLine Oczy Rozświetlający 30ml;VelvetLine;Makijaż;Oczy;0;169,4;67,76;30ml;0,23;Active;0;Premium
11594;VisagePro Usta Matujący 15g;VisagePro;Makijaż;Usta;0;51,81;20,72;15g;0,23;Active;0;Economy
11595;Aura Beauty Usta Long-lasting 15g;Aura Beauty;Makijaż;Usta;1;96,12;19,22;15g;0,23;Active;0;Mid-Market
11596;VelvetLine Usta Wodoodporny 15g;VelvetLine;Makijaż;Usta;0;48,51;19,4;15g;0,23;Active;0;Economy
11597;Aura Care Witaminy D3 2000 j.m. 90 kaps.;Aura Care;Suplementy i Zdrowie;Witaminy;1;33,09;9,93;kaps.;0,08;Phase-Out;1;Economy
11598;BotanicaPro Szampon Nawilżająca 250ml;BotanicaPro;Włosy;Szampony;0;54,97;30,23;250ml;0,23;Active;0;Mid-Market
11599;Aura Basic Płyny i żele Kojący 200ml;Aura Basic;Higiena intymna;Płyny i żele;1;19,48;8,77;200ml;0,23;Phase-Out;0;Mid-Market
11600;Aura Beauty Oczy Matujący 8ml;Aura Beauty;Makijaż;Oczy;1;118,48;23,7;8ml;0,23;Active;0;Premium
11601;Aura Care Maski Nawilżająca 250ml;Aura Care;Włosy;Maski;1;30,31;10,61;250ml;0,23;Active;1;Economy
11602;Aura Care Szampon Do farbowanych 400ml;Aura Care;Włosy;Szampony;1;47,71;16,7;400ml;0,23;Active;1;Mid-Market
11603;VisagePro Twarz Wodoodporny 15g;VisagePro;Makijaż;Twarz;0;32,14;12,86;15g;0,23;Active;0;Economy
11604;Aura Care Odżywki Odbudowujący 500ml;Aura Care;Włosy;Odżywki;1;45,43;15,9;500ml;0,23;Active;1;Mid-Market
11605;PureCare Wkładki Kojący 200ml;PureCare;Higiena intymna;Wkładki;0;18,8;12,22;200ml;0,23;Active;1;Mid-Market
11606;Aura Care Krem na noc Przeciwzmarszczkowy 50ml;Aura Care;Pielęgnacja twarzy;Kremy na noc;1;54,29;13,57;50ml;0,23;Phase-Out;1;Mid-Market
11607;DermaGlow Krem na noc Matujący 30ml;DermaGlow;Pielęgnacja twarzy;Kremy na noc;0;70,4;31,68;30ml;0,23;Active;0;Mid-Market
11608;Aura Care Odporność Forte 90 kaps.;Aura Care;Suplementy i Zdrowie;Odporność;1;50,43;15,13;kaps.;0,08;Phase-Out;1;Mid-Market
11609;BotanicaPro Szampon Do farbowanych 400ml;BotanicaPro;Włosy;Szampony;0;61,32;33,73;400ml;0,23;Active;0;Premium
11610;Aura Care Witaminy D3 2000 j.m. 60 kaps.;Aura Care;Suplementy i Zdrowie;Witaminy;1;63,35;19,01;kaps.;0,08;Active;1;Mid-Market
11611;BotanicaPro Odżywki Do farbowanych 400ml;BotanicaPro;Włosy;Odżywki;0;58,35;32,09;400ml;0,23;Active;0;Premium
11612;SoftTouch Wkładki Kojący 20 szt.;SoftTouch;Higiena intymna;Wkładki;0;8,75;5,69;szt.;0,23;Active;0;Economy
11613;NoirElegance EDT Fresh 100ml;NoirElegance;Perfumy;EDT;0;154,55;54,09;100ml;0,23;Active;0;Economy
11614;BabySoft Kosmetyki Sensitive 40 szt.;BabySoft;Dziecko;Kosmetyki;0;37,16;27,87;szt.;0,23;Active;0;Mid-Market
11615;HealthSpark Minerały C 1000mg 30 kaps.;HealthSpark;Suplementy i Zdrowie;Minerały;0;102,06;56,13;kaps.;0,08;Active;0;Premium
11616;PureCare Płyny i żele Ochronny 40 szt.;PureCare;Higiena intymna;Płyny i żele;0;16,7;10,86;szt.;0,23;Active;1;Mid-Market
11617;VisagePro Twarz Long-lasting 15g;VisagePro;Makijaż;Twarz;0;82,46;32,98;15g;0,23;Active;0;Mid-Market
11618;Aura Care Żele do mycia Nawilżający 50ml;Aura Care;Pielęgnacja twarzy;Żele do mycia;1;46,87;11,72;50ml;0,23;Active;1;Economy
11619;Veluria Krem na dzień Nawilżający 50ml;Veluria;Pielęgnacja twarzy;Kremy na dzień;0;18,93;8,52;50ml;0,23;Phase-Out;0;Economy
11620;Herbix Maski Nawilżająca 250ml;Herbix;Włosy;Maski;0;31,54;17,35;250ml;0,23;Phase-Out;1;Economy
11621;VelvetLine Oczy Matujący 8ml;VelvetLine;Makijaż;Oczy;0;146,62;58,65;8ml;0,23;Active;0;Premium
11622;VelvetLine Twarz Long-lasting 30ml;VelvetLine;Makijaż;Twarz;0;124,11;49,64;30ml;0,23;Active;0;Premium
11623;ColorAura Twarz Rozświetlający 30ml;ColorAura;Makijaż;Twarz;0;95,75;38,3;30ml;0,23;Active;0;Mid-Market
11624;VelvetLine Twarz Rozświetlający 30ml;VelvetLine;Makijaż;Twarz;0;143,95;57,58;30ml;0,23;Discontinued;0;Premium
11625;Veluria Sera Przeciwzmarszczkowy 50ml;Veluria;Pielęgnacja twarzy;Sera;0;127,41;57,33;50ml;0,23;Active;0;Premium
11626;Aura Care Odporność C 1000mg 30 kaps.;Aura Care;Suplementy i Zdrowie;Odporność;1;52,49;15,75;kaps.;0,08;Active;1;Mid-Market
11627;Aura Care Szampon Przeciwłupieżowy 500ml;Aura Care;Włosy;Szampony;1;45,54;15,94;500ml;0,23;Active;1;Mid-Market
11628;Aura Basic Podpaski Ochronny 200ml;Aura Basic;Higiena intymna;Podpaski;1;12,71;5,72;200ml;0,23;Active;0;Economy
11629;GlamTouch Oczy Rozświetlający 15g;GlamTouch;Makijaż;Oczy;0;126,15;50,46;15g;0,23;Active;0;Premium
11630;Aura Care Krem na dzień Przeciwzmarszczkowy 50ml;Aura Care;Pielęgnacja twarzy;Kremy na dzień;1;55,04;13,76;50ml;0,23;Active;1;Mid-Market
11631;Veluria Krem na noc Przeciwzmarszczkowy 50ml;Veluria;Pielęgnacja twarzy;Kremy na noc;0;65,49;29,47;50ml;0,23;Active;0;Mid-Market
11632;SoftTouch Płyny i żele Normal 20 szt.;SoftTouch;Higiena intymna;Płyny i żele;0;10,08;6,55;szt.;0,23;Active;0;Economy
11633;Aura Care Żele do mycia Z witaminą C 30ml;Aura Care;Pielęgnacja twarzy;Żele do mycia;1;60,6;15,15;30ml;0,23;Active;1;Mid-Market
11634;BotanicaPro Maski Przeciwłupieżowy 250ml;BotanicaPro;Włosy;Maski;0;33,68;18,52;250ml;0,23;Active;1;Mid-Market
11635;DermaGlow Krem na noc Nawilżający 150ml;DermaGlow;Pielęgnacja twarzy;Kremy na noc;0;132,6;59,67;150ml;0,23;Active;1;Premium
11636;Veluria Krem na noc Przeciwzmarszczkowy 30ml;Veluria;Pielęgnacja twarzy;Kremy na noc;0;99,99;45,0;30ml;0,23;Active;1;Premium
11637;Aura Care Stylizacja Do farbowanych 500ml;Aura Care;Włosy;Stylizacja;1;32,64;11,42;500ml;0,23;Active;1;Economy
11638;TinyJoy Kosmetyki Rozmiar 3 60 szt.;TinyJoy;Dziecko;Kosmetyki;0;41,39;31,04;szt.;0,23;Active;1;Mid-Market
11639;PureTots Pieluchy Sensitive 40 szt.;PureTots;Dziecko;Pieluchy;0;13,18;9,88;szt.;0,23;Phase-Out;0;Economy
11640;Veluria Żele do mycia Przeciwzmarszczkowy 30ml;Veluria;Pielęgnacja twarzy;Żele do mycia;0;104,36;46,96;30ml;0,23;Discontinued;0;Premium
11641;BotanicaPro Szampon Nawilżająca 400ml;BotanicaPro;Włosy;Szampony;0;76,34;41,99;400ml;0,23;Discontinued;1;Premium
11642;PureBotanica Krem na dzień Z witaminą C 50ml;PureBotanica;Pielęgnacja twarzy;Kremy na dzień;0;23,0;10,35;50ml;0,23;Active;1;Economy
11643;VigorHair Maski Nawilżająca 400ml;VigorHair;Włosy;Maski;0;50,34;27,69;400ml;0,23;Active;0;Mid-Market
11644;Aura Care Witaminy Forte 90 kaps.;Aura Care;Suplementy i Zdrowie;Witaminy;1;38,69;11,61;kaps.;0,08;Active;1;Economy
11645;LumiSkin Krem na dzień Matujący 30ml;LumiSkin;Pielęgnacja twarzy;Kremy na dzień;0;32,46;14,61;30ml;0,23;Active;0;Economy
11646;Aura Care Stylizacja Przeciwłupieżowy 500ml;Aura Care;Włosy;Stylizacja;1;55,4;19,39;500ml;0,23;Active;1;Premium
11647;GlamTouch Usta Matujący 30ml;GlamTouch;Makijaż;Usta;0;55,93;22,37;30ml;0,23;Active;1;Economy
11648;FreshGlow Podpaski Kojący 200ml;FreshGlow;Higiena intymna;Podpaski;0;8,7;5,65;200ml;0,23;Active;0;Economy
11649;VelvetLine Twarz Rozświetlający 8ml;VelvetLine;Makijaż;Twarz;0;154,88;61,95;8ml;0,23;Active;0;Premium
11650;Aura Care Odporność Magnez + B6 60 kaps.;Aura Care;Suplementy i Zdrowie;Odporność;1;59,18;17,75;kaps.;0,08;Discontinued;1;Mid-Market
11651;SilkMane Stylizacja Przeciwłupieżowy 500ml;SilkMane;Włosy;Stylizacja;0;38,66;21,26;500ml;0,23;Phase-Out;0;Mid-Market
11652;Aura Care Sera Przeciwzmarszczkowy 150ml;Aura Care;Pielęgnacja twarzy;Sera;1;79,7;19,93;150ml;0,23;Active;1;Mid-Market
11653;PureCare Podpaski Normal 40 szt.;PureCare;Higiena intymna;Podpaski;0;15,44;10,04;szt.;0,23;Active;1;Mid-Market
11654;TinyJoy Chusteczki Rozmiar 3 500ml;TinyJoy;Dziecko;Chusteczki;0;49,53;37,15;500ml;0,23;Active;1;Mid-Market
11655;HealthSpark Odporność D3 2000 j.m. 30 kaps.;HealthSpark;Suplementy i Zdrowie;Odporność;0;59,54;32,75;kaps.;0,08;Active;0;Mid-Market
11656;GlamTouch Twarz Matujący 8ml;GlamTouch;Makijaż;Twarz;0;75,09;30,04;8ml;0,23;Phase-Out;0;Mid-Market
11657;VisagePro Usta Wodoodporny 15g;VisagePro;Makijaż;Usta;0;71,89;28,76;15g;0,23;Active;0;Mid-Market
11658;Aura Care Szampon Do farbowanych 500ml;Aura Care;Włosy;Szampony;1;18,53;6,49;500ml;0,23;Active;1;Economy
11659;BotanicaPro Szampon Do farbowanych 400ml;BotanicaPro;Włosy;Szampony;0;62,54;34,4;400ml;0,23;Active;0;Premium
11660;PureCare Wkładki Ochronny 200ml;PureCare;Higiena intymna;Wkładki;0;20,33;13,21;200ml;0,23;Active;1;Premium
11661;VisagePro Twarz Wodoodporny 30ml;VisagePro;Makijaż;Twarz;0;90,21;36,08;30ml;0,23;Active;1;Mid-Market
11662;SilkMane Maski Odbudowujący 400ml;SilkMane;Włosy;Maski;0;23,39;12,86;400ml;0,23;Active;0;Economy
11663;Veluria Krem na noc Z witaminą C 30ml;Veluria;Pielęgnacja twarzy;Kremy na noc;0;90,63;40,78;30ml;0,23;Active;0;Mid-Market
11664;SilkMane Maski Przeciwłupieżowy 400ml;SilkMane;Włosy;Maski;0;56,82;31,25;400ml;0,23;Active;0;Premium
11665;Aura Care Odporność D3 2000 j.m. 90 kaps.;Aura Care;Suplementy i Zdrowie;Odporność;1;36,71;11,01;kaps.;0,08;Active;1;Economy
11666;GlamTouch Twarz Long-lasting 30ml;GlamTouch;Makijaż;Twarz;0;170,43;68,17;30ml;0,23;Active;0;Premium
11667;SoftTouch Podpaski Ochronny 40 szt.;SoftTouch;Higiena intymna;Podpaski;0;18,89;12,28;szt.;0,23;Active;0;Mid-Market
11668;VigorHair Maski Odbudowujący 400ml;VigorHair;Włosy;Maski;0;68,32;37,58;400ml;0,23;Active;1;Premium
11669;Aura Care Szampon Do farbowanych 250ml;Aura Care;Włosy;Szampony;1;13,47;4,71;250ml;0,23;Phase-Out;1;Economy
11670;Veluria Żele do mycia Przeciwzmarszczkowy 50ml;Veluria;Pielęgnacja twarzy;Żele do mycia;0;92,39;41,58;50ml;0,23;Active;0;Premium
11671;Aura Basic Podpaski Kojący 200ml;Aura Basic;Higiena intymna;Podpaski;1;5,65;2,54;200ml;0,23;Discontinued;0;Economy
11672;ColorAura Twarz Matujący 15g;ColorAura;Makijaż;Twarz;0;88,97;35,59;15g;0,23;Active;0;Mid-Market
11673;DermaGlow Krem na noc Matujący 150ml;DermaGlow;Pielęgnacja twarzy;Kremy na noc;0;20,6;9,27;150ml;0,23;Active;0;Economy
11674;PureCare Podpaski Normal 20 szt.;PureCare;Higiena intymna;Podpaski;0;8,52;5,54;szt.;0,23;Phase-Out;1;Economy
11675;Aura Signatures EDT Intense 30ml;Aura Signatures;Perfumy;EDT;1;107,84;16,18;30ml;0,23;Active;0;Economy
11676;Aura Basic Podpaski Super 20 szt.;Aura Basic;Higiena intymna;Podpaski;1;15,41;6,93;szt.;0,23;Active;0;Mid-Market
11677;Aura Care Sera Z witaminą C 150ml;Aura Care;Pielęgnacja twarzy;Sera;1;81,11;20,28;150ml;0,23;Active;1;Mid-Market
11678;PureBotanica Sera Nawilżający 30ml;PureBotanica;Pielęgnacja twarzy;Sera;0;118,78;53,45;30ml;0,23;Phase-Out;1;Premium
11679;Aura Kids Pieluchy Nawilżane 60 szt.;Aura Kids;Dziecko;Pieluchy;1;15,52;9,31;szt.;0,23;Active;1;Economy
11680;SoftTouch Podpaski Kojący 40 szt.;SoftTouch;Higiena intymna;Podpaski;0;12,78;8,31;szt.;0,23;Active;1;Economy
11681;SilkMane Odżywki Przeciwłupieżowy 250ml;SilkMane;Włosy;Odżywki;0;23,72;13,05;250ml;0,23;Active;0;Economy
11682;VigorHair Szampon Nawilżająca 400ml;VigorHair;Włosy;Szampony;0;78,95;43,42;400ml;0,23;Active;0;Premium
11683;VelvetLine Twarz Matujący 30ml;VelvetLine;Makijaż;Twarz;0;98,56;39,42;30ml;0,23;Active;0;Mid-Market
11684;Herbix Odżywki Odbudowujący 250ml;Herbix;Włosy;Odżywki;0;27,16;14,94;250ml;0,23;Active;1;Economy
11685;Aura Kids Pieluchy Nawilżane 60 szt.;Aura Kids;Dziecko;Pieluchy;1;51,28;30,77;szt.;0,23;Active;1;Mid-Market
11686;VigorHair Maski Do farbowanych 400ml;VigorHair;Włosy;Maski;0;35,77;19,67;400ml;0,23;Active;0;Mid-Market
11687;Aura Care Krem na dzień Przeciwzmarszczkowy 150ml;Aura Care;Pielęgnacja twarzy;Kremy na dzień;1;67,58;16,89;150ml;0,23;Active;1;Mid-Market
11688;Aura Basic Płyny i żele Ochronny 40 szt.;Aura Basic;Higiena intymna;Płyny i żele;1;13,51;6,08;szt.;0,23;Active;0;Mid-Market
11689;SoftTouch Wkładki Super 20 szt.;SoftTouch;Higiena intymna;Wkładki;0;14,62;9,5;szt.;0,23;Active;0;Mid-Market
11690;DermaGlow Żele do mycia Nawilżający 50ml;DermaGlow;Pielęgnacja twarzy;Żele do mycia;0;135,6;61,02;50ml;0,23;Active;0;Premium
11691;DermaGlow Krem na dzień Matujący 150ml;DermaGlow;Pielęgnacja twarzy;Kremy na dzień;0;59,95;26,98;150ml;0,23;Active;0;Mid-Market
11692;SilkMane Stylizacja Nawilżająca 500ml;SilkMane;Włosy;Stylizacja;0;67,76;37,27;500ml;0,23;Active;0;Premium
11693;PureBotanica Sera Matujący 50ml;PureBotanica;Pielęgnacja twarzy;Sera;0;36,58;16,46;50ml;0,23;Active;1;Economy
11694;Aura Basic Płyny i żele Super 40 szt.;Aura Basic;Higiena intymna;Płyny i żele;1;17,04;7,67;szt.;0,23;Active;1;Mid-Market
11695;Aura Basic Podpaski Normal 40 szt.;Aura Basic;Higiena intymna;Podpaski;1;19,02;8,56;szt.;0,23;Active;0;Mid-Market
11696;FreshGlow Wkładki Super 40 szt.;FreshGlow;Higiena intymna;Wkładki;0;15,4;10,01;szt.;0,23;Active;0;Mid-Market
11697;Veluria Krem na dzień Z witaminą C 150ml;Veluria;Pielęgnacja twarzy;Kremy na dzień;0;28,61;12,87;150ml;0,23;Discontinued;0;Economy
11698;Aura Care Żele do mycia Matujący 50ml;Aura Care;Pielęgnacja twarzy;Żele do mycia;1;94,63;23,66;50ml;0,23;Active;1;Premium
11699;PureCare Płyny i żele Normal 40 szt.;PureCare;Higiena intymna;Płyny i żele;0;20,24;13,16;szt.;0,23;Active;1;Premium
11700;FreshGlow Podpaski Kojący 200ml;FreshGlow;Higiena intymna;Podpaski;0;14,71;9,56;200ml;0,23;Active;0;Mid-Market
11701;VigorHair Maski Przeciwłupieżowy 400ml;VigorHair;Włosy;Maski;0;25,65;14,11;400ml;0,23;Phase-Out;0;Economy
11702;DermaGlow Krem na noc Przeciwzmarszczkowy 30ml;DermaGlow;Pielęgnacja twarzy;Kremy na noc;0;86,05;38,72;30ml;0,23;Active;0;Mid-Market
11703;NutriMax Minerały C 1000mg 60 kaps.;NutriMax;Suplementy i Zdrowie;Minerały;0;37,49;20,62;kaps.;0,08;Active;0;Economy
11704;Veluria Krem na noc Nawilżający 30ml;Veluria;Pielęgnacja twarzy;Kremy na noc;0;58,31;26,24;30ml;0,23;Active;0;Mid-Market
11705;Aura Basic Płyny i żele Super 200ml;Aura Basic;Higiena intymna;Płyny i żele;1;15,72;7,07;200ml;0,23;Active;0;Mid-Market
11706;VigorHair Stylizacja Przeciwłupieżowy 500ml;VigorHair;Włosy;Stylizacja;0;44,98;24,74;500ml;0,23;Active;0;Mid-Market
11707;FreshGlow Płyny i żele Ochronny 200ml;FreshGlow;Higiena intymna;Płyny i żele;0;11,76;7,64;200ml;0,23;Phase-Out;0;Economy
11708;VitaCore Minerały Magnez + B6 90 kaps.;VitaCore;Suplementy i Zdrowie;Minerały;0;59,52;32,74;kaps.;0,08;Discontinued;0;Mid-Market
11709;Aura Care Odżywki Przeciwłupieżowy 250ml;Aura Care;Włosy;Odżywki;1;28,43;9,95;250ml;0,23;Active;1;Economy
11710;Herbix Odżywki Do farbowanych 250ml;Herbix;Włosy;Odżywki;0;73,15;40,23;250ml;0,23;Phase-Out;1;Premium
11711;SoftTouch Podpaski Super 40 szt.;SoftTouch;Higiena intymna;Podpaski;0;9,21;5,99;szt.;0,23;Active;0;Economy
11712;Aura Beauty Oczy Rozświetlający 30ml;Aura Beauty;Makijaż;Oczy;1;116,9;23,38;30ml;0,23;Active;0;Premium
11713;BotanicaPro Stylizacja Nawilżająca 250ml;BotanicaPro;Włosy;Stylizacja;0;31,46;17,3;250ml;0,23;Active;0;Economy
11714;Herbix Maski Do farbowanych 400ml;Herbix;Włosy;Maski;0;26,61;14,64;400ml;0,23;Phase-Out;1;Economy
11715;SilkMane Odżywki Przeciwłupieżowy 250ml;SilkMane;Włosy;Odżywki;0;23,71;13,04;250ml;0,23;Active;0;Economy
11716;Aura Kids Chusteczki Rozmiar 4 500ml;Aura Kids;Dziecko;Chusteczki;1;49,7;29,82;500ml;0,23;Active;0;Mid-Market
11717;PureCare Płyny i żele Super 200ml;PureCare;Higiena intymna;Płyny i żele;0;9,53;6,19;200ml;0,23;Active;1;Economy
11718;LumiSkin Krem na dzień Przeciwzmarszczkowy 150ml;LumiSkin;Pielęgnacja twarzy;Kremy na dzień;0;109,09;49,09;150ml;0,23;Active;0;Premium
11719;VisagePro Twarz Wodoodporny 15g;VisagePro;Makijaż;Twarz;0;73,07;29,23;15g;0,23;Active;0;Mid-Market
11720;Aura Care Odżywki Nawilżająca 250ml;Aura Care;Włosy;Odżywki;1;13,9;4,87;250ml;0,23;Active;1;Economy
11721;SoftTouch Wkładki Ochronny 20 szt.;SoftTouch;Higiena intymna;Wkładki;0;15,24;9,91;szt.;0,23;Active;0;Mid-Market
11722;VigorHair Odżywki Nawilżająca 250ml;VigorHair;Włosy;Odżywki;0;13,96;7,68;250ml;0,23;Active;1;Economy
11723;NutriMax Minerały Forte 90 kaps.;NutriMax;Suplementy i Zdrowie;Minerały;0;44,03;24,22;kaps.;0,08;Active;1;Mid-Market
11724;Aura Care Odżywki Przeciwłupieżowy 400ml;Aura Care;Włosy;Odżywki;1;26,03;9,11;400ml;0,23;Active;1;Economy
11725;Aura Care Krem na noc Nawilżający 30ml;Aura Care;Pielęgnacja twarzy;Kremy na noc;1;85,35;21,34;30ml;0,23;Active;1;Mid-Market
11726;Veluria Krem na dzień Matujący 30ml;Veluria;Pielęgnacja twarzy;Kremy na dzień;0;70,51;31,73;30ml;0,23;Phase-Out;0;Mid-Market
11727;Aura Care Żele do mycia Z witaminą C 30ml;Aura Care;Pielęgnacja twarzy;Żele do mycia;1;96,63;24,16;30ml;0,23;Phase-Out;1;Premium
11728;VigorHair Maski Przeciwłupieżowy 400ml;VigorHair;Włosy;Maski;0;55,64;30,6;400ml;0,23;Active;0;Premium
11729;Aura Beauty Twarz Matujący 15g;Aura Beauty;Makijaż;Twarz;1;77,45;15,49;15g;0,23;Active;0;Mid-Market
11730;Aura Care Krem na noc Matujący 30ml;Aura Care;Pielęgnacja twarzy;Kremy na noc;1;82,41;20,6;30ml;0,23;Active;1;Mid-Market
11731;VisagePro Oczy Rozświetlający 8ml;VisagePro;Makijaż;Oczy;0;35,84;14,34;8ml;0,23;Active;0;Economy
11732;BotanicaPro Odżywki Do farbowanych 500ml;BotanicaPro;Włosy;Odżywki;0;51,78;28,48;500ml;0,23;Active;0;Mid-Market
11733;DermaGlow Żele do mycia Nawilżający 50ml;DermaGlow;Pielęgnacja twarzy;Żele do mycia;0;83,59;37,62;50ml;0,23;Active;1;Mid-Market
11734;DermaGlow Sera Nawilżający 30ml;DermaGlow;Pielęgnacja twarzy;Sera;0;47,03;21,16;30ml;0,23;Active;0;Economy
11735;Herbix Odżywki Do farbowanych 250ml;Herbix;Włosy;Odżywki;0;33,77;18,57;250ml;0,23;Active;1;Mid-Market
11736;SilkMane Stylizacja Do farbowanych 250ml;SilkMane;Włosy;Stylizacja;0;16,72;9,2;250ml;0,23;Active;0;Economy
11737;Herbix Stylizacja Nawilżająca 500ml;Herbix;Włosy;Stylizacja;0;21,9;12,04;500ml;0,23;Active;1;Economy
11738;Aura Care Odżywki Odbudowujący 500ml;Aura Care;Włosy;Odżywki;1;50,15;17,55;500ml;0,23;Discontinued;1;Mid-Market
11739;Veluria Krem na noc Przeciwzmarszczkowy 150ml;Veluria;Pielęgnacja twarzy;Kremy na noc;0;83,21;37,44;150ml;0,23;Active;1;Mid-Market
11740;Aura Care Minerały Forte 30 kaps.;Aura Care;Suplementy i Zdrowie;Minerały;1;69,66;20,9;kaps.;0,08;Active;1;Premium
11741;VelvetLine Oczy Rozświetlający 15g;VelvetLine;Makijaż;Oczy;0;120,38;48,15;15g;0,23;Discontinued;0;Premium
11742;Veluria Krem na noc Przeciwzmarszczkowy 150ml;Veluria;Pielęgnacja twarzy;Kremy na noc;0;61,68;27,76;150ml;0,23;Phase-Out;0;Mid-Market
11743;TinyJoy Chusteczki Rozmiar 4 500ml;TinyJoy;Dziecko;Chusteczki;0;41,53;31,15;500ml;0,23;Active;1;Mid-Market
11744;Aura Care Maski Przeciwłupieżowy 250ml;Aura Care;Włosy;Maski;1;46,88;16,41;250ml;0,23;Active;1;Mid-Market
11745;Aura Basic Płyny i żele Super 20 szt.;Aura Basic;Higiena intymna;Płyny i żele;1;8,85;3,98;szt.;0,23;Active;0;Economy
11746;BotanicaPro Stylizacja Do farbowanych 400ml;BotanicaPro;Włosy;Stylizacja;0;66,0;36,3;400ml;0,23;Active;0;Premium
11747;DermaGlow Sera Z witaminą C 150ml;DermaGlow;Pielęgnacja twarzy;Sera;0;99,96;44,98;150ml;0,23;Active;1;Premium
11748;BotanicaPro Maski Przeciwłupieżowy 400ml;BotanicaPro;Włosy;Maski;0;52,08;28,64;400ml;0,23;Active;0;Mid-Market
11749;Veluria Krem na noc Przeciwzmarszczkowy 50ml;Veluria;Pielęgnacja twarzy;Kremy na noc;0;97,52;43,88;50ml;0,23;Phase-Out;1;Premium
11750;SoftTouch Wkładki Ochronny 20 szt.;SoftTouch;Higiena intymna;Wkładki;0;24,87;16,17;szt.;0,23;Active;0;Premium
11751;VitaCore Odporność Magnez + B6 30 kaps.;VitaCore;Suplementy i Zdrowie;Odporność;0;79,42;43,68;kaps.;0,08;Phase-Out;0;Premium
11752;ScentMaison EDT Pour Homme 30ml;ScentMaison;Perfumy;EDT;0;166,88;58,41;30ml;0,23;Active;0;Economy
11753;FreshGlow Podpaski Normal 40 szt.;FreshGlow;Higiena intymna;Podpaski;0;10,05;6,53;szt.;0,23;Active;1;Economy
11754;VisagePro Usta Long-lasting 8ml;VisagePro;Makijaż;Usta;0;49,39;19,76;8ml;0,23;Active;1;Economy
11755;Herbix Maski Przeciwłupieżowy 400ml;Herbix;Włosy;Maski;0;73,08;40,19;400ml;0,23;Active;1;Premium
11756;SoftTouch Płyny i żele Ochronny 20 szt.;SoftTouch;Higiena intymna;Płyny i żele;0;23,28;15,13;szt.;0,23;Active;1;Premium
11757;Aura Care Minerały Magnez + B6 90 kaps.;Aura Care;Suplementy i Zdrowie;Minerały;1;52,01;15,6;kaps.;0,08;Active;1;Mid-Market
11758;DermaGlow Żele do mycia Z witaminą C 50ml;DermaGlow;Pielęgnacja twarzy;Żele do mycia;0;104,98;47,24;50ml;0,23;Active;0;Premium
11759;HealthSpark Minerały Magnez + B6 30 kaps.;HealthSpark;Suplementy i Zdrowie;Minerały;0;64,7;35,59;kaps.;0,08;Active;1;Mid-Market
11760;BotanicaPro Szampon Nawilżająca 400ml;BotanicaPro;Włosy;Szampony;0;25,64;14,1;400ml;0,23;Active;0;Economy
11761;VisagePro Oczy Rozświetlający 15g;VisagePro;Makijaż;Oczy;0;115,4;46,16;15g;0,23;Active;0;Premium
11762;Aura Basic Płyny i żele Normal 40 szt.;Aura Basic;Higiena intymna;Płyny i żele;1;16,2;7,29;szt.;0,23;Active;0;Mid-Market
11763;PureTots Pieluchy Sensitive 60 szt.;PureTots;Dziecko;Pieluchy;0;40,66;30,49;szt.;0,23;Active;0;Mid-Market
11764;Veluria Żele do mycia Matujący 50ml;Veluria;Pielęgnacja twarzy;Żele do mycia;0;34,81;15,66;50ml;0,23;Active;0;Economy
11765;BotanicaPro Szampon Do farbowanych 250ml;BotanicaPro;Włosy;Szampony;0;67,54;37,15;250ml;0,23;Active;0;Premium
11766;FreshGlow Wkładki Normal 40 szt.;FreshGlow;Higiena intymna;Wkładki;0;10,02;6,51;szt.;0,23;Active;1;Economy
11767;SoftTouch Wkładki Normal 20 szt.;SoftTouch;Higiena intymna;Wkładki;0;19,2;12,48;szt.;0,23;Active;0;Mid-Market
11768;DermaGlow Sera Z witaminą C 30ml;DermaGlow;Pielęgnacja twarzy;Sera;0;22,23;10,0;30ml;0,23;Active;0;Economy
11769;TinyJoy Pieluchy Rozmiar 4 60 szt.;TinyJoy;Dziecko;Pieluchy;0;12,84;9,63;szt.;0,23;Active;0;Economy
11770;Aura Kids Chusteczki Rozmiar 3 60 szt.;Aura Kids;Dziecko;Chusteczki;1;37,51;22,51;szt.;0,23;Active;0;Mid-Market
11771;Herbix Odżywki Nawilżająca 250ml;Herbix;Włosy;Odżywki;0;73,05;40,18;250ml;0,23;Active;1;Premium
11772;PureCare Podpaski Super 40 szt.;PureCare;Higiena intymna;Podpaski;0;25,23;16,4;szt.;0,23;Active;1;Premium
11773;BabySoft Chusteczki Rozmiar 3 500ml;BabySoft;Dziecko;Chusteczki;0;74,16;55,62;500ml;0,23;Active;1;Premium
11774;VigorHair Szampon Nawilżająca 500ml;VigorHair;Włosy;Szampony;0;13,6;7,48;500ml;0,23;Phase-Out;0;Economy
11775;Aura Care Odżywki Nawilżająca 400ml;Aura Care;Włosy;Odżywki;1;53,34;18,67;400ml;0,23;Active;1;Mid-Market
11776;SilkMane Szampon Do farbowanych 400ml;SilkMane;Włosy;Szampony;0;67,11;36,91;400ml;0,23;Active;0;Premium
11777;DermaGlow Sera Z witaminą C 150ml;DermaGlow;Pielęgnacja twarzy;Sera;0;56,28;25,33;150ml;0,23;Active;0;Mid-Market
11778;PureBotanica Żele do mycia Matujący 50ml;PureBotanica;Pielęgnacja twarzy;Żele do mycia;0;94,28;42,43;50ml;0,23;Active;1;Premium
11779;Aura Care Krem na dzień Przeciwzmarszczkowy 30ml;Aura Care;Pielęgnacja twarzy;Kremy na dzień;1;55,32;13,83;30ml;0,23;Active;1;Mid-Market
11780;Herbix Stylizacja Odbudowujący 400ml;Herbix;Włosy;Stylizacja;0;50,82;27,95;400ml;0,23;Active;1;Mid-Market
11781;BotanicaPro Odżywki Przeciwłupieżowy 500ml;BotanicaPro;Włosy;Odżywki;0;19,64;10,8;500ml;0,23;Active;0;Economy
11782;SilkMane Szampon Do farbowanych 250ml;SilkMane;Włosy;Szampony;0;32,02;17,61;250ml;0,23;Active;0;Economy
11783;Aura Care Szampon Do farbowanych 500ml;Aura Care;Włosy;Szampony;1;20,11;7,04;500ml;0,23;Active;1;Economy
11784;PureBotanica Żele do mycia Przeciwzmarszczkowy 50ml;PureBotanica;Pielęgnacja twarzy;Żele do mycia;0;134,83;60,67;50ml;0,23;Discontinued;1;Premium
11785;PureTots Chusteczki Sensitive 500ml;PureTots;Dziecko;Chusteczki;0;70,21;52,66;500ml;0,23;Active;0;Premium
11786;Herbix Maski Odbudowujący 500ml;Herbix;Włosy;Maski;0;44,63;24,55;500ml;0,23;Active;1;Mid-Market
11787;Aura Basic Płyny i żele Kojący 200ml;Aura Basic;Higiena intymna;Płyny i żele;1;14,42;6,49;200ml;0,23;Active;1;Mid-Market
11788;PureBotanica Żele do mycia Z witaminą C 30ml;PureBotanica;Pielęgnacja twarzy;Żele do mycia;0;24,25;10,91;30ml;0,23;Active;1;Economy
11789;DermaGlow Krem na noc Nawilżający 50ml;DermaGlow;Pielęgnacja twarzy;Kremy na noc;0;102,99;46,35;50ml;0,23;Active;0;Premium
11790;BotanicaPro Stylizacja Nawilżająca 250ml;BotanicaPro;Włosy;Stylizacja;0;39,35;21,64;250ml;0,23;Discontinued;0;Mid-Market
11791;BabySoft Chusteczki Rozmiar 3 40 szt.;BabySoft;Dziecko;Chusteczki;0;36,97;27,73;szt.;0,23;Active;1;Mid-Market
11792;FreshGlow Płyny i żele Normal 40 szt.;FreshGlow;Higiena intymna;Płyny i żele;0;21,77;14,15;szt.;0,23;Active;0;Premium
11793;BotanicaPro Odżywki Nawilżająca 400ml;BotanicaPro;Włosy;Odżywki;0;54,67;30,07;400ml;0,23;Active;0;Mid-Market
11794;SoftTouch Podpaski Ochronny 40 szt.;SoftTouch;Higiena intymna;Podpaski;0;20,36;13,23;szt.;0,23;Active;0;Premium
11795;Aura Care Odporność D3 2000 j.m. 30 kaps.;Aura Care;Suplementy i Zdrowie;Odporność;1;28,85;8,66;kaps.;0,08;Active;1;Economy
11796;Aura Beauty Usta Matujący 8ml;Aura Beauty;Makijaż;Usta;1;100,55;20,11;8ml;0,23;Active;0;Mid-Market
11797;PureBotanica Krem na noc Z witaminą C 150ml;PureBotanica;Pielęgnacja twarzy;Kremy na noc;0;51,11;23,0;150ml;0,23;Phase-Out;1;Economy
11798;Aura Beauty Oczy Rozświetlający 30ml;Aura Beauty;Makijaż;Oczy;1;109,66;21,93;30ml;0,23;Active;0;Mid-Market
11799;PureCare Wkładki Super 40 szt.;PureCare;Higiena intymna;Wkładki;0;13,25;8,61;szt.;0,23;Active;1;Mid-Market
11800;Aura Care Krem na noc Nawilżający 30ml;Aura Care;Pielęgnacja twarzy;Kremy na noc;1;77,16;19,29;30ml;0,23;Active;1;Mid-Market
11801;PureTots Kosmetyki Rozmiar 3 40 szt.;PureTots;Dziecko;Kosmetyki;0;46,61;34,96;szt.;0,23;Active;0;Mid-Market
11802;BotanicaPro Stylizacja Do farbowanych 400ml;BotanicaPro;Włosy;Stylizacja;0;25,33;13,93;400ml;0,23;Active;0;Economy
11803;Herbix Stylizacja Odbudowujący 500ml;Herbix;Włosy;Stylizacja;0;61,02;33,56;500ml;0,23;Active;1;Premium
11804;NoirElegance EDP Fresh 30ml;NoirElegance;Perfumy;EDP;0;229,61;80,36;30ml;0,23;Phase-Out;0;Mid-Market
11805;VelvetLine Usta Rozświetlający 30ml;VelvetLine;Makijaż;Usta;0;128,12;51,25;30ml;0,23;Active;0;Premium
11806;NutriMax Odporność C 1000mg 60 kaps.;NutriMax;Suplementy i Zdrowie;Odporność;0;49,62;27,29;kaps.;0,08;Active;0;Mid-Market
11807;Veluria Żele do mycia Matujący 30ml;Veluria;Pielęgnacja twarzy;Żele do mycia;0;67,4;30,33;30ml;0,23;Active;0;Mid-Market
11808;DermaGlow Sera Nawilżający 150ml;DermaGlow;Pielęgnacja twarzy;Sera;0;101,94;45,87;150ml;0,23;Active;0;Premium
11809;DermaGlow Krem na noc Nawilżający 50ml;DermaGlow;Pielęgnacja twarzy;Kremy na noc;0;23,4;10,53;50ml;0,23;Active;0;Economy
11810;TinyJoy Chusteczki Sensitive 60 szt.;TinyJoy;Dziecko;Chusteczki;0;64,43;48,32;szt.;0,23;Phase-Out;1;Premium
11811;Veluria Krem na noc Z witaminą C 150ml;Veluria;Pielęgnacja twarzy;Kremy na noc;0;88,33;39,75;150ml;0,23;Active;0;Mid-Market
11812;PureTots Pieluchy Nawilżane 60 szt.;PureTots;Dziecko;Pieluchy;0;28,67;21,5;szt.;0,23;Active;0;Economy
11813;Herbix Maski Przeciwłupieżowy 250ml;Herbix;Włosy;Maski;0;42,86;23,57;250ml;0,23;Active;1;Mid-Market
11814;PureTots Pieluchy Sensitive 60 szt.;PureTots;Dziecko;Pieluchy;0;22,31;16,73;szt.;0,23;Active;0;Economy
11815;LumiSkin Krem na noc Nawilżający 50ml;LumiSkin;Pielęgnacja twarzy;Kremy na noc;0;98,0;44,1;50ml;0,23;Active;0;Premium
11816;Aura Care Sera Przeciwzmarszczkowy 50ml;Aura Care;Pielęgnacja twarzy;Sera;1;47,46;11,87;50ml;0,23;Active;1;Economy
11817;VigorHair Odżywki Przeciwłupieżowy 500ml;VigorHair;Włosy;Odżywki;0;30,32;16,68;500ml;0,23;Active;0;Economy
11818;Aura Kids Chusteczki Rozmiar 4 500ml;Aura Kids;Dziecko;Chusteczki;1;21,27;12,76;500ml;0,23;Active;0;Economy
11819;BotanicaPro Maski Do farbowanych 500ml;BotanicaPro;Włosy;Maski;0;33,04;18,17;500ml;0,23;Active;0;Economy
11820;VelvetLine Oczy Matujący 30ml;VelvetLine;Makijaż;Oczy;0;56,95;22,78;30ml;0,23;Active;0;Economy
11821;Aura Care Odporność Magnez + B6 90 kaps.;Aura Care;Suplementy i Zdrowie;Odporność;1;49,18;14,75;kaps.;0,08;Active;1;Mid-Market
11822;LumiSkin Sera Nawilżający 30ml;LumiSkin;Pielęgnacja twarzy;Sera;0;95,86;43,14;30ml;0,23;Phase-Out;0;Premium
11823;TinyJoy Pieluchy Sensitive 60 szt.;TinyJoy;Dziecko;Pieluchy;0;60,91;45,68;szt.;0,23;Active;0;Premium
11824;DermaGlow Krem na noc Przeciwzmarszczkowy 150ml;DermaGlow;Pielęgnacja twarzy;Kremy na noc;0;76,71;34,52;150ml;0,23;Active;0;Mid-Market
11825;Aura Care Minerały C 1000mg 30 kaps.;Aura Care;Suplementy i Zdrowie;Minerały;1;65,68;19,7;kaps.;0,08;Active;1;Mid-Market
11826;Aura Care Krem na noc Nawilżający 50ml;Aura Care;Pielęgnacja twarzy;Kremy na noc;1;72,74;18,18;50ml;0,23;Active;1;Mid-Market
11827;Veluria Krem na dzień Matujący 50ml;Veluria;Pielęgnacja twarzy;Kremy na dzień;0;133,95;60,28;50ml;0,23;Active;0;Premium
11828;Herbix Odżywki Przeciwłupieżowy 500ml;Herbix;Włosy;Odżywki;0;33,32;18,33;500ml;0,23;Active;1;Mid-Market
11829;VigorHair Szampon Do farbowanych 500ml;VigorHair;Włosy;Szampony;0;59,69;32,83;500ml;0,23;Active;1;Premium
11830;Veluria Sera Z witaminą C 30ml;Veluria;Pielęgnacja twarzy;Sera;0;103,92;46,76;30ml;0,23;Active;0;Premium
11831;NutriMax Minerały C 1000mg 90 kaps.;NutriMax;Suplementy i Zdrowie;Minerały;0;31,6;17,38;kaps.;0,08;Active;1;Economy
11832;Aura Care Odżywki Nawilżająca 500ml;Aura Care;Włosy;Odżywki;1;61,95;21,68;500ml;0,23;Active;1;Premium
11833;Aura Care Krem na noc Matujący 150ml;Aura Care;Pielęgnacja twarzy;Kremy na noc;1;15,12;3,78;150ml;0,23;Active;1;Economy
11834;LumiSkin Krem na noc Z witaminą C 30ml;LumiSkin;Pielęgnacja twarzy;Kremy na noc;0;39,27;17,67;30ml;0,23;Active;0;Economy
11835;VigorHair Stylizacja Przeciwłupieżowy 250ml;VigorHair;Włosy;Stylizacja;0;15,38;8,46;250ml;0,23;Active;0;Economy
11836;BabySoft Pieluchy Nawilżane 500ml;BabySoft;Dziecko;Pieluchy;0;26,35;19,76;500ml;0,23;Active;0;Economy
11837;BotanicaPro Szampon Nawilżająca 400ml;BotanicaPro;Włosy;Szampony;0;17,58;9,67;400ml;0,23;Active;0;Economy
11838;SilkMane Szampon Przeciwłupieżowy 400ml;SilkMane;Włosy;Szampony;0;66,37;36,5;400ml;0,23;Active;0;Premium
11839;Aura Basic Podpaski Kojący 20 szt.;Aura Basic;Higiena intymna;Podpaski;1;9,28;4,18;szt.;0,23;Active;0;Economy
11840;ColorAura Oczy Long-lasting 15g;ColorAura;Makijaż;Oczy;0;102,77;41,11;15g;0,23;Active;0;Mid-Market
11841;PureCare Podpaski Ochronny 200ml;PureCare;Higiena intymna;Podpaski;0;15,22;9,89;200ml;0,23;Discontinued;1;Mid-Market
11842;VigorHair Stylizacja Nawilżająca 500ml;VigorHair;Włosy;Stylizacja;0;27,51;15,13;500ml;0,23;Active;0;Economy
11843;Aura Care Sera Z witaminą C 50ml;Aura Care;Pielęgnacja twarzy;Sera;1;57,67;14,42;50ml;0,23;Phase-Out;1;Mid-Market
11844;BotanicaPro Stylizacja Do farbowanych 250ml;BotanicaPro;Włosy;Stylizacja;0;43,07;23,69;250ml;0,23;Phase-Out;0;Mid-Market
11845;PureTots Pieluchy Rozmiar 4 500ml;PureTots;Dziecko;Pieluchy;0;65,28;48,96;500ml;0,23;Active;0;Premium
11846;PureTots Chusteczki Sensitive 500ml;PureTots;Dziecko;Chusteczki;0;74,24;55,68;500ml;0,23;Active;1;Premium
11847;GlamTouch Twarz Matujący 30ml;GlamTouch;Makijaż;Twarz;0;157,07;62,83;30ml;0,23;Active;1;Premium
11848;FreshGlow Podpaski Super 200ml;FreshGlow;Higiena intymna;Podpaski;0;14,43;9,38;200ml;0,23;Active;0;Mid-Market
11849;Veluria Żele do mycia Nawilżający 50ml;Veluria;Pielęgnacja twarzy;Żele do mycia;0;102,81;46,26;50ml;0,23;Active;0;Premium
11850;BabySoft Chusteczki Rozmiar 3 40 szt.;BabySoft;Dziecko;Chusteczki;0;13,02;9,77;szt.;0,23;Active;0;Economy
11851;SoftTouch Wkładki Ochronny 20 szt.;SoftTouch;Higiena intymna;Wkładki;0;12,33;8,01;szt.;0,23;Active;0;Economy
11852;DermaGlow Żele do mycia Matujący 50ml;DermaGlow;Pielęgnacja twarzy;Żele do mycia;0;65,54;29,49;50ml;0,23;Active;0;Mid-Market
11853;FreshGlow Wkładki Kojący 200ml;FreshGlow;Higiena intymna;Wkładki;0;14,63;9,51;200ml;0,23;Active;1;Mid-Market
11854;SilkMane Maski Odbudowujący 400ml;SilkMane;Włosy;Maski;0;57,72;31,75;400ml;0,23;Active;0;Premium
11855;PureTots Pieluchy Rozmiar 4 500ml;PureTots;Dziecko;Pieluchy;0;72,23;54,17;500ml;0,23;Active;0;Premium
11856;Aura Kids Pieluchy Sensitive 40 szt.;Aura Kids;Dziecko;Pieluchy;1;58,2;34,92;szt.;0,23;Active;0;Premium
11857;Herbix Odżywki Do farbowanych 500ml;Herbix;Włosy;Odżywki;0;74,63;41,05;500ml;0,23;Active;1;Premium
11858;PureCare Podpaski Kojący 200ml;PureCare;Higiena intymna;Podpaski;0;18,13;11,78;200ml;0,23;Active;1;Mid-Market
11859;Herbix Maski Nawilżająca 500ml;Herbix;Włosy;Maski;0;75,34;41,44;500ml;0,23;Active;1;Premium
11860;Aura Basic Podpaski Kojący 200ml;Aura Basic;Higiena intymna;Podpaski;1;11,66;5,25;200ml;0,23;Active;0;Economy
11861;Aura Care Odporność Forte 30 kaps.;Aura Care;Suplementy i Zdrowie;Odporność;1;30,6;9,18;kaps.;0,08;Active;1;Economy
11862;VelvetLine Usta Long-lasting 8ml;VelvetLine;Makijaż;Usta;0;142,64;57,06;8ml;0,23;Active;0;Premium
11863;DermaGlow Sera Z witaminą C 30ml;DermaGlow;Pielęgnacja twarzy;Sera;0;81,09;36,49;30ml;0,23;Active;0;Mid-Market
11864;HealthSpark Witaminy C 1000mg 30 kaps.;HealthSpark;Suplementy i Zdrowie;Witaminy;0;33,79;18,58;kaps.;0,08;Active;0;Economy
11865;Aura Care Krem na noc Nawilżający 50ml;Aura Care;Pielęgnacja twarzy;Kremy na noc;1;28,92;7,23;50ml;0,23;Active;1;Economy
11866;ColorAura Usta Wodoodporny 30ml;ColorAura;Makijaż;Usta;0;156,16;62,46;30ml;0,23;Active;0;Premium
11867;PureBotanica Krem na dzień Nawilżający 150ml;PureBotanica;Pielęgnacja twarzy;Kremy na dzień;0;132,01;59,4;150ml;0,23;Active;1;Premium
11868;DermaGlow Żele do mycia Przeciwzmarszczkowy 150ml;DermaGlow;Pielęgnacja twarzy;Żele do mycia;0;78,8;35,46;150ml;0,23;Active;0;Mid-Market
11869;HealthSpark Witaminy Forte 90 kaps.;HealthSpark;Suplementy i Zdrowie;Witaminy;0;54,93;30,21;kaps.;0,08;Active;0;Mid-Market
11870;Aura Basic Wkładki Kojący 40 szt.;Aura Basic;Higiena intymna;Wkładki;1;11,77;5,3;szt.;0,23;Active;0;Economy
11871;VelvetLine Twarz Long-lasting 30ml;VelvetLine;Makijaż;Twarz;0;33,81;13,52;30ml;0,23;Active;1;Economy
11872;GlamTouch Usta Rozświetlający 30ml;GlamTouch;Makijaż;Usta;0;138,26;55,3;30ml;0,23;Active;0;Premium
11873;HealthSpark Odporność D3 2000 j.m. 90 kaps.;HealthSpark;Suplementy i Zdrowie;Odporność;0;48,38;26,61;kaps.;0,08;Active;0;Mid-Market
11874;BabySoft Kosmetyki Sensitive 500ml;BabySoft;Dziecko;Kosmetyki;0;48,72;36,54;500ml;0,23;Active;0;Mid-Market
11875;VelvetLine Usta Long-lasting 8ml;VelvetLine;Makijaż;Usta;0;90,3;36,12;8ml;0,23;Active;1;Mid-Market
11876;DermaGlow Krem na noc Przeciwzmarszczkowy 50ml;DermaGlow;Pielęgnacja twarzy;Kremy na noc;0;82,82;37,27;50ml;0,23;Active;0;Mid-Market
11877;Herbix Odżywki Nawilżająca 500ml;Herbix;Włosy;Odżywki;0;23,29;12,81;500ml;0,23;Active;1;Economy
11878;Aura Care Minerały C 1000mg 30 kaps.;Aura Care;Suplementy i Zdrowie;Minerały;1;72,77;21,83;kaps.;0,08;Active;1;Premium
11879;Aura Care Szampon Do farbowanych 400ml;Aura Care;Włosy;Szampony;1;19,47;6,81;400ml;0,23;Discontinued;1;Economy
11880;BotanicaPro Maski Przeciwłupieżowy 400ml;BotanicaPro;Włosy;Maski;0;56,37;31,0;400ml;0,23;Active;0;Premium
11881;GlamTouch Usta Rozświetlający 8ml;GlamTouch;Makijaż;Usta;0;95,51;38,2;8ml;0,23;Active;1;Mid-Market
11882;DermaGlow Krem na dzień Matujący 50ml;DermaGlow;Pielęgnacja twarzy;Kremy na dzień;0;136,74;61,53;50ml;0,23;Active;1;Premium
11883;Aura Care Sera Z witaminą C 50ml;Aura Care;Pielęgnacja twarzy;Sera;1;92,76;23,19;50ml;0,23;Active;1;Premium
11884;BotanicaPro Stylizacja Nawilżająca 400ml;BotanicaPro;Włosy;Stylizacja;0;58,44;32,14;400ml;0,23;Active;0;Premium
11885;DermaGlow Krem na dzień Nawilżający 150ml;DermaGlow;Pielęgnacja twarzy;Kremy na dzień;0;34,22;15,4;150ml;0,23;Active;0;Economy
11886;SilkMane Odżywki Przeciwłupieżowy 400ml;SilkMane;Włosy;Odżywki;0;27,91;15,35;400ml;0,23;Phase-Out;0;Economy
11887;GlamTouch Twarz Rozświetlający 30ml;GlamTouch;Makijaż;Twarz;0;128,42;51,37;30ml;0,23;Active;0;Premium
11888;FreshGlow Płyny i żele Normal 200ml;FreshGlow;Higiena intymna;Płyny i żele;0;12,03;7,82;200ml;0,23;Active;0;Economy
11889;Herbix Szampon Odbudowujący 500ml;Herbix;Włosy;Szampony;0;34,19;18,8;500ml;0,23;Active;1;Mid-Market
11890;BotanicaPro Odżywki Przeciwłupieżowy 500ml;BotanicaPro;Włosy;Odżywki;0;40,29;22,16;500ml;0,23;Active;0;Mid-Market
11891;Aura Care Sera Nawilżający 30ml;Aura Care;Pielęgnacja twarzy;Sera;1;46,77;11,69;30ml;0,23;Active;1;Economy
11892;Aura Care Żele do mycia Z witaminą C 30ml;Aura Care;Pielęgnacja twarzy;Żele do mycia;1;68,29;17,07;30ml;0,23;Active;1;Mid-Market
11893;PureCare Płyny i żele Super 20 szt.;PureCare;Higiena intymna;Płyny i żele;0;14,04;9,13;szt.;0,23;Active;1;Mid-Market
11894;SoftTouch Wkładki Normal 20 szt.;SoftTouch;Higiena intymna;Wkładki;0;16,11;10,47;szt.;0,23;Active;0;Mid-Market
11895;Veluria Krem na noc Przeciwzmarszczkowy 50ml;Veluria;Pielęgnacja twarzy;Kremy na noc;0;32,09;14,44;50ml;0,23;Phase-Out;1;Economy
11896;Aura Beauty Twarz Matujący 8ml;Aura Beauty;Makijaż;Twarz;1;38,44;7,69;8ml;0,23;Active;0;Economy
11897;SilkMane Odżywki Przeciwłupieżowy 500ml;SilkMane;Włosy;Odżywki;0;33,2;18,26;500ml;0,23;Active;1;Mid-Market
11898;VelvetAroma EDT Intense 50ml;VelvetAroma;Perfumy;EDT;0;276,25;96,69;50ml;0,23;Active;0;Mid-Market
11899;PureBotanica Krem na noc Z witaminą C 50ml;PureBotanica;Pielęgnacja twarzy;Kremy na noc;0;87,23;39,25;50ml;0,23;Active;1;Mid-Market
11900;VigorHair Stylizacja Do farbowanych 500ml;VigorHair;Włosy;Stylizacja;0;39,69;21,83;500ml;0,23;Active;0;Mid-Market
11901;Aura Kids Chusteczki Rozmiar 3 40 szt.;Aura Kids;Dziecko;Chusteczki;1;41,03;24,62;szt.;0,23;Active;0;Mid-Market
11902;VelvetLine Twarz Matujący 8ml;VelvetLine;Makijaż;Twarz;0;143,23;57,29;8ml;0,23;Active;0;Premium
11903;FreshGlow Podpaski Normal 40 szt.;FreshGlow;Higiena intymna;Podpaski;0;9,96;6,47;szt.;0,23;Active;0;Economy
11904;Aura Basic Podpaski Kojący 200ml;Aura Basic;Higiena intymna;Podpaski;1;7,03;3,16;200ml;0,23;Active;0;Economy
11905;BotanicaPro Maski Przeciwłupieżowy 250ml;BotanicaPro;Włosy;Maski;0;32,64;17,95;250ml;0,23;Active;0;Economy
11906;VelvetLine Oczy Long-lasting 30ml;VelvetLine;Makijaż;Oczy;0;147,42;58,97;30ml;0,23;Active;0;Premium
11907;VisagePro Usta Wodoodporny 15g;VisagePro;Makijaż;Usta;0;32,36;12,94;15g;0,23;Active;0;Economy
11908;BotanicaPro Odżywki Przeciwłupieżowy 250ml;BotanicaPro;Włosy;Odżywki;0;71,76;39,47;250ml;0,23;Active;0;Premium
11909;BotanicaPro Stylizacja Do farbowanych 500ml;BotanicaPro;Włosy;Stylizacja;0;15,66;8,61;500ml;0,23;Active;0;Economy
11910;SoftTouch Wkładki Kojący 40 szt.;SoftTouch;Higiena intymna;Wkładki;0;17,3;11,25;szt.;0,23;Active;0;Mid-Market
11911;ColorAura Usta Rozświetlający 30ml;ColorAura;Makijaż;Usta;0;63,57;25,43;30ml;0,23;Active;0;Economy
11912;PureBotanica Sera Przeciwzmarszczkowy 150ml;PureBotanica;Pielęgnacja twarzy;Sera;0;52,65;23,69;150ml;0,23;Phase-Out;1;Mid-Market
11913;BotanicaPro Odżywki Do farbowanych 500ml;BotanicaPro;Włosy;Odżywki;0;64,29;35,36;500ml;0,23;Active;0;Premium
11914;Aura Care Szampon Do farbowanych 500ml;Aura Care;Włosy;Szampony;1;41,59;14,56;500ml;0,23;Active;1;Mid-Market
11915;LumiSkin Żele do mycia Przeciwzmarszczkowy 30ml;LumiSkin;Pielęgnacja twarzy;Żele do mycia;0;24,75;11,14;30ml;0,23;Active;0;Economy
11916;HealthSpark Odporność Magnez + B6 30 kaps.;HealthSpark;Suplementy i Zdrowie;Odporność;0;78,89;43,39;kaps.;0,08;Active;0;Premium
11917;Aura Care Krem na dzień Nawilżający 30ml;Aura Care;Pielęgnacja twarzy;Kremy na dzień;1;82,03;20,51;30ml;0,23;Active;1;Mid-Market
11918;VelvetLine Usta Wodoodporny 8ml;VelvetLine;Makijaż;Usta;0;158,69;63,48;8ml;0,23;Phase-Out;0;Premium
11919;ColorAura Oczy Rozświetlający 30ml;ColorAura;Makijaż;Oczy;0;29,43;11,77;30ml;0,23;Active;0;Economy
11920;ColorAura Oczy Rozświetlający 8ml;ColorAura;Makijaż;Oczy;0;121,57;48,63;8ml;0,23;Active;0;Premium
11921;PureCare Podpaski Super 200ml;PureCare;Higiena intymna;Podpaski;0;24,64;16,02;200ml;0,23;Active;1;Premium
11922;Veluria Sera Przeciwzmarszczkowy 50ml;Veluria;Pielęgnacja twarzy;Sera;0;46,67;21,0;50ml;0,23;Active;0;Economy
11923;BotanicaPro Maski Przeciwłupieżowy 400ml;BotanicaPro;Włosy;Maski;0;33,76;18,57;400ml;0,23;Active;0;Mid-Market
11924;VigorHair Stylizacja Do farbowanych 500ml;VigorHair;Włosy;Stylizacja;0;55,18;30,35;500ml;0,23;Active;0;Premium
11925;BotanicaPro Szampon Odbudowujący 250ml;BotanicaPro;Włosy;Szampony;0;16,15;8,88;250ml;0,23;Active;0;Economy
11926;BabySoft Kosmetyki Sensitive 500ml;BabySoft;Dziecko;Kosmetyki;0;48,6;36,45;500ml;0,23;Active;0;Mid-Market
11927;Veluria Sera Z witaminą C 150ml;Veluria;Pielęgnacja twarzy;Sera;0;91,42;41,14;150ml;0,23;Active;0;Mid-Market
11928;Veluria Krem na noc Przeciwzmarszczkowy 50ml;Veluria;Pielęgnacja twarzy;Kremy na noc;0;138,03;62,11;50ml;0,23;Active;0;Premium
11929;PureTots Kosmetyki Rozmiar 4 500ml;PureTots;Dziecko;Kosmetyki;0;73,32;54,99;500ml;0,23;Phase-Out;0;Premium
11930;Aura Care Krem na noc Matujący 50ml;Aura Care;Pielęgnacja twarzy;Kremy na noc;1;15,18;3,79;50ml;0,23;Active;1;Economy
11931;VelvetLine Usta Rozświetlający 15g;VelvetLine;Makijaż;Usta;0;85,57;34,23;15g;0,23;Active;0;Mid-Market
11932;Veluria Żele do mycia Nawilżający 150ml;Veluria;Pielęgnacja twarzy;Żele do mycia;0;113,03;50,86;150ml;0,23;Active;0;Premium
11933;VigorHair Szampon Nawilżająca 500ml;VigorHair;Włosy;Szampony;0;22,2;12,21;500ml;0,23;Active;0;Economy
11934;Veluria Krem na noc Przeciwzmarszczkowy 30ml;Veluria;Pielęgnacja twarzy;Kremy na noc;0;44,36;19,96;30ml;0,23;Active;0;Economy
11935;VelvetLine Usta Matujący 8ml;VelvetLine;Makijaż;Usta;0;84,38;33,75;8ml;0,23;Active;1;Mid-Market
11936;Aura Basic Płyny i żele Super 200ml;Aura Basic;Higiena intymna;Płyny i żele;1;18,74;8,43;200ml;0,23;Discontinued;0;Mid-Market
11937;Aura Care Krem na dzień Nawilżający 30ml;Aura Care;Pielęgnacja twarzy;Kremy na dzień;1;76,78;19,2;30ml;0,23;Active;1;Mid-Market
11938;Veluria Sera Matujący 30ml;Veluria;Pielęgnacja twarzy;Sera;0;63,06;28,38;30ml;0,23;Active;0;Mid-Market
11939;Aura Beauty Usta Rozświetlający 30ml;Aura Beauty;Makijaż;Usta;1;55,86;11,17;30ml;0,23;Active;0;Economy
11940;HealthSpark Odporność C 1000mg 90 kaps.;HealthSpark;Suplementy i Zdrowie;Odporność;0;99,84;54,91;kaps.;0,08;Active;0;Premium
11941;HealthSpark Witaminy D3 2000 j.m. 60 kaps.;HealthSpark;Suplementy i Zdrowie;Witaminy;0;35,12;19,32;kaps.;0,08;Active;0;Economy
11942;TinyJoy Kosmetyki Rozmiar 3 500ml;TinyJoy;Dziecko;Kosmetyki;0;73,07;54,8;500ml;0,23;Active;0;Premium
11943;Aura Care Maski Nawilżająca 400ml;Aura Care;Włosy;Maski;1;22,95;8,03;400ml;0,23;Discontinued;1;Economy
11944;VelvetLine Oczy Long-lasting 8ml;VelvetLine;Makijaż;Oczy;0;101,84;40,74;8ml;0,23;Active;0;Mid-Market
11945;Aura Basic Płyny i żele Super 40 szt.;Aura Basic;Higiena intymna;Płyny i żele;1;7,46;3,36;szt.;0,23;Discontinued;0;Economy
11946;SilkMane Szampon Odbudowujący 500ml;SilkMane;Włosy;Szampony;0;71,69;39,43;500ml;0,23;Active;0;Premium
11947;ColorAura Oczy Long-lasting 15g;ColorAura;Makijaż;Oczy;0;28,46;11,38;15g;0,23;Active;0;Economy
11948;Aura Basic Wkładki Normal 200ml;Aura Basic;Higiena intymna;Wkładki;1;20,22;9,1;200ml;0,23;Active;0;Premium
11949;PureBotanica Żele do mycia Przeciwzmarszczkowy 50ml;PureBotanica;Pielęgnacja twarzy;Żele do mycia;0;100,3;45,13;50ml;0,23;Active;1;Premium
11950;FreshGlow Wkładki Super 40 szt.;FreshGlow;Higiena intymna;Wkładki;0;17,22;11,19;szt.;0,23;Active;0;Mid-Market
11951;Aura Care Maski Odbudowujący 400ml;Aura Care;Włosy;Maski;1;61,11;21,39;400ml;0,23;Active;1;Premium
11952;Aura Care Krem na noc Z witaminą C 30ml;Aura Care;Pielęgnacja twarzy;Kremy na noc;1;52,24;13,06;30ml;0,23;Active;1;Economy
11953;Aura Basic Wkładki Normal 40 szt.;Aura Basic;Higiena intymna;Wkładki;1;18,61;8,37;szt.;0,23;Active;0;Mid-Market
11954;VisagePro Twarz Rozświetlający 30ml;VisagePro;Makijaż;Twarz;0;80,73;32,29;30ml;0,23;Active;0;Mid-Market
11955;VisagePro Twarz Matujący 8ml;VisagePro;Makijaż;Twarz;0;63,63;25,45;8ml;0,23;Active;0;Economy
11956;ColorAura Twarz Long-lasting 15g;ColorAura;Makijaż;Twarz;0;34,92;13,97;15g;0,23;Active;0;Economy
11957;Aura Care Sera Z witaminą C 150ml;Aura Care;Pielęgnacja twarzy;Sera;1;58,87;14,72;150ml;0,23;Active;1;Mid-Market
11958;PureBotanica Sera Nawilżający 50ml;PureBotanica;Pielęgnacja twarzy;Sera;0;99,64;44,84;50ml;0,23;Active;1;Premium
11959;SilkMane Maski Nawilżająca 250ml;SilkMane;Włosy;Maski;0;15,88;8,73;250ml;0,23;Active;0;Economy
11960;VisagePro Twarz Rozświetlający 8ml;VisagePro;Makijaż;Twarz;0;167,2;66,88;8ml;0,23;Active;0;Premium
11961;VisagePro Twarz Wodoodporny 8ml;VisagePro;Makijaż;Twarz;0;161,18;64,47;8ml;0,23;Active;1;Premium
11962;PureBotanica Krem na noc Przeciwzmarszczkowy 150ml;PureBotanica;Pielęgnacja twarzy;Kremy na noc;0;99,29;44,68;150ml;0,23;Active;1;Premium
11963;Aura Care Krem na dzień Nawilżający 150ml;Aura Care;Pielęgnacja twarzy;Kremy na dzień;1;109,13;27,28;150ml;0,23;Phase-Out;1;Premium
11964;DermaGlow Żele do mycia Przeciwzmarszczkowy 150ml;DermaGlow;Pielęgnacja twarzy;Żele do mycia;0;60,43;27,19;150ml;0,23;Active;0;Mid-Market
11965;Aura Basic Podpaski Normal 20 szt.;Aura Basic;Higiena intymna;Podpaski;1;6,07;2,73;szt.;0,23;Phase-Out;0;Economy
11966;SilkMane Szampon Odbudowujący 500ml;SilkMane;Włosy;Szampony;0;23,23;12,78;500ml;0,23;Phase-Out;0;Economy
11967;FreshGlow Wkładki Ochronny 20 szt.;FreshGlow;Higiena intymna;Wkładki;0;7,21;4,69;szt.;0,23;Active;0;Economy
11968;VitaCore Minerały C 1000mg 30 kaps.;VitaCore;Suplementy i Zdrowie;Minerały;0;93,45;51,4;kaps.;0,08;Active;0;Premium
11969;Aura Signatures EDT Fresh 100ml;Aura Signatures;Perfumy;EDT;1;286,7;43,01;100ml;0,23;Active;1;Mid-Market
11970;VigorHair Stylizacja Do farbowanych 250ml;VigorHair;Włosy;Stylizacja;0;59,41;32,68;250ml;0,23;Active;0;Premium
11971;BotanicaPro Stylizacja Do farbowanych 250ml;BotanicaPro;Włosy;Stylizacja;0;79,23;43,58;250ml;0,23;Phase-Out;0;Premium
11972;Aura Kids Pieluchy Nawilżane 500ml;Aura Kids;Dziecko;Pieluchy;1;54,52;32,71;500ml;0,23;Active;0;Mid-Market
11973;DermaGlow Krem na dzień Matujący 150ml;DermaGlow;Pielęgnacja twarzy;Kremy na dzień;0;45,84;20,63;150ml;0,23;Active;0;Economy
11974;VigorHair Odżywki Nawilżająca 400ml;VigorHair;Włosy;Odżywki;0;72,99;40,14;400ml;0,23;Active;0;Premium
11975;FreshGlow Płyny i żele Super 200ml;FreshGlow;Higiena intymna;Płyny i żele;0;22,9;14,88;200ml;0,23;Active;0;Premium
11976;PureBotanica Krem na noc Z witaminą C 30ml;PureBotanica;Pielęgnacja twarzy;Kremy na noc;0;60,75;27,34;30ml;0,23;Active;1;Mid-Market
11977;NutriMax Witaminy C 1000mg 60 kaps.;NutriMax;Suplementy i Zdrowie;Witaminy;0;62,06;34,13;kaps.;0,08;Active;0;Mid-Market
11978;PureBotanica Sera Matujący 150ml;PureBotanica;Pielęgnacja twarzy;Sera;0;108,92;49,01;150ml;0,23;Active;1;Premium
11979;DermaGlow Krem na noc Przeciwzmarszczkowy 50ml;DermaGlow;Pielęgnacja twarzy;Kremy na noc;0;125,91;56,66;50ml;0,23;Active;1;Premium
11980;VelvetLine Usta Matujący 8ml;VelvetLine;Makijaż;Usta;0;68,43;27,37;8ml;0,23;Active;0;Economy
11981;Aura Care Stylizacja Nawilżająca 250ml;Aura Care;Włosy;Stylizacja;1;63,24;22,13;250ml;0,23;Phase-Out;1;Premium
11982;VitaCore Odporność Forte 60 kaps.;VitaCore;Suplementy i Zdrowie;Odporność;0;41,66;22,91;kaps.;0,08;Active;0;Economy
11983;DermaGlow Krem na dzień Przeciwzmarszczkowy 30ml;DermaGlow;Pielęgnacja twarzy;Kremy na dzień;0;45,31;20,39;30ml;0,23;Active;0;Economy
11984;VelvetLine Oczy Wodoodporny 30ml;VelvetLine;Makijaż;Oczy;0;160,71;64,28;30ml;0,23;Active;0;Premium
11985;SilkMane Stylizacja Do farbowanych 400ml;SilkMane;Włosy;Stylizacja;0;55,51;30,53;400ml;0,23;Active;0;Premium
11986;DermaGlow Krem na noc Matujący 30ml;DermaGlow;Pielęgnacja twarzy;Kremy na noc;0;65,48;29,47;30ml;0,23;Active;0;Mid-Market
11987;LumiSkin Krem na dzień Przeciwzmarszczkowy 30ml;LumiSkin;Pielęgnacja twarzy;Kremy na dzień;0;86,07;38,73;30ml;0,23;Active;0;Mid-Market
11988;HealthSpark Minerały Forte 30 kaps.;HealthSpark;Suplementy i Zdrowie;Minerały;0;51,8;28,49;kaps.;0,08;Active;0;Mid-Market
11989;PureBotanica Żele do mycia Z witaminą C 50ml;PureBotanica;Pielęgnacja twarzy;Żele do mycia;0;117,95;53,08;50ml;0,23;Active;1;Premium
11990;Aura Kids Kosmetyki Rozmiar 4 60 szt.;Aura Kids;Dziecko;Kosmetyki;1;15,22;9,13;szt.;0,23;Active;0;Economy
11991;DermaGlow Sera Z witaminą C 30ml;DermaGlow;Pielęgnacja twarzy;Sera;0;62,01;27,9;30ml;0,23;Active;0;Mid-Market
11992;Herbix Maski Nawilżająca 250ml;Herbix;Włosy;Maski;0;37,53;20,64;250ml;0,23;Active;1;Mid-Market
11993;BotanicaPro Maski Przeciwłupieżowy 500ml;BotanicaPro;Włosy;Maski;0;25,8;14,19;500ml;0,23;Active;0;Economy
11994;SoftTouch Podpaski Ochronny 200ml;SoftTouch;Higiena intymna;Podpaski;0;8,18;5,32;200ml;0,23;Active;1;Economy
11995;SoftTouch Podpaski Normal 200ml;SoftTouch;Higiena intymna;Podpaski;0;11,56;7,51;200ml;0,23;Active;0;Economy
11996;DermaGlow Krem na dzień Nawilżający 50ml;DermaGlow;Pielęgnacja twarzy;Kremy na dzień;0;111,99;50,4;50ml;0,23;Active;0;Premium
11997;PureBotanica Krem na noc Nawilżający 30ml;PureBotanica;Pielęgnacja twarzy;Kremy na noc;0;57,42;25,84;30ml;0,23;Active;1;Mid-Market
11998;Aura Care Krem na dzień Matujący 150ml;Aura Care;Pielęgnacja twarzy;Kremy na dzień;1;42,32;10,58;150ml;0,23;Active;1;Economy
11999;SoftTouch Płyny i żele Kojący 20 szt.;SoftTouch;Higiena intymna;Płyny i żele;0;12,23;7,95;szt.;0,23;Active;0;Economy
12000;ColorAura Usta Matujący 30ml;ColorAura;Makijaż;Usta;0;137,72;55,09;30ml;0,23;Active;0;Premium
12001;LumiSkin Sera Nawilżający 30ml;LumiSkin;Pielęgnacja twarzy;Sera;0;21,07;9,48;30ml;0,23;Active;0;Economy
12002;GlamTouch Twarz Wodoodporny 8ml;GlamTouch;Makijaż;Twarz;0;148,38;59,35;8ml;0,23;Active;0;Premium
12003;PureCare Płyny i żele Ochronny 20 szt.;PureCare;Higiena intymna;Płyny i żele;0;21,73;14,12;szt.;0,23;Active;1;Premium
12004;VitaCore Odporność C 1000mg 90 kaps.;VitaCore;Suplementy i Zdrowie;Odporność;0;55,16;30,34;kaps.;0,08;Active;0;Mid-Market
12005;GlamTouch Twarz Wodoodporny 8ml;GlamTouch;Makijaż;Twarz;0;79,18;31,67;8ml;0,23;Active;0;Mid-Market
12006;Aura Care Odżywki Nawilżająca 500ml;Aura Care;Włosy;Odżywki;1;35,67;12,48;500ml;0,23;Phase-Out;1;Mid-Market
12007;GlamTouch Usta Rozświetlający 30ml;GlamTouch;Makijaż;Usta;0;158,27;63,31;30ml;0,23;Active;1;Premium
12008;Aura Care Krem na noc Nawilżający 30ml;Aura Care;Pielęgnacja twarzy;Kremy na noc;1;84,98;21,25;30ml;0,23;Phase-Out;1;Mid-Market
12009;VitaCore Witaminy Magnez + B6 60 kaps.;VitaCore;Suplementy i Zdrowie;Witaminy;0;78,51;43,18;kaps.;0,08;Active;0;Premium
12010;SoftTouch Podpaski Super 200ml;SoftTouch;Higiena intymna;Podpaski;0;7,18;4,67;200ml;0,23;Active;0;Economy
12011;PureCare Wkładki Kojący 200ml;PureCare;Higiena intymna;Wkładki;0;27,7;18,0;200ml;0,23;Active;1;Premium
12012;SilkMane Odżywki Do farbowanych 500ml;SilkMane;Włosy;Odżywki;0;44,45;24,45;500ml;0,23;Active;0;Mid-Market
12013;BotanicaPro Stylizacja Odbudowujący 500ml;BotanicaPro;Włosy;Stylizacja;0;27,73;15,25;500ml;0,23;Discontinued;0;Economy
12014;VigorHair Odżywki Do farbowanych 250ml;VigorHair;Włosy;Odżywki;0;47,94;26,37;250ml;0,23;Active;0;Mid-Market
12015;NoirElegance EDP Intense 50ml;NoirElegance;Perfumy;EDP;0;350,69;122,74;50ml;0,23;Active;0;Premium
12016;LumiSkin Krem na noc Nawilżający 50ml;LumiSkin;Pielęgnacja twarzy;Kremy na noc;0;95,31;42,89;50ml;0,23;Active;1;Premium
12017;LumiSkin Sera Matujący 30ml;LumiSkin;Pielęgnacja twarzy;Sera;0;74,83;33,67;30ml;0,23;Active;0;Mid-Market
12018;Aura Basic Podpaski Ochronny 20 szt.;Aura Basic;Higiena intymna;Podpaski;1;18,22;8,2;szt.;0,23;Active;0;Mid-Market
12019;PureCare Płyny i żele Super 200ml;PureCare;Higiena intymna;Płyny i żele;0;11,11;7,22;200ml;0,23;Active;1;Economy
12020;Veluria Krem na noc Matujący 50ml;Veluria;Pielęgnacja twarzy;Kremy na noc;0;74,68;33,61;50ml;0,23;Active;1;Mid-Market
12021;Aura Basic Płyny i żele Normal 200ml;Aura Basic;Higiena intymna;Płyny i żele;1;7,58;3,41;200ml;0,23;Active;0;Economy
12022;Aura Care Krem na noc Matujący 50ml;Aura Care;Pielęgnacja twarzy;Kremy na noc;1;95,23;23,81;50ml;0,23;Active;1;Premium
12023;Aura Care Żele do mycia Z witaminą C 30ml;Aura Care;Pielęgnacja twarzy;Żele do mycia;1;86,7;21,68;30ml;0,23;Phase-Out;1;Mid-Market
12024;VigorHair Maski Odbudowujący 500ml;VigorHair;Włosy;Maski;0;70,98;39,04;500ml;0,23;Active;0;Premium
12025;ScentMaison EDP Pour Femme 50ml;ScentMaison;Perfumy;EDP;0;199,12;69,69;50ml;0,23;Active;0;Mid-Market
12026;Aura Care Żele do mycia Matujący 150ml;Aura Care;Pielęgnacja twarzy;Żele do mycia;1;25,39;6,35;150ml;0,23;Active;1;Economy
12027;VigorHair Maski Odbudowujący 250ml;VigorHair;Włosy;Maski;0;18,73;10,3;250ml;0,23;Active;0;Economy
12028;BotanicaPro Maski Nawilżająca 500ml;BotanicaPro;Włosy;Maski;0;77,54;42,65;500ml;0,23;Active;0;Premium
12029;Aura Signatures EDP Pour Homme 100ml;Aura Signatures;Perfumy;EDP;1;266,0;39,9;100ml;0,23;Active;0;Mid-Market
12030;ColorAura Oczy Matujący 15g;ColorAura;Makijaż;Oczy;0;73,25;29,3;15g;0,23;Active;0;Mid-Market
12031;VelvetLine Usta Rozświetlający 8ml;VelvetLine;Makijaż;Usta;0;64,4;25,76;8ml;0,23;Active;0;Economy
12032;FreshGlow Wkładki Normal 40 szt.;FreshGlow;Higiena intymna;Wkładki;0;27,09;17,61;szt.;0,23;Active;0;Premium
12033;NutriMax Witaminy Magnez + B6 60 kaps.;NutriMax;Suplementy i Zdrowie;Witaminy;0;77,58;42,67;kaps.;0,08;Active;0;Premium
12034;Aura Care Witaminy C 1000mg 60 kaps.;Aura Care;Suplementy i Zdrowie;Witaminy;1;73,4;22,02;kaps.;0,08;Active;1;Premium
12035;SoftTouch Płyny i żele Ochronny 40 szt.;SoftTouch;Higiena intymna;Płyny i żele;0;22,75;14,79;szt.;0,23;Active;0;Premium
12036;PureTots Kosmetyki Rozmiar 4 500ml;PureTots;Dziecko;Kosmetyki;0;49,21;36,91;500ml;0,23;Active;0;Mid-Market
12037;Aura Care Szampon Przeciwłupieżowy 500ml;Aura Care;Włosy;Szampony;1;63,62;22,27;500ml;0,23;Discontinued;1;Premium
12038;VitaCore Witaminy C 1000mg 30 kaps.;VitaCore;Suplementy i Zdrowie;Witaminy;0;65,71;36,14;kaps.;0,08;Active;0;Mid-Market
12039;Herbix Maski Nawilżająca 250ml;Herbix;Włosy;Maski;0;56,88;31,28;250ml;0,23;Active;1;Premium
12040;Aura Beauty Oczy Matujący 30ml;Aura Beauty;Makijaż;Oczy;1;109,5;21,9;30ml;0,23;Active;0;Mid-Market
12041;DermaGlow Żele do mycia Nawilżający 150ml;DermaGlow;Pielęgnacja twarzy;Żele do mycia;0;49,52;22,28;150ml;0,23;Active;0;Economy
12042;Aura Care Krem na dzień Matujący 50ml;Aura Care;Pielęgnacja twarzy;Kremy na dzień;1;46,02;11,51;50ml;0,23;Active;1;Economy
12043;Herbix Szampon Do farbowanych 400ml;Herbix;Włosy;Szampony;0;25,84;14,21;400ml;0,23;Active;1;Economy
12044;Veluria Krem na dzień Matujący 150ml;Veluria;Pielęgnacja twarzy;Kremy na dzień;0;104,45;47,0;150ml;0,23;Active;0;Premium
12045;FreshGlow Płyny i żele Normal 200ml;FreshGlow;Higiena intymna;Płyny i żele;0;18,52;12,04;200ml;0,23;Active;0;Mid-Market
12046;BabySoft Kosmetyki Nawilżane 60 szt.;BabySoft;Dziecko;Kosmetyki;0;30,9;23,17;szt.;0,23;Phase-Out;0;Economy
12047;SoftTouch Podpaski Ochronny 20 szt.;SoftTouch;Higiena intymna;Podpaski;0;14,22;9,24;szt.;0,23;Active;0;Mid-Market
12048;SoftTouch Wkładki Super 20 szt.;SoftTouch;Higiena intymna;Wkładki;0;21,81;14,18;szt.;0,23;Active;0;Premium
12049;Aura Care Szampon Przeciwłupieżowy 500ml;Aura Care;Włosy;Szampony;1;57,08;19,98;500ml;0,23;Active;1;Premium
12050;Aura Care Krem na noc Przeciwzmarszczkowy 50ml;Aura Care;Pielęgnacja twarzy;Kremy na noc;1;31,94;7,99;50ml;0,23;Active;1;Economy
12051;SilkMane Odżywki Nawilżająca 250ml;SilkMane;Włosy;Odżywki;0;64,87;35,68;250ml;0,23;Active;0;Premium
12052;Aura Care Krem na noc Przeciwzmarszczkowy 30ml;Aura Care;Pielęgnacja twarzy;Kremy na noc;1;64,14;16,04;30ml;0,23;Active;1;Mid-Market
12053;Aura Kids Pieluchy Rozmiar 3 40 szt.;Aura Kids;Dziecko;Pieluchy;1;30,84;18,5;szt.;0,23;Active;0;Economy
12054;LumiSkin Krem na noc Nawilżający 50ml;LumiSkin;Pielęgnacja twarzy;Kremy na noc;0;103,72;46,67;50ml;0,23;Active;0;Premium
12055;BabySoft Kosmetyki Sensitive 60 szt.;BabySoft;Dziecko;Kosmetyki;0;40,68;30,51;szt.;0,23;Phase-Out;0;Mid-Market
12056;Aura Basic Płyny i żele Normal 200ml;Aura Basic;Higiena intymna;Płyny i żele;1;21,97;9,89;200ml;0,23;Active;0;Premium
12057;Aura Basic Wkładki Super 200ml;Aura Basic;Higiena intymna;Wkładki;1;12,3;5,54;200ml;0,23;Active;0;Economy
12058;VigorHair Odżywki Do farbowanych 500ml;VigorHair;Włosy;Odżywki;0;48,35;26,59;500ml;0,23;Active;0;Mid-Market
12059;SoftTouch Wkładki Ochronny 200ml;SoftTouch;Higiena intymna;Wkładki;0;12,42;8,07;200ml;0,23;Active;0;Economy
12060;BotanicaPro Odżywki Nawilżająca 500ml;BotanicaPro;Włosy;Odżywki;0;18,77;10,32;500ml;0,23;Active;0;Economy
12061;Herbix Stylizacja Do farbowanych 500ml;Herbix;Włosy;Stylizacja;0;33,8;18,59;500ml;0,23;Active;1;Mid-Market
12062;Aura Care Sera Matujący 30ml;Aura Care;Pielęgnacja twarzy;Sera;1;40,36;10,09;30ml;0,23;Phase-Out;1;Economy
12063;VelvetLine Twarz Rozświetlający 15g;VelvetLine;Makijaż;Twarz;0;150,82;60,33;15g;0,23;Active;0;Premium
12064;VelvetLine Oczy Wodoodporny 8ml;VelvetLine;Makijaż;Oczy;0;127,87;51,15;8ml;0,23;Active;1;Premium
12065;PureCare Podpaski Super 200ml;PureCare;Higiena intymna;Podpaski;0;17,38;11,3;200ml;0,23;Active;1;Mid-Market
12066;PureBotanica Krem na noc Z witaminą C 150ml;PureBotanica;Pielęgnacja twarzy;Kremy na noc;0;89,9;40,45;150ml;0,23;Active;1;Mid-Market
12067;VisagePro Oczy Matujący 8ml;VisagePro;Makijaż;Oczy;0;104,98;41,99;8ml;0,23;Phase-Out;0;Mid-Market
12068;Aura Care Maski Nawilżająca 500ml;Aura Care;Włosy;Maski;1;33,32;11,66;500ml;0,23;Active;1;Mid-Market
12069;HealthSpark Witaminy C 1000mg 90 kaps.;HealthSpark;Suplementy i Zdrowie;Witaminy;0;61,0;33,55;kaps.;0,08;Active;0;Mid-Market
12070;Aura Care Szampon Przeciwłupieżowy 250ml;Aura Care;Włosy;Szampony;1;32,1;11,23;250ml;0,23;Active;1;Economy
12071;TinyJoy Kosmetyki Nawilżane 40 szt.;TinyJoy;Dziecko;Kosmetyki;0;69,53;52,15;szt.;0,23;Active;0;Premium
12072;SoftTouch Wkładki Super 20 szt.;SoftTouch;Higiena intymna;Wkładki;0;17,39;11,3;szt.;0,23;Phase-Out;0;Mid-Market
12073;DermaGlow Krem na dzień Nawilżający 150ml;DermaGlow;Pielęgnacja twarzy;Kremy na dzień;0;112,74;50,73;150ml;0,23;Active;0;Premium
12074;Veluria Żele do mycia Matujący 150ml;Veluria;Pielęgnacja twarzy;Żele do mycia;0;127,84;57,53;150ml;0,23;Active;0;Premium
12075;Aura Care Maski Odbudowujący 400ml;Aura Care;Włosy;Maski;1;24,0;8,4;400ml;0,23;Active;1;Economy
12076;SoftTouch Płyny i żele Ochronny 20 szt.;SoftTouch;Higiena intymna;Płyny i żele;0;22,11;14,37;szt.;0,23;Active;0;Premium
12077;ColorAura Twarz Long-lasting 15g;ColorAura;Makijaż;Twarz;0;96,88;38,75;15g;0,23;Active;0;Mid-Market
12078;VigorHair Odżywki Nawilżająca 250ml;VigorHair;Włosy;Odżywki;0;31,1;17,11;250ml;0,23;Active;0;Economy
12079;FreshGlow Podpaski Kojący 200ml;FreshGlow;Higiena intymna;Podpaski;0;8,02;5,21;200ml;0,23;Active;0;Economy
12080;Veluria Sera Nawilżający 150ml;Veluria;Pielęgnacja twarzy;Sera;0;50,7;22,81;150ml;0,23;Active;0;Economy
12081;Veluria Krem na noc Nawilżający 50ml;Veluria;Pielęgnacja twarzy;Kremy na noc;0;108,21;48,69;50ml;0,23;Active;0;Premium
12082;LumiSkin Krem na dzień Nawilżający 150ml;LumiSkin;Pielęgnacja twarzy;Kremy na dzień;0;25,15;11,32;150ml;0,23;Active;0;Economy
12083;Herbix Maski Nawilżająca 500ml;Herbix;Włosy;Maski;0;56,31;30,97;500ml;0,23;Active;1;Premium
12084;Veluria Żele do mycia Przeciwzmarszczkowy 150ml;Veluria;Pielęgnacja twarzy;Żele do mycia;0;49,96;22,48;150ml;0,23;Active;0;Economy
12085;PureBotanica Krem na dzień Przeciwzmarszczkowy 150ml;PureBotanica;Pielęgnacja twarzy;Kremy na dzień;0;75,67;34,05;150ml;0,23;Active;1;Mid-Market
12086;VelvetAroma EDP Pour Homme 30ml;VelvetAroma;Perfumy;EDP;0;367,47;128,61;30ml;0,23;Active;0;Premium
12087;VisagePro Usta Matujący 15g;VisagePro;Makijaż;Usta;0;104,26;41,7;15g;0,23;Discontinued;1;Mid-Market
12088;LumiSkin Krem na dzień Matujący 30ml;LumiSkin;Pielęgnacja twarzy;Kremy na dzień;0;93,43;42,04;30ml;0,23;Active;0;Premium
12089;HealthSpark Odporność Forte 90 kaps.;HealthSpark;Suplementy i Zdrowie;Odporność;0;85,11;46,81;kaps.;0,08;Active;0;Premium
12090;SilkMane Stylizacja Przeciwłupieżowy 400ml;SilkMane;Włosy;Stylizacja;0;55,85;30,72;400ml;0,23;Active;0;Premium
12091;ColorAura Twarz Wodoodporny 30ml;ColorAura;Makijaż;Twarz;0;110,18;44,07;30ml;0,23;Active;0;Mid-Market
12092;VigorHair Odżywki Odbudowujący 400ml;VigorHair;Włosy;Odżywki;0;20,24;11,13;400ml;0,23;Active;0;Economy
12093;VigorHair Odżywki Przeciwłupieżowy 250ml;VigorHair;Włosy;Odżywki;0;17,4;9,57;250ml;0,23;Discontinued;0;Economy
12094;Aura Care Żele do mycia Matujący 50ml;Aura Care;Pielęgnacja twarzy;Żele do mycia;1;53,0;13,25;50ml;0,23;Active;1;Mid-Market
12095;Aura Basic Podpaski Normal 200ml;Aura Basic;Higiena intymna;Podpaski;1;13,56;6,1;200ml;0,23;Active;0;Mid-Market
12096;SilkMane Odżywki Nawilżająca 400ml;SilkMane;Włosy;Odżywki;0;78,67;43,27;400ml;0,23;Active;0;Premium
12097;FreshGlow Podpaski Normal 20 szt.;FreshGlow;Higiena intymna;Podpaski;0;15,38;10,0;szt.;0,23;Active;0;Mid-Market
12098;SoftTouch Wkładki Super 200ml;SoftTouch;Higiena intymna;Wkładki;0;15,22;9,89;200ml;0,23;Active;1;Mid-Market
12099;SilkMane Maski Do farbowanych 500ml;SilkMane;Włosy;Maski;0;52,97;29,13;500ml;0,23;Active;0;Mid-Market
12100;VitaCore Odporność D3 2000 j.m. 30 kaps.;VitaCore;Suplementy i Zdrowie;Odporność;0;92,18;50,7;kaps.;0,08;Active;0;Premium
12101;PureBotanica Żele do mycia Nawilżający 30ml;PureBotanica;Pielęgnacja twarzy;Żele do mycia;0;136,81;61,56;30ml;0,23;Active;1;Premium
12102;Aura Care Krem na dzień Z witaminą C 150ml;Aura Care;Pielęgnacja twarzy;Kremy na dzień;1;34,51;8,63;150ml;0,23;Active;1;Economy
12103;Aura Beauty Twarz Matujący 8ml;Aura Beauty;Makijaż;Twarz;1;40,19;8,04;8ml;0,23;Active;0;Economy
12104;Veluria Żele do mycia Nawilżający 30ml;Veluria;Pielęgnacja twarzy;Żele do mycia;0;41,61;18,72;30ml;0,23;Active;0;Economy
12105;VigorHair Stylizacja Do farbowanych 250ml;VigorHair;Włosy;Stylizacja;0;43,36;23,85;250ml;0,23;Discontinued;0;Mid-Market
12106;LumiSkin Żele do mycia Przeciwzmarszczkowy 50ml;LumiSkin;Pielęgnacja twarzy;Żele do mycia;0;129,53;58,29;50ml;0,23;Active;0;Premium
12107;SilkMane Maski Do farbowanych 500ml;SilkMane;Włosy;Maski;0;46,14;25,38;500ml;0,23;Active;0;Mid-Market
12108;DermaGlow Krem na dzień Z witaminą C 30ml;DermaGlow;Pielęgnacja twarzy;Kremy na dzień;0;76,02;34,21;30ml;0,23;Active;0;Mid-Market
12109;Aura Basic Podpaski Normal 20 szt.;Aura Basic;Higiena intymna;Podpaski;1;5,46;2,46;szt.;0,23;Active;1;Economy
12110;VelvetLine Oczy Long-lasting 8ml;VelvetLine;Makijaż;Oczy;0;70,95;28,38;8ml;0,23;Active;0;Mid-Market
12111;Aura Care Odporność Forte 30 kaps.;Aura Care;Suplementy i Zdrowie;Odporność;1;83,41;25,02;kaps.;0,08;Active;1;Premium
12112;ColorAura Oczy Rozświetlający 8ml;ColorAura;Makijaż;Oczy;0;97,61;39,04;8ml;0,23;Active;0;Mid-Market
12113;Aura Basic Płyny i żele Super 40 szt.;Aura Basic;Higiena intymna;Płyny i żele;1;11,83;5,32;szt.;0,23;Active;1;Economy
12114;PureCare Wkładki Super 200ml;PureCare;Higiena intymna;Wkładki;0;28,39;18,45;200ml;0,23;Active;1;Premium
12115;Herbix Stylizacja Przeciwłupieżowy 400ml;Herbix;Włosy;Stylizacja;0;77,91;42,85;400ml;0,23;Active;1;Premium
12116;VisagePro Oczy Wodoodporny 8ml;VisagePro;Makijaż;Oczy;0;165,21;66,08;8ml;0,23;Active;0;Premium
12117;LumiSkin Żele do mycia Matujący 50ml;LumiSkin;Pielęgnacja twarzy;Żele do mycia;0;41,0;18,45;50ml;0,23;Active;0;Economy
12118;VigorHair Szampon Przeciwłupieżowy 250ml;VigorHair;Włosy;Szampony;0;76,52;42,09;250ml;0,23;Active;0;Premium
12119;Aura Care Odżywki Odbudowujący 400ml;Aura Care;Włosy;Odżywki;1;32,81;11,48;400ml;0,23;Active;1;Economy
12120;PureCare Podpaski Super 20 szt.;PureCare;Higiena intymna;Podpaski;0;18,35;11,93;szt.;0,23;Active;1;Mid-Market
12121;BotanicaPro Stylizacja Nawilżająca 250ml;BotanicaPro;Włosy;Stylizacja;0;54,47;29,96;250ml;0,23;Active;0;Mid-Market
12122;Aura Beauty Oczy Long-lasting 15g;Aura Beauty;Makijaż;Oczy;1;109,96;21,99;15g;0,23;Active;0;Mid-Market
12123;LumiSkin Sera Matujący 150ml;LumiSkin;Pielęgnacja twarzy;Sera;0;96,56;43,45;150ml;0,23;Active;0;Premium
12124;Veluria Sera Nawilżający 50ml;Veluria;Pielęgnacja twarzy;Sera;0;51,04;22,97;50ml;0,23;Active;0;Economy
12125;Aura Care Krem na dzień Matujący 150ml;Aura Care;Pielęgnacja twarzy;Kremy na dzień;1;21,21;5,3;150ml;0,23;Active;1;Economy
12126;PureBotanica Krem na dzień Nawilżający 30ml;PureBotanica;Pielęgnacja twarzy;Kremy na dzień;0;116,52;52,43;30ml;0,23;Active;1;Premium
12127;Aura Basic Wkładki Super 200ml;Aura Basic;Higiena intymna;Wkładki;1;10,4;4,68;200ml;0,23;Active;0;Economy
12128;SoftTouch Płyny i żele Ochronny 200ml;SoftTouch;Higiena intymna;Płyny i żele;0;10,49;6,82;200ml;0,23;Active;0;Economy
12129;Veluria Sera Z witaminą C 30ml;Veluria;Pielęgnacja twarzy;Sera;0;101,61;45,72;30ml;0,23;Active;0;Premium
12130;SoftTouch Płyny i żele Kojący 200ml;SoftTouch;Higiena intymna;Płyny i żele;0;26,34;17,12;200ml;0,23;Active;0;Premium
12131;FreshGlow Podpaski Kojący 40 szt.;FreshGlow;Higiena intymna;Podpaski;0;10,99;7,14;szt.;0,23;Active;0;Economy
12132;Aura Beauty Oczy Rozświetlający 30ml;Aura Beauty;Makijaż;Oczy;1;69,56;13,91;30ml;0,23;Active;0;Economy
12133;SilkMane Stylizacja Do farbowanych 250ml;SilkMane;Włosy;Stylizacja;0;14,71;8,09;250ml;0,23;Active;0;Economy
12134;Aura Care Krem na noc Z witaminą C 30ml;Aura Care;Pielęgnacja twarzy;Kremy na noc;1;96,57;24,14;30ml;0,23;Phase-Out;1;Premium
12135;Veluria Krem na dzień Przeciwzmarszczkowy 50ml;Veluria;Pielęgnacja twarzy;Kremy na dzień;0;62,75;28,24;50ml;0,23;Discontinued;0;Mid-Market
12136;SoftTouch Płyny i żele Kojący 40 szt.;SoftTouch;Higiena intymna;Płyny i żele;0;16,08;10,45;szt.;0,23;Active;0;Mid-Market
12137;FreshGlow Wkładki Super 40 szt.;FreshGlow;Higiena intymna;Wkładki;0;28,4;18,46;szt.;0,23;Active;0;Premium
12138;Aura Beauty Twarz Wodoodporny 30ml;Aura Beauty;Makijaż;Twarz;1;121,59;24,32;30ml;0,23;Phase-Out;0;Premium
12139;PureCare Wkładki Super 40 szt.;PureCare;Higiena intymna;Wkładki;0;25,5;16,57;szt.;0,23;Active;1;Premium
12140;NutriMax Minerały D3 2000 j.m. 90 kaps.;NutriMax;Suplementy i Zdrowie;Minerały;0;35,59;19,57;kaps.;0,08;Active;0;Economy
12141;Aura Care Szampon Nawilżająca 250ml;Aura Care;Włosy;Szampony;1;26,72;9,35;250ml;0,23;Active;1;Economy
12142;GlamTouch Usta Long-lasting 30ml;GlamTouch;Makijaż;Usta;0;80,65;32,26;30ml;0,23;Active;0;Mid-Market
12143;Herbix Maski Odbudowujący 500ml;Herbix;Włosy;Maski;0;71,18;39,15;500ml;0,23;Active;1;Premium
12144;Aura Care Maski Odbudowujący 500ml;Aura Care;Włosy;Maski;1;49,42;17,3;500ml;0,23;Active;1;Mid-Market
12145;SilkMane Maski Przeciwłupieżowy 500ml;SilkMane;Włosy;Maski;0;17,77;9,77;500ml;0,23;Active;0;Economy
12146;SoftTouch Płyny i żele Super 200ml;SoftTouch;Higiena intymna;Płyny i żele;0;13,7;8,9;200ml;0,23;Active;0;Mid-Market
12147;PureCare Podpaski Ochronny 20 szt.;PureCare;Higiena intymna;Podpaski;0;18,5;12,03;szt.;0,23;Phase-Out;1;Mid-Market
12148;ColorAura Oczy Rozświetlający 30ml;ColorAura;Makijaż;Oczy;0;82,89;33,16;30ml;0,23;Active;0;Mid-Market
12149;Aura Beauty Oczy Matujący 30ml;Aura Beauty;Makijaż;Oczy;1;59,29;11,86;30ml;0,23;Active;1;Economy
12150;PureTots Pieluchy Sensitive 40 szt.;PureTots;Dziecko;Pieluchy;0;59,05;44,29;szt.;0,23;Active;0;Premium
12151;Aura Care Krem na noc Matujący 30ml;Aura Care;Pielęgnacja twarzy;Kremy na noc;1;94,95;23,74;30ml;0,23;Active;1;Premium
12152;BabySoft Chusteczki Rozmiar 4 500ml;BabySoft;Dziecko;Chusteczki;0;24,22;18,16;500ml;0,23;Active;0;Economy
12153;Aura Care Żele do mycia Matujący 30ml;Aura Care;Pielęgnacja twarzy;Żele do mycia;1;17,28;4,32;30ml;0,23;Active;1;Economy
12154;Veluria Sera Matujący 150ml;Veluria;Pielęgnacja twarzy;Sera;0;113,11;50,9;150ml;0,23;Active;1;Premium
12155;Aura Kids Chusteczki Nawilżane 40 szt.;Aura Kids;Dziecko;Chusteczki;1;24,92;14,95;szt.;0,23;Active;0;Economy
12156;SoftTouch Podpaski Super 20 szt.;SoftTouch;Higiena intymna;Podpaski;0;9,38;6,1;szt.;0,23;Active;0;Economy
12157;NutriMax Witaminy C 1000mg 30 kaps.;NutriMax;Suplementy i Zdrowie;Witaminy;0;56,8;31,24;kaps.;0,08;Active;0;Mid-Market
12158;DermaGlow Sera Nawilżający 30ml;DermaGlow;Pielęgnacja twarzy;Sera;0;18,98;8,54;30ml;0,23;Active;0;Economy
12159;PureBotanica Żele do mycia Z witaminą C 150ml;PureBotanica;Pielęgnacja twarzy;Żele do mycia;0;32,68;14,71;150ml;0,23;Active;1;Economy
12160;Aura Care Maski Do farbowanych 250ml;Aura Care;Włosy;Maski;1;54,45;19,06;250ml;0,23;Active;1;Mid-Market
12161;SilkMane Maski Nawilżająca 250ml;SilkMane;Włosy;Maski;0;26,16;14,39;250ml;0,23;Discontinued;0;Economy
12162;Aura Care Maski Nawilżająca 500ml;Aura Care;Włosy;Maski;1;36,58;12,8;500ml;0,23;Active;1;Mid-Market
12163;SoftTouch Podpaski Normal 200ml;SoftTouch;Higiena intymna;Podpaski;0;28,52;18,54;200ml;0,23;Active;0;Premium
12164;Herbix Maski Odbudowujący 400ml;Herbix;Włosy;Maski;0;43,08;23,69;400ml;0,23;Phase-Out;1;Mid-Market
12165;SilkMane Odżywki Do farbowanych 250ml;SilkMane;Włosy;Odżywki;0;33,78;18,58;250ml;0,23;Active;1;Mid-Market
12166;VisagePro Usta Long-lasting 8ml;VisagePro;Makijaż;Usta;0;93,98;37,59;8ml;0,23;Active;0;Mid-Market
12167;VelvetLine Twarz Wodoodporny 15g;VelvetLine;Makijaż;Twarz;0;136,24;54,5;15g;0,23;Active;0;Premium
12168;VisagePro Twarz Rozświetlający 15g;VisagePro;Makijaż;Twarz;0;70,94;28,38;15g;0,23;Active;0;Mid-Market
12169;BotanicaPro Maski Nawilżająca 250ml;BotanicaPro;Włosy;Maski;0;25,56;14,06;250ml;0,23;Active;0;Economy
12170;FreshGlow Wkładki Ochronny 20 szt.;FreshGlow;Higiena intymna;Wkładki;0;17,98;11,69;szt.;0,23;Discontinued;0;Mid-Market
12171;VisagePro Oczy Rozświetlający 30ml;VisagePro;Makijaż;Oczy;0;131,45;52,58;30ml;0,23;Active;0;Premium
12172;NutriMax Odporność D3 2000 j.m. 30 kaps.;NutriMax;Suplementy i Zdrowie;Odporność;0;94,71;52,09;kaps.;0,08;Active;0;Premium
12173;Aura Basic Podpaski Kojący 20 szt.;Aura Basic;Higiena intymna;Podpaski;1;21,31;9,59;szt.;0,23;Active;0;Premium
12174;Aura Beauty Usta Long-lasting 30ml;Aura Beauty;Makijaż;Usta;1;110,81;22,16;30ml;0,23;Phase-Out;1;Mid-Market
12175;SoftTouch Podpaski Ochronny 40 szt.;SoftTouch;Higiena intymna;Podpaski;0;12,3;8,0;szt.;0,23;Active;0;Economy
12176;VigorHair Maski Przeciwłupieżowy 250ml;VigorHair;Włosy;Maski;0;76,69;42,18;250ml;0,23;Active;0;Premium
12177;FreshGlow Płyny i żele Normal 200ml;FreshGlow;Higiena intymna;Płyny i żele;0;8,58;5,58;200ml;0,23;Discontinued;0;Economy
12178;Veluria Sera Nawilżający 30ml;Veluria;Pielęgnacja twarzy;Sera;0;87,7;39,46;30ml;0,23;Phase-Out;0;Mid-Market
12179;Aura Basic Wkładki Normal 40 szt.;Aura Basic;Higiena intymna;Wkładki;1;15,32;6,89;szt.;0,23;Active;0;Mid-Market
12180;PureBotanica Żele do mycia Matujący 150ml;PureBotanica;Pielęgnacja twarzy;Żele do mycia;0;33,88;15,25;150ml;0,23;Active;1;Economy
12181;Aura Care Sera Matujący 50ml;Aura Care;Pielęgnacja twarzy;Sera;1;28,48;7,12;50ml;0,23;Active;1;Economy
12182;LumiSkin Krem na noc Nawilżający 30ml;LumiSkin;Pielęgnacja twarzy;Kremy na noc;0;98,17;44,18;30ml;0,23;Active;0;Premium
12183;BotanicaPro Maski Do farbowanych 250ml;BotanicaPro;Włosy;Maski;0;43,04;23,67;250ml;0,23;Active;0;Mid-Market
12184;Aura Beauty Oczy Matujący 30ml;Aura Beauty;Makijaż;Oczy;1;106,75;21,35;30ml;0,23;Active;0;Mid-Market
12185;SilkMane Odżywki Nawilżająca 400ml;SilkMane;Włosy;Odżywki;0;67,97;37,38;400ml;0,23;Active;1;Premium
12186;SoftTouch Podpaski Super 20 szt.;SoftTouch;Higiena intymna;Podpaski;0;25,82;16,78;szt.;0,23;Active;0;Premium
12187;Aura Care Witaminy D3 2000 j.m. 60 kaps.;Aura Care;Suplementy i Zdrowie;Witaminy;1;74,49;22,35;kaps.;0,08;Active;1;Premium
12188;VisagePro Twarz Matujący 8ml;VisagePro;Makijaż;Twarz;0;103,62;41,45;8ml;0,23;Active;0;Mid-Market
12189;TinyJoy Kosmetyki Sensitive 60 szt.;TinyJoy;Dziecko;Kosmetyki;0;54,11;40,58;szt.;0,23;Active;0;Mid-Market
12190;GlamTouch Twarz Long-lasting 8ml;GlamTouch;Makijaż;Twarz;0;39,02;15,61;8ml;0,23;Active;0;Economy
12191;ColorAura Usta Wodoodporny 15g;ColorAura;Makijaż;Usta;0;102,2;40,88;15g;0,23;Active;0;Mid-Market
12192;Veluria Krem na dzień Nawilżający 150ml;Veluria;Pielęgnacja twarzy;Kremy na dzień;0;51,58;23,21;150ml;0,23;Active;0;Economy
12193;SoftTouch Płyny i żele Super 20 szt.;SoftTouch;Higiena intymna;Płyny i żele;0;28,05;18,23;szt.;0,23;Active;0;Premium
12194;SoftTouch Podpaski Kojący 40 szt.;SoftTouch;Higiena intymna;Podpaski;0;7,54;4,9;szt.;0,23;Active;0;Economy
12195;Aura Basic Podpaski Ochronny 200ml;Aura Basic;Higiena intymna;Podpaski;1;16,75;7,54;200ml;0,23;Phase-Out;0;Mid-Market
12196;Veluria Żele do mycia Przeciwzmarszczkowy 30ml;Veluria;Pielęgnacja twarzy;Żele do mycia;0;120,09;54,04;30ml;0,23;Phase-Out;0;Premium
12197;NoirElegance EDT Fresh 30ml;NoirElegance;Perfumy;EDT;0;444,13;155,45;30ml;0,23;Active;0;Premium
12198;PureCare Płyny i żele Ochronny 200ml;PureCare;Higiena intymna;Płyny i żele;0;8,28;5,38;200ml;0,23;Active;1;Economy
12199;VitaCore Minerały Forte 90 kaps.;VitaCore;Suplementy i Zdrowie;Minerały;0;49,62;27,29;kaps.;0,08;Active;0;Mid-Market
12200;FreshGlow Płyny i żele Ochronny 20 szt.;FreshGlow;Higiena intymna;Płyny i żele;0;27,8;18,07;szt.;0,23;Active;0;Premium
12201;BabySoft Kosmetyki Sensitive 40 szt.;BabySoft;Dziecko;Kosmetyki;0;35,73;26,8;szt.;0,23;Active;0;Economy
12202;LumiSkin Żele do mycia Z witaminą C 50ml;LumiSkin;Pielęgnacja twarzy;Żele do mycia;0;130,68;58,81;50ml;0,23;Phase-Out;0;Premium
12203;PureCare Płyny i żele Normal 40 szt.;PureCare;Higiena intymna;Płyny i żele;0;18,48;12,01;szt.;0,23;Active;1;Mid-Market
12204;SoftTouch Podpaski Normal 20 szt.;SoftTouch;Higiena intymna;Podpaski;0;18,39;11,95;szt.;0,23;Active;0;Mid-Market
12205;LumiSkin Żele do mycia Matujący 50ml;LumiSkin;Pielęgnacja twarzy;Żele do mycia;0;47,45;21,35;50ml;0,23;Active;0;Economy
12206;Herbix Odżywki Nawilżająca 400ml;Herbix;Włosy;Odżywki;0;63,2;34,76;400ml;0,23;Active;1;Premium
12207;GlamTouch Twarz Matujący 30ml;GlamTouch;Makijaż;Twarz;0;162,29;64,92;30ml;0,23;Active;1;Premium
12208;BabySoft Pieluchy Sensitive 40 szt.;BabySoft;Dziecko;Pieluchy;0;63,68;47,76;szt.;0,23;Active;0;Premium
12209;FreshGlow Podpaski Super 40 szt.;FreshGlow;Higiena intymna;Podpaski;0;13,2;8,58;szt.;0,23;Discontinued;0;Mid-Market
12210;PureCare Płyny i żele Ochronny 40 szt.;PureCare;Higiena intymna;Płyny i żele;0;28,95;18,82;szt.;0,23;Phase-Out;1;Premium
12211;PureTots Pieluchy Rozmiar 3 60 szt.;PureTots;Dziecko;Pieluchy;0;70,39;52,79;szt.;0,23;Active;0;Premium
12212;Aura Care Żele do mycia Przeciwzmarszczkowy 30ml;Aura Care;Pielęgnacja twarzy;Żele do mycia;1;45,35;11,34;30ml;0,23;Active;1;Economy
12213;DermaGlow Krem na dzień Przeciwzmarszczkowy 50ml;DermaGlow;Pielęgnacja twarzy;Kremy na dzień;0;77,83;35,02;50ml;0,23;Active;0;Mid-Market
12214;Veluria Sera Przeciwzmarszczkowy 30ml;Veluria;Pielęgnacja twarzy;Sera;0;141,76;63,79;30ml;0,23;Active;0;Premium
12215;VigorHair Stylizacja Przeciwłupieżowy 250ml;VigorHair;Włosy;Stylizacja;0;39,42;21,68;250ml;0,23;Active;0;Mid-Market
12216;PureCare Płyny i żele Kojący 20 szt.;PureCare;Higiena intymna;Płyny i żele;0;17,19;11,17;szt.;0,23;Active;1;Mid-Market
12217;PureCare Wkładki Normal 40 szt.;PureCare;Higiena intymna;Wkładki;0;22,79;14,81;szt.;0,23;Active;1;Premium
12218;LumiSkin Krem na dzień Matujący 30ml;LumiSkin;Pielęgnacja twarzy;Kremy na dzień;0;65,4;29,43;30ml;0,23;Active;0;Mid-Market
12219;FreshGlow Wkładki Ochronny 200ml;FreshGlow;Higiena intymna;Wkładki;0;11,5;7,48;200ml;0,23;Phase-Out;0;Economy
12220;Aura Care Sera Nawilżający 50ml;Aura Care;Pielęgnacja twarzy;Sera;1;19,24;4,81;50ml;0,23;Active;1;Economy
12221;VitaCore Witaminy Forte 90 kaps.;VitaCore;Suplementy i Zdrowie;Witaminy;0;26,22;14,42;kaps.;0,08;Active;0;Economy
12222;PureTots Kosmetyki Rozmiar 4 500ml;PureTots;Dziecko;Kosmetyki;0;75,88;56,91;500ml;0,23;Active;1;Premium
12223;PureBotanica Żele do mycia Matujący 50ml;PureBotanica;Pielęgnacja twarzy;Żele do mycia;0;92,36;41,56;50ml;0,23;Active;1;Premium
12224;DermaGlow Krem na noc Z witaminą C 150ml;DermaGlow;Pielęgnacja twarzy;Kremy na noc;0;108,42;48,79;150ml;0,23;Active;0;Premium
12225;GlamTouch Oczy Rozświetlający 15g;GlamTouch;Makijaż;Oczy;0;165,28;66,11;15g;0,23;Active;0;Premium
12226;VelvetLine Usta Wodoodporny 15g;VelvetLine;Makijaż;Usta;0;46,04;18,42;15g;0,23;Active;0;Economy
12227;Aura Care Maski Nawilżająca 400ml;Aura Care;Włosy;Maski;1;56,46;19,76;400ml;0,23;Active;1;Premium
12228;Aura Basic Podpaski Super 20 szt.;Aura Basic;Higiena intymna;Podpaski;1;8,93;4,02;szt.;0,23;Active;0;Economy
12229;GlamTouch Twarz Long-lasting 8ml;GlamTouch;Makijaż;Twarz;0;152,13;60,85;8ml;0,23;Phase-Out;0;Premium
12230;Aura Care Witaminy C 1000mg 30 kaps.;Aura Care;Suplementy i Zdrowie;Witaminy;1;34,3;10,29;kaps.;0,08;Active;1;Economy
12231;VigorHair Odżywki Odbudowujący 250ml;VigorHair;Włosy;Odżywki;0;43,82;24,1;250ml;0,23;Active;0;Mid-Market
12232;Aura Care Żele do mycia Z witaminą C 50ml;Aura Care;Pielęgnacja twarzy;Żele do mycia;1;46,24;11,56;50ml;0,23;Active;1;Economy
12233;Aura Basic Płyny i żele Super 200ml;Aura Basic;Higiena intymna;Płyny i żele;1;22,56;10,15;200ml;0,23;Phase-Out;0;Premium
12234;Herbix Stylizacja Do farbowanych 500ml;Herbix;Włosy;Stylizacja;0;46,91;25,8;500ml;0,23;Active;1;Mid-Market
12235;Herbix Odżywki Do farbowanych 250ml;Herbix;Włosy;Odżywki;0;68,8;37,84;250ml;0,23;Active;1;Premium
12236;BotanicaPro Szampon Do farbowanych 400ml;BotanicaPro;Włosy;Szampony;0;34,92;19,21;400ml;0,23;Phase-Out;1;Mid-Market
12237;Aura Care Krem na dzień Z witaminą C 30ml;Aura Care;Pielęgnacja twarzy;Kremy na dzień;1;101,19;25,3;30ml;0,23;Active;1;Premium
12238;Aura Beauty Usta Wodoodporny 8ml;Aura Beauty;Makijaż;Usta;1;57,04;11,41;8ml;0,23;Active;1;Economy
12239;VelvetLine Oczy Matujący 8ml;VelvetLine;Makijaż;Oczy;0;81,49;32,6;8ml;0,23;Phase-Out;0;Mid-Market
12240;SoftTouch Wkładki Super 200ml;SoftTouch;Higiena intymna;Wkładki;0;18,92;12,3;200ml;0,23;Active;1;Mid-Market
12241;Aura Care Sera Z witaminą C 150ml;Aura Care;Pielęgnacja twarzy;Sera;1;14,83;3,71;150ml;0,23;Active;1;Economy
12242;HealthSpark Witaminy D3 2000 j.m. 90 kaps.;HealthSpark;Suplementy i Zdrowie;Witaminy;0;27,99;15,39;kaps.;0,08;Active;0;Economy
12243;VigorHair Szampon Przeciwłupieżowy 400ml;VigorHair;Włosy;Szampony;0;68,98;37,94;400ml;0,23;Active;0;Premium
12244;Essentia EDP Pour Femme 30ml;Essentia;Perfumy;EDP;0;251,3;87,95;30ml;0,23;Active;0;Mid-Market
12245;VisagePro Twarz Wodoodporny 30ml;VisagePro;Makijaż;Twarz;0;71,64;28,66;30ml;0,23;Active;0;Mid-Market
12246;Aura Care Krem na dzień Nawilżający 50ml;Aura Care;Pielęgnacja twarzy;Kremy na dzień;1;30,41;7,6;50ml;0,23;Active;1;Economy
12247;PureCare Wkładki Super 200ml;PureCare;Higiena intymna;Wkładki;0;25,9;16,84;200ml;0,23;Active;1;Premium
12248;VitaCore Odporność D3 2000 j.m. 60 kaps.;VitaCore;Suplementy i Zdrowie;Odporność;0;23,42;12,88;kaps.;0,08;Active;1;Economy
12249;BabySoft Chusteczki Rozmiar 3 60 szt.;BabySoft;Dziecko;Chusteczki;0;67,21;50,41;szt.;0,23;Active;0;Premium
12250;VigorHair Odżywki Przeciwłupieżowy 400ml;VigorHair;Włosy;Odżywki;0;34,67;19,07;400ml;0,23;Discontinued;1;Mid-Market
12251;HealthSpark Odporność Forte 90 kaps.;HealthSpark;Suplementy i Zdrowie;Odporność;0;70,9;39,0;kaps.;0,08;Active;0;Premium
12252;PureBotanica Krem na noc Z witaminą C 50ml;PureBotanica;Pielęgnacja twarzy;Kremy na noc;0;94,73;42,63;50ml;0,23;Active;1;Premium
12253;Aura Care Żele do mycia Matujący 150ml;Aura Care;Pielęgnacja twarzy;Żele do mycia;1;65,86;16,46;150ml;0,23;Active;1;Mid-Market
12254;DermaGlow Żele do mycia Przeciwzmarszczkowy 50ml;DermaGlow;Pielęgnacja twarzy;Żele do mycia;0;51,88;23,35;50ml;0,23;Active;0;Economy
12255;Aura Care Sera Matujący 50ml;Aura Care;Pielęgnacja twarzy;Sera;1;55,62;13,9;50ml;0,23;Active;1;Mid-Market
12256;DermaGlow Krem na noc Z witaminą C 30ml;DermaGlow;Pielęgnacja twarzy;Kremy na noc;0;38,85;17,48;30ml;0,23;Active;0;Economy
12257;TinyJoy Kosmetyki Rozmiar 4 40 szt.;TinyJoy;Dziecko;Kosmetyki;0;16,0;12,0;szt.;0,23;Active;0;Economy
12258;Herbix Szampon Do farbowanych 250ml;Herbix;Włosy;Szampony;0;34,15;18,78;250ml;0,23;Active;1;Mid-Market
12259;Herbix Maski Przeciwłupieżowy 500ml;Herbix;Włosy;Maski;0;54,43;29,94;500ml;0,23;Active;1;Mid-Market
12260;PureTots Kosmetyki Rozmiar 4 500ml;PureTots;Dziecko;Kosmetyki;0;13,73;10,3;500ml;0,23;Active;0;Economy
12261;LumiSkin Krem na dzień Nawilżający 150ml;LumiSkin;Pielęgnacja twarzy;Kremy na dzień;0;133,31;59,99;150ml;0,23;Active;0;Premium
12262;Veluria Sera Matujący 150ml;Veluria;Pielęgnacja twarzy;Sera;0;95,49;42,97;150ml;0,23;Active;0;Premium
12263;Aura Care Szampon Przeciwłupieżowy 500ml;Aura Care;Włosy;Szampony;1;64,39;22,54;500ml;0,23;Active;1;Premium
12264;LumiSkin Krem na noc Matujący 50ml;LumiSkin;Pielęgnacja twarzy;Kremy na noc;0;131,77;59,3;50ml;0,23;Active;0;Premium
12265;NutriMax Witaminy D3 2000 j.m. 90 kaps.;NutriMax;Suplementy i Zdrowie;Witaminy;0;80,2;44,11;kaps.;0,08;Discontinued;0;Premium
12266;PureCare Płyny i żele Ochronny 20 szt.;PureCare;Higiena intymna;Płyny i żele;0;22,87;14,87;szt.;0,23;Active;1;Premium
12267;Veluria Żele do mycia Nawilżający 30ml;Veluria;Pielęgnacja twarzy;Żele do mycia;0;39,15;17,62;30ml;0,23;Phase-Out;0;Economy
12268;LumiSkin Sera Przeciwzmarszczkowy 30ml;LumiSkin;Pielęgnacja twarzy;Sera;0;90,3;40,63;30ml;0,23;Active;0;Mid-Market
12269;TinyJoy Chusteczki Nawilżane 500ml;TinyJoy;Dziecko;Chusteczki;0;53,15;39,86;500ml;0,23;Active;1;Mid-Market
12270;Aura Care Krem na noc Z witaminą C 150ml;Aura Care;Pielęgnacja twarzy;Kremy na noc;1;24,89;6,22;150ml;0,23;Active;1;Economy
12271;SilkMane Maski Nawilżająca 400ml;SilkMane;Włosy;Maski;0;29,35;16,14;400ml;0,23;Active;0;Economy
12272;Aura Care Witaminy Magnez + B6 90 kaps.;Aura Care;Suplementy i Zdrowie;Witaminy;1;28,95;8,69;kaps.;0,08;Active;1;Economy
12273;LumiSkin Krem na dzień Przeciwzmarszczkowy 50ml;LumiSkin;Pielęgnacja twarzy;Kremy na dzień;0;78,93;35,52;50ml;0,23;Phase-Out;1;Mid-Market
12274;SilkMane Szampon Przeciwłupieżowy 250ml;SilkMane;Włosy;Szampony;0;59,42;32,68;250ml;0,23;Active;1;Premium
12275;ColorAura Usta Long-lasting 8ml;ColorAura;Makijaż;Usta;0;59,53;23,81;8ml;0,23;Active;0;Economy
12276;ColorAura Oczy Rozświetlający 15g;ColorAura;Makijaż;Oczy;0;166,62;66,65;15g;0,23;Active;0;Premium
12277;SoftTouch Wkładki Kojący 200ml;SoftTouch;Higiena intymna;Wkładki;0;20,46;13,3;200ml;0,23;Active;0;Premium
12278;Veluria Krem na noc Z witaminą C 50ml;Veluria;Pielęgnacja twarzy;Kremy na noc;0;56,29;25,33;50ml;0,23;Active;0;Mid-Market
12279;Aura Basic Wkładki Normal 200ml;Aura Basic;Higiena intymna;Wkładki;1;7,83;3,52;200ml;0,23;Active;0;Economy
12280;Herbix Szampon Odbudowujący 400ml;Herbix;Włosy;Szampony;0;46,64;25,65;400ml;0,23;Active;1;Mid-Market
12281;FreshGlow Płyny i żele Super 200ml;FreshGlow;Higiena intymna;Płyny i żele;0;16,85;10,95;200ml;0,23;Active;0;Mid-Market
12282;Aura Care Stylizacja Nawilżająca 400ml;Aura Care;Włosy;Stylizacja;1;64,51;22,58;400ml;0,23;Active;1;Premium
12283;DermaGlow Sera Przeciwzmarszczkowy 30ml;DermaGlow;Pielęgnacja twarzy;Sera;0;56,01;25,2;30ml;0,23;Active;0;Mid-Market
12284;VitaCore Witaminy Magnez + B6 60 kaps.;VitaCore;Suplementy i Zdrowie;Witaminy;0;31,28;17,2;kaps.;0,08;Active;0;Economy
12285;VigorHair Maski Odbudowujący 250ml;VigorHair;Włosy;Maski;0;25,24;13,88;250ml;0,23;Active;0;Economy
12286;Herbix Szampon Do farbowanych 250ml;Herbix;Włosy;Szampony;0;57,88;31,83;250ml;0,23;Active;1;Premium
12287;TinyJoy Pieluchy Sensitive 60 szt.;TinyJoy;Dziecko;Pieluchy;0;69,72;52,29;szt.;0,23;Active;0;Premium
12288;VigorHair Maski Przeciwłupieżowy 250ml;VigorHair;Włosy;Maski;0;57,26;31,49;250ml;0,23;Active;0;Premium
12289;DermaGlow Sera Matujący 150ml;DermaGlow;Pielęgnacja twarzy;Sera;0;109,33;49,2;150ml;0,23;Active;0;Premium
12290;SoftTouch Podpaski Normal 200ml;SoftTouch;Higiena intymna;Podpaski;0;20,97;13,63;200ml;0,23;Active;0;Premium
12291;FreshGlow Płyny i żele Ochronny 200ml;FreshGlow;Higiena intymna;Płyny i żele;0;18,23;11,85;200ml;0,23;Active;0;Mid-Market
12292;Aura Care Krem na dzień Z witaminą C 50ml;Aura Care;Pielęgnacja twarzy;Kremy na dzień;1;21,93;5,48;50ml;0,23;Active;1;Economy
12293;BotanicaPro Maski Odbudowujący 400ml;BotanicaPro;Włosy;Maski;0;17,58;9,67;400ml;0,23;Active;0;Economy
12294;LumiSkin Krem na noc Nawilżający 50ml;LumiSkin;Pielęgnacja twarzy;Kremy na noc;0;120,1;54,04;50ml;0,23;Active;0;Premium
12295;HealthSpark Odporność Magnez + B6 90 kaps.;HealthSpark;Suplementy i Zdrowie;Odporność;0;95,06;52,28;kaps.;0,08;Phase-Out;0;Premium
12296;SilkMane Stylizacja Do farbowanych 500ml;SilkMane;Włosy;Stylizacja;0;37,54;20,65;500ml;0,23;Active;0;Mid-Market
12297;SilkMane Stylizacja Do farbowanych 250ml;SilkMane;Włosy;Stylizacja;0;61,84;34,01;250ml;0,23;Active;0;Premium
12298;Veluria Krem na noc Matujący 30ml;Veluria;Pielęgnacja twarzy;Kremy na noc;0;63,07;28,38;30ml;0,23;Active;0;Mid-Market
12299;Aura Beauty Oczy Rozświetlający 30ml;Aura Beauty;Makijaż;Oczy;1;119,45;23,89;30ml;0,23;Active;0;Premium
12300;VelvetLine Twarz Wodoodporny 30ml;VelvetLine;Makijaż;Twarz;0;43,65;17,46;30ml;0,23;Active;0;Economy
12301;Essentia EDT Intense 30ml;Essentia;Perfumy;EDT;0;181,36;63,48;30ml;0,23;Active;0;Economy
12302;DermaGlow Krem na noc Matujący 50ml;DermaGlow;Pielęgnacja twarzy;Kremy na noc;0;93,03;41,86;50ml;0,23;Phase-Out;0;Premium
12303;LumiSkin Krem na noc Nawilżający 50ml;LumiSkin;Pielęgnacja twarzy;Kremy na noc;0;77,67;34,95;50ml;0,23;Discontinued;0;Mid-Market
12304;SilkMane Stylizacja Do farbowanych 250ml;SilkMane;Włosy;Stylizacja;0;36,7;20,19;250ml;0,23;Active;1;Mid-Market
12305;PureBotanica Sera Z witaminą C 30ml;PureBotanica;Pielęgnacja twarzy;Sera;0;63,14;28,41;30ml;0,23;Phase-Out;1;Mid-Market
12306;DermaGlow Sera Nawilżający 150ml;DermaGlow;Pielęgnacja twarzy;Sera;0;27,65;12,44;150ml;0,23;Active;0;Economy
12307;ColorAura Twarz Long-lasting 15g;ColorAura;Makijaż;Twarz;0;88,65;35,46;15g;0,23;Active;0;Mid-Market
12308;GlamTouch Twarz Long-lasting 15g;GlamTouch;Makijaż;Twarz;0;61,27;24,51;15g;0,23;Phase-Out;0;Economy
12309;Aura Care Stylizacja Do farbowanych 250ml;Aura Care;Włosy;Stylizacja;1;21,89;7,66;250ml;0,23;Active;1;Economy
12310;Aura Beauty Oczy Wodoodporny 8ml;Aura Beauty;Makijaż;Oczy;1;96,88;19,38;8ml;0,23;Phase-Out;0;Mid-Market
12311;Aura Care Odżywki Nawilżająca 250ml;Aura Care;Włosy;Odżywki;1;45,88;16,06;250ml;0,23;Active;1;Mid-Market
12312;BotanicaPro Odżywki Przeciwłupieżowy 400ml;BotanicaPro;Włosy;Odżywki;0;57,92;31,86;400ml;0,23;Active;0;Premium
12313;Aura Beauty Twarz Matujący 8ml;Aura Beauty;Makijaż;Twarz;1;41,3;8,26;8ml;0,23;Active;1;Economy
12314;Aura Beauty Usta Wodoodporny 8ml;Aura Beauty;Makijaż;Usta;1;100,41;20,08;8ml;0,23;Active;0;Mid-Market
12315;BotanicaPro Szampon Do farbowanych 250ml;BotanicaPro;Włosy;Szampony;0;35,29;19,41;250ml;0,23;Active;0;Mid-Market
12316;DermaGlow Krem na noc Matujący 150ml;DermaGlow;Pielęgnacja twarzy;Kremy na noc;0;52,33;23,55;150ml;0,23;Active;0;Economy
12317;Herbix Odżywki Przeciwłupieżowy 400ml;Herbix;Włosy;Odżywki;0;69,07;37,99;400ml;0,23;Active;1;Premium
12318;GlamTouch Twarz Long-lasting 15g;GlamTouch;Makijaż;Twarz;0;54,31;21,72;15g;0,23;Active;0;Economy
12319;BotanicaPro Odżywki Przeciwłupieżowy 500ml;BotanicaPro;Włosy;Odżywki;0;41,04;22,57;500ml;0,23;Active;0;Mid-Market
12320;VigorHair Szampon Nawilżająca 500ml;VigorHair;Włosy;Szampony;0;27,39;15,06;500ml;0,23;Discontinued;0;Economy
12321;VisagePro Usta Matujący 30ml;VisagePro;Makijaż;Usta;0;76,52;30,61;30ml;0,23;Active;1;Mid-Market
12322;SilkMane Odżywki Przeciwłupieżowy 500ml;SilkMane;Włosy;Odżywki;0;21,48;11,81;500ml;0,23;Active;0;Economy
12323;VigorHair Stylizacja Nawilżająca 400ml;VigorHair;Włosy;Stylizacja;0;34,73;19,1;400ml;0,23;Active;0;Mid-Market
12324;PureBotanica Żele do mycia Nawilżający 150ml;PureBotanica;Pielęgnacja twarzy;Żele do mycia;0;18,74;8,43;150ml;0,23;Active;1;Economy
12325;ColorAura Usta Long-lasting 15g;ColorAura;Makijaż;Usta;0;109,97;43,99;15g;0,23;Active;0;Mid-Market
12326;VitaCore Minerały Magnez + B6 90 kaps.;VitaCore;Suplementy i Zdrowie;Minerały;0;57,89;31,84;kaps.;0,08;Phase-Out;0;Mid-Market
12327;GlamTouch Oczy Matujący 30ml;GlamTouch;Makijaż;Oczy;0;43,18;17,27;30ml;0,23;Active;0;Economy
12328;VelvetLine Usta Rozświetlający 8ml;VelvetLine;Makijaż;Usta;0;153,63;61,45;8ml;0,23;Active;0;Premium
12329;VelvetLine Twarz Long-lasting 15g;VelvetLine;Makijaż;Twarz;0;150,24;60,1;15g;0,23;Active;0;Premium
12330;TinyJoy Pieluchy Sensitive 500ml;TinyJoy;Dziecko;Pieluchy;0;48,98;36,73;500ml;0,23;Active;0;Mid-Market
12331;SilkMane Odżywki Nawilżająca 250ml;SilkMane;Włosy;Odżywki;0;58,8;32,34;250ml;0,23;Active;0;Premium
12332;ColorAura Twarz Matujący 8ml;ColorAura;Makijaż;Twarz;0;161,55;64,62;8ml;0,23;Active;1;Premium
12333;VisagePro Twarz Rozświetlający 15g;VisagePro;Makijaż;Twarz;0;167,07;66,83;15g;0,23;Active;0;Premium
12334;LumiSkin Żele do mycia Z witaminą C 150ml;LumiSkin;Pielęgnacja twarzy;Żele do mycia;0;81,81;36,81;150ml;0,23;Active;1;Mid-Market
12335;HealthSpark Witaminy C 1000mg 30 kaps.;HealthSpark;Suplementy i Zdrowie;Witaminy;0;26,52;14,59;kaps.;0,08;Active;0;Economy
12336;Aura Care Krem na noc Matujący 30ml;Aura Care;Pielęgnacja twarzy;Kremy na noc;1;76,17;19,04;30ml;0,23;Active;1;Mid-Market
12337;VelvetLine Usta Wodoodporny 30ml;VelvetLine;Makijaż;Usta;0;148,09;59,24;30ml;0,23;Active;0;Premium
12338;BotanicaPro Szampon Do farbowanych 400ml;BotanicaPro;Włosy;Szampony;0;57,25;31,49;400ml;0,23;Active;1;Premium
12339;Aura Kids Pieluchy Rozmiar 3 60 szt.;Aura Kids;Dziecko;Pieluchy;1;45,66;27,4;szt.;0,23;Active;0;Mid-Market
12340;Aura Kids Chusteczki Rozmiar 4 60 szt.;Aura Kids;Dziecko;Chusteczki;1;62,09;37,25;szt.;0,23;Discontinued;1;Premium
12341;VigorHair Stylizacja Nawilżająca 250ml;VigorHair;Włosy;Stylizacja;0;17,46;9,6;250ml;0,23;Active;0;Economy
12342;NutriMax Odporność D3 2000 j.m. 60 kaps.;NutriMax;Suplementy i Zdrowie;Odporność;0;26,48;14,56;kaps.;0,08;Active;0;Economy
12343;VitaCore Odporność C 1000mg 30 kaps.;VitaCore;Suplementy i Zdrowie;Odporność;0;39,98;21,99;kaps.;0,08;Active;0;Economy
12344;Veluria Krem na noc Nawilżający 150ml;Veluria;Pielęgnacja twarzy;Kremy na noc;0;27,34;12,3;150ml;0,23;Active;0;Economy
12345;BotanicaPro Maski Do farbowanych 500ml;BotanicaPro;Włosy;Maski;0;18,71;10,29;500ml;0,23;Phase-Out;0;Economy
12346;DermaGlow Żele do mycia Przeciwzmarszczkowy 50ml;DermaGlow;Pielęgnacja twarzy;Żele do mycia;0;59,6;26,82;50ml;0,23;Active;0;Mid-Market
12347;Aura Care Krem na dzień Przeciwzmarszczkowy 50ml;Aura Care;Pielęgnacja twarzy;Kremy na dzień;1;64,95;16,24;50ml;0,23;Discontinued;1;Mid-Market
12348;Aura Care Szampon Do farbowanych 400ml;Aura Care;Włosy;Szampony;1;19,12;6,69;400ml;0,23;Active;1;Economy
12349;Aura Care Maski Do farbowanych 400ml;Aura Care;Włosy;Maski;1;12,26;4,29;400ml;0,23;Active;1;Economy
12350;VigorHair Szampon Nawilżająca 400ml;VigorHair;Włosy;Szampony;0;73,8;40,59;400ml;0,23;Active;1;Premium
12351;VigorHair Odżywki Przeciwłupieżowy 250ml;VigorHair;Włosy;Odżywki;0;45,14;24,83;250ml;0,23;Active;0;Mid-Market
12352;Aura Care Stylizacja Do farbowanych 500ml;Aura Care;Włosy;Stylizacja;1;60,79;21,28;500ml;0,23;Active;1;Premium
12353;VitaCore Witaminy D3 2000 j.m. 90 kaps.;VitaCore;Suplementy i Zdrowie;Witaminy;0;27,14;14,93;kaps.;0,08;Active;0;Economy
12354;Aura Beauty Oczy Matujący 15g;Aura Beauty;Makijaż;Oczy;1;118,3;23,66;15g;0,23;Phase-Out;0;Premium
12355;VigorHair Szampon Odbudowujący 500ml;VigorHair;Włosy;Szampony;0;62,45;34,35;500ml;0,23;Active;0;Premium
12356;Aura Basic Wkładki Super 20 szt.;Aura Basic;Higiena intymna;Wkładki;1;20,73;9,33;szt.;0,23;Active;0;Premium
12357;Aura Care Stylizacja Nawilżająca 250ml;Aura Care;Włosy;Stylizacja;1;49,72;17,4;250ml;0,23;Active;1;Mid-Market
12358;PureBotanica Żele do mycia Matujący 150ml;PureBotanica;Pielęgnacja twarzy;Żele do mycia;0;46,25;20,81;150ml;0,23;Active;1;Economy
12359;Aura Care Szampon Przeciwłupieżowy 400ml;Aura Care;Włosy;Szampony;1;15,65;5,48;400ml;0,23;Active;1;Economy
12360;BotanicaPro Maski Odbudowujący 400ml;BotanicaPro;Włosy;Maski;0;78,9;43,4;400ml;0,23;Active;0;Premium
12361;Veluria Krem na noc Z witaminą C 50ml;Veluria;Pielęgnacja twarzy;Kremy na noc;0;41,7;18,77;50ml;0,23;Active;0;Economy
12362;VelvetLine Oczy Matujący 8ml;VelvetLine;Makijaż;Oczy;0;140,64;56,26;8ml;0,23;Discontinued;0;Premium
12363;Aura Care Maski Do farbowanych 500ml;Aura Care;Włosy;Maski;1;16,55;5,79;500ml;0,23;Active;1;Economy
12364;Veluria Krem na noc Nawilżający 150ml;Veluria;Pielęgnacja twarzy;Kremy na noc;0;55,42;24,94;150ml;0,23;Active;0;Mid-Market
12365;GlamTouch Usta Matujący 30ml;GlamTouch;Makijaż;Usta;0;62,74;25,1;30ml;0,23;Active;1;Economy
12366;SilkMane Stylizacja Przeciwłupieżowy 500ml;SilkMane;Włosy;Stylizacja;0;54,46;29,95;500ml;0,23;Active;0;Mid-Market
12367;Aura Beauty Twarz Matujący 30ml;Aura Beauty;Makijaż;Twarz;1;93,19;18,64;30ml;0,23;Active;0;Mid-Market
12368;Veluria Krem na dzień Matujący 50ml;Veluria;Pielęgnacja twarzy;Kremy na dzień;0;55,34;24,9;50ml;0,23;Phase-Out;0;Mid-Market
12369;Veluria Krem na dzień Matujący 150ml;Veluria;Pielęgnacja twarzy;Kremy na dzień;0;53,85;24,23;150ml;0,23;Active;0;Mid-Market
12370;ColorAura Twarz Rozświetlający 15g;ColorAura;Makijaż;Twarz;0;81,72;32,69;15g;0,23;Discontinued;0;Mid-Market
12371;VitaCore Odporność D3 2000 j.m. 30 kaps.;VitaCore;Suplementy i Zdrowie;Odporność;0;39,59;21,77;kaps.;0,08;Phase-Out;0;Economy
12372;BotanicaPro Stylizacja Do farbowanych 400ml;BotanicaPro;Włosy;Stylizacja;0;64,4;35,42;400ml;0,23;Active;0;Premium
12373;VigorHair Maski Do farbowanych 400ml;VigorHair;Włosy;Maski;0;34,55;19,0;400ml;0,23;Active;0;Mid-Market
12374;Aura Kids Pieluchy Nawilżane 500ml;Aura Kids;Dziecko;Pieluchy;1;24,12;14,47;500ml;0,23;Active;1;Economy
12375;VelvetLine Oczy Long-lasting 15g;VelvetLine;Makijaż;Oczy;0;93,48;37,39;15g;0,23;Discontinued;0;Mid-Market
12376;FreshGlow Płyny i żele Kojący 200ml;FreshGlow;Higiena intymna;Płyny i żele;0;13,18;8,57;200ml;0,23;Phase-Out;1;Mid-Market
12377;Aura Care Odporność D3 2000 j.m. 30 kaps.;Aura Care;Suplementy i Zdrowie;Odporność;1;70,18;21,05;kaps.;0,08;Active;1;Premium
12378;VigorHair Szampon Odbudowujący 500ml;VigorHair;Włosy;Szampony;0;52,19;28,7;500ml;0,23;Active;0;Mid-Market
12379;SilkMane Maski Przeciwłupieżowy 250ml;SilkMane;Włosy;Maski;0;19,76;10,87;250ml;0,23;Active;1;Economy
12380;FreshGlow Podpaski Super 20 szt.;FreshGlow;Higiena intymna;Podpaski;0;25,73;16,72;szt.;0,23;Active;0;Premium
12381;LumiSkin Krem na dzień Nawilżający 50ml;LumiSkin;Pielęgnacja twarzy;Kremy na dzień;0;125,85;56,63;50ml;0,23;Active;0;Premium
12382;FreshGlow Płyny i żele Super 40 szt.;FreshGlow;Higiena intymna;Płyny i żele;0;11,87;7,72;szt.;0,23;Active;0;Economy
12383;ColorAura Usta Rozświetlający 30ml;ColorAura;Makijaż;Usta;0;124,69;49,88;30ml;0,23;Active;0;Premium
12384;VisagePro Oczy Wodoodporny 30ml;VisagePro;Makijaż;Oczy;0;75,22;30,09;30ml;0,23;Active;0;Mid-Market
12385;Aura Care Witaminy C 1000mg 30 kaps.;Aura Care;Suplementy i Zdrowie;Witaminy;1;40,0;12,0;kaps.;0,08;Active;1;Economy
12386;DermaGlow Krem na dzień Przeciwzmarszczkowy 30ml;DermaGlow;Pielęgnacja twarzy;Kremy na dzień;0;37,81;17,01;30ml;0,23;Active;0;Economy
12387;DermaGlow Krem na noc Matujący 50ml;DermaGlow;Pielęgnacja twarzy;Kremy na noc;0;22,42;10,09;50ml;0,23;Active;0;Economy
12388;PureBotanica Sera Przeciwzmarszczkowy 50ml;PureBotanica;Pielęgnacja twarzy;Sera;0;113,63;51,13;50ml;0,23;Active;1;Premium
12389;VigorHair Szampon Przeciwłupieżowy 500ml;VigorHair;Włosy;Szampony;0;26,28;14,45;500ml;0,23;Active;0;Economy
12390;VelvetLine Usta Rozświetlający 30ml;VelvetLine;Makijaż;Usta;0;42,89;17,16;30ml;0,23;Active;0;Economy
12391;SoftTouch Płyny i żele Kojący 40 szt.;SoftTouch;Higiena intymna;Płyny i żele;0;17,7;11,51;szt.;0,23;Active;0;Mid-Market
12392;FreshGlow Płyny i żele Normal 20 szt.;FreshGlow;Higiena intymna;Płyny i żele;0;24,21;15,74;szt.;0,23;Active;0;Premium
12393;NutriMax Odporność Magnez + B6 60 kaps.;NutriMax;Suplementy i Zdrowie;Odporność;0;21,75;11,96;kaps.;0,08;Active;0;Economy
12394;Herbix Szampon Odbudowujący 500ml;Herbix;Włosy;Szampony;0;40,2;22,11;500ml;0,23;Active;1;Mid-Market
12395;NutriMax Odporność D3 2000 j.m. 90 kaps.;NutriMax;Suplementy i Zdrowie;Odporność;0;95,8;52,69;kaps.;0,08;Active;0;Premium
12396;LumiSkin Krem na noc Przeciwzmarszczkowy 30ml;LumiSkin;Pielęgnacja twarzy;Kremy na noc;0;65,94;29,67;30ml;0,23;Phase-Out;0;Mid-Market
12397;Herbix Szampon Nawilżająca 250ml;Herbix;Włosy;Szampony;0;72,86;40,07;250ml;0,23;Active;1;Premium
12398;NutriMax Witaminy Forte 60 kaps.;NutriMax;Suplementy i Zdrowie;Witaminy;0;88,46;48,65;kaps.;0,08;Active;0;Premium
12399;PureTots Pieluchy Rozmiar 3 60 szt.;PureTots;Dziecko;Pieluchy;0;51,51;38,63;szt.;0,23;Active;0;Mid-Market
12400;Herbix Odżywki Nawilżająca 500ml;Herbix;Włosy;Odżywki;0;59,48;32,71;500ml;0,23;Active;1;Premium
12401;VigorHair Odżywki Nawilżająca 500ml;VigorHair;Włosy;Odżywki;0;73,31;40,32;500ml;0,23;Active;1;Premium
12402;Aura Care Odżywki Przeciwłupieżowy 250ml;Aura Care;Włosy;Odżywki;1;38,68;13,54;250ml;0,23;Active;1;Mid-Market
12403;Aura Beauty Usta Long-lasting 30ml;Aura Beauty;Makijaż;Usta;1;96,73;19,35;30ml;0,23;Phase-Out;0;Mid-Market
12404;Herbix Szampon Przeciwłupieżowy 500ml;Herbix;Włosy;Szampony;0;46,06;25,33;500ml;0,23;Active;1;Mid-Market
12405;PureTots Chusteczki Rozmiar 4 40 szt.;PureTots;Dziecko;Chusteczki;0;57,2;42,9;szt.;0,23;Phase-Out;0;Premium
12406;Aura Beauty Usta Long-lasting 15g;Aura Beauty;Makijaż;Usta;1;33,57;6,71;15g;0,23;Phase-Out;0;Economy
12407;Herbix Stylizacja Do farbowanych 250ml;Herbix;Włosy;Stylizacja;0;32,03;17,62;250ml;0,23;Active;1;Economy
12408;Herbix Szampon Przeciwłupieżowy 400ml;Herbix;Włosy;Szampony;0;24,56;13,51;400ml;0,23;Active;1;Economy
12409;LumiSkin Żele do mycia Matujący 150ml;LumiSkin;Pielęgnacja twarzy;Żele do mycia;0;126,67;57,0;150ml;0,23;Discontinued;0;Premium
12410;SilkMane Maski Odbudowujący 250ml;SilkMane;Włosy;Maski;0;61,97;34,08;250ml;0,23;Active;0;Premium
12411;VitaCore Odporność Forte 60 kaps.;VitaCore;Suplementy i Zdrowie;Odporność;0;52,1;28,66;kaps.;0,08;Active;0;Mid-Market
12412;Aura Beauty Usta Wodoodporny 8ml;Aura Beauty;Makijaż;Usta;1;73,68;14,74;8ml;0,23;Active;0;Mid-Market
12413;PureBotanica Krem na dzień Nawilżający 150ml;PureBotanica;Pielęgnacja twarzy;Kremy na dzień;0;20,33;9,15;150ml;0,23;Active;1;Economy
12414;PureTots Pieluchy Nawilżane 60 szt.;PureTots;Dziecko;Pieluchy;0;52,54;39,41;szt.;0,23;Phase-Out;1;Mid-Market
12415;DermaGlow Sera Nawilżający 150ml;DermaGlow;Pielęgnacja twarzy;Sera;0;85,62;38,53;150ml;0,23;Active;0;Mid-Market
12416;SilkMane Odżywki Przeciwłupieżowy 500ml;SilkMane;Włosy;Odżywki;0;46,84;25,76;500ml;0,23;Active;0;Mid-Market
12417;Aura Basic Podpaski Super 20 szt.;Aura Basic;Higiena intymna;Podpaski;1;14,32;6,44;szt.;0,23;Active;0;Mid-Market
12418;DermaGlow Krem na dzień Z witaminą C 30ml;DermaGlow;Pielęgnacja twarzy;Kremy na dzień;0;19,79;8,91;30ml;0,23;Active;0;Economy
12419;Veluria Krem na dzień Z witaminą C 150ml;Veluria;Pielęgnacja twarzy;Kremy na dzień;0;97,72;43,97;150ml;0,23;Discontinued;0;Premium
12420;ColorAura Oczy Rozświetlający 8ml;ColorAura;Makijaż;Oczy;0;32,34;12,94;8ml;0,23;Active;0;Economy
12421;Aura Care Minerały Forte 30 kaps.;Aura Care;Suplementy i Zdrowie;Minerały;1;19,89;5,97;kaps.;0,08;Active;1;Economy
12422;SilkMane Odżywki Do farbowanych 500ml;SilkMane;Włosy;Odżywki;0;27,73;15,25;500ml;0,23;Active;0;Economy
12423;DermaGlow Sera Przeciwzmarszczkowy 150ml;DermaGlow;Pielęgnacja twarzy;Sera;0;122,68;55,21;150ml;0,23;Active;0;Premium
12424;Aura Beauty Twarz Rozświetlający 15g;Aura Beauty;Makijaż;Twarz;1;139,85;27,97;15g;0,23;Active;0;Premium
12425;TinyJoy Chusteczki Sensitive 40 szt.;TinyJoy;Dziecko;Chusteczki;0;51,15;38,36;szt.;0,23;Active;0;Mid-Market
12426;DermaGlow Krem na dzień Nawilżający 50ml;DermaGlow;Pielęgnacja twarzy;Kremy na dzień;0;69,6;31,32;50ml;0,23;Active;0;Mid-Market
12427;VisagePro Usta Rozświetlający 30ml;VisagePro;Makijaż;Usta;0;131,74;52,7;30ml;0,23;Active;0;Premium
12428;Aura Care Krem na noc Przeciwzmarszczkowy 150ml;Aura Care;Pielęgnacja twarzy;Kremy na noc;1;95,86;23,96;150ml;0,23;Active;1;Premium
12429;SoftTouch Płyny i żele Super 40 szt.;SoftTouch;Higiena intymna;Płyny i żele;0;15,72;10,22;szt.;0,23;Phase-Out;0;Mid-Market
12430;FreshGlow Płyny i żele Super 20 szt.;FreshGlow;Higiena intymna;Płyny i żele;0;21,38;13,9;szt.;0,23;Active;0;Premium
12431;VitaCore Odporność D3 2000 j.m. 30 kaps.;VitaCore;Suplementy i Zdrowie;Odporność;0;66,95;36,82;kaps.;0,08;Active;0;Mid-Market
12432;PureCare Płyny i żele Kojący 40 szt.;PureCare;Higiena intymna;Płyny i żele;0;14,02;9,11;szt.;0,23;Active;1;Mid-Market
12433;Aura Basic Płyny i żele Ochronny 40 szt.;Aura Basic;Higiena intymna;Płyny i żele;1;15,25;6,86;szt.;0,23;Active;0;Mid-Market
12434;PureTots Chusteczki Sensitive 60 szt.;PureTots;Dziecko;Chusteczki;0;41,92;31,44;szt.;0,23;Active;0;Mid-Market
12435;PureBotanica Żele do mycia Nawilżający 50ml;PureBotanica;Pielęgnacja twarzy;Żele do mycia;0;33,98;15,29;50ml;0,23;Active;1;Economy
12436;Aura Care Odporność Magnez + B6 90 kaps.;Aura Care;Suplementy i Zdrowie;Odporność;1;61,0;18,3;kaps.;0,08;Active;1;Mid-Market
12437;SoftTouch Płyny i żele Kojący 20 szt.;SoftTouch;Higiena intymna;Płyny i żele;0;7,8;5,07;szt.;0,23;Active;0;Economy
12438;Aura Care Stylizacja Nawilżająca 250ml;Aura Care;Włosy;Stylizacja;1;14,39;5,04;250ml;0,23;Phase-Out;1;Economy
12439;Aura Care Odporność D3 2000 j.m. 60 kaps.;Aura Care;Suplementy i Zdrowie;Odporność;1;71,81;21,54;kaps.;0,08;Active;1;Premium
12440;SilkMane Stylizacja Do farbowanych 250ml;SilkMane;Włosy;Stylizacja;0;65,59;36,07;250ml;0,23;Active;0;Premium
12441;Veluria Sera Nawilżający 50ml;Veluria;Pielęgnacja twarzy;Sera;0;82,68;37,21;50ml;0,23;Active;0;Mid-Market
12442;BotanicaPro Maski Przeciwłupieżowy 400ml;BotanicaPro;Włosy;Maski;0;34,27;18,85;400ml;0,23;Active;0;Mid-Market
12443;VigorHair Odżywki Odbudowujący 250ml;VigorHair;Włosy;Odżywki;0;50,58;27,82;250ml;0,23;Active;0;Mid-Market
12444;Aura Kids Kosmetyki Rozmiar 4 500ml;Aura Kids;Dziecko;Kosmetyki;1;19,92;11,95;500ml;0,23;Active;0;Economy
12445;Aura Care Maski Przeciwłupieżowy 400ml;Aura Care;Włosy;Maski;1;27,81;9,73;400ml;0,23;Active;1;Economy
12446;Aura Care Szampon Odbudowujący 250ml;Aura Care;Włosy;Szampony;1;42,85;15,0;250ml;0,23;Active;1;Mid-Market
12447;DermaGlow Sera Matujący 150ml;DermaGlow;Pielęgnacja twarzy;Sera;0;44,32;19,94;150ml;0,23;Active;0;Economy
12448;SoftTouch Wkładki Kojący 200ml;SoftTouch;Higiena intymna;Wkładki;0;13,01;8,46;200ml;0,23;Active;0;Economy
12449;NutriMax Odporność D3 2000 j.m. 90 kaps.;NutriMax;Suplementy i Zdrowie;Odporność;0;35,45;19,5;kaps.;0,08;Active;0;Economy
12450;DermaGlow Żele do mycia Matujący 150ml;DermaGlow;Pielęgnacja twarzy;Żele do mycia;0;40,41;18,18;150ml;0,23;Active;0;Economy
12451;NoirElegance Mgiełki Pour Homme 30ml;NoirElegance;Perfumy;Mgiełki;0;190,1;66,53;30ml;0,23;Active;0;Mid-Market
12452;Herbix Stylizacja Do farbowanych 500ml;Herbix;Włosy;Stylizacja;0;26,19;14,4;500ml;0,23;Active;1;Economy
12453;LumiSkin Żele do mycia Przeciwzmarszczkowy 50ml;LumiSkin;Pielęgnacja twarzy;Żele do mycia;0;51,41;23,13;50ml;0,23;Active;0;Economy
12454;FreshGlow Podpaski Normal 40 szt.;FreshGlow;Higiena intymna;Podpaski;0;22,55;14,66;szt.;0,23;Active;0;Premium
12455;DermaGlow Sera Przeciwzmarszczkowy 30ml;DermaGlow;Pielęgnacja twarzy;Sera;0;114,16;51,37;30ml;0,23;Active;0;Premium
12456;PureTots Kosmetyki Sensitive 500ml;PureTots;Dziecko;Kosmetyki;0;38,71;29,03;500ml;0,23;Phase-Out;1;Mid-Market
12457;PureCare Płyny i żele Super 200ml;PureCare;Higiena intymna;Płyny i żele;0;27,85;18,1;200ml;0,23;Active;1;Premium
12458;NutriMax Witaminy Magnez + B6 30 kaps.;NutriMax;Suplementy i Zdrowie;Witaminy;0;95,22;52,37;kaps.;0,08;Active;0;Premium
12459;Aura Kids Pieluchy Rozmiar 3 60 szt.;Aura Kids;Dziecko;Pieluchy;1;14,18;8,51;szt.;0,23;Active;0;Economy
12460;PureBotanica Sera Nawilżający 50ml;PureBotanica;Pielęgnacja twarzy;Sera;0;114,35;51,46;50ml;0,23;Active;1;Premium
12461;BotanicaPro Stylizacja Do farbowanych 400ml;BotanicaPro;Włosy;Stylizacja;0;44,14;24,28;400ml;0,23;Active;0;Mid-Market
12462;TinyJoy Pieluchy Sensitive 500ml;TinyJoy;Dziecko;Pieluchy;0;66,95;50,21;500ml;0,23;Phase-Out;0;Premium
12463;Aura Care Żele do mycia Nawilżający 150ml;Aura Care;Pielęgnacja twarzy;Żele do mycia;1;77,03;19,26;150ml;0,23;Active;1;Mid-Market
12464;FreshGlow Wkładki Ochronny 200ml;FreshGlow;Higiena intymna;Wkładki;0;26,28;17,08;200ml;0,23;Active;0;Premium
12465;Herbix Szampon Odbudowujący 250ml;Herbix;Włosy;Szampony;0;50,47;27,76;250ml;0,23;Active;1;Mid-Market
12466;FreshGlow Płyny i żele Ochronny 40 szt.;FreshGlow;Higiena intymna;Płyny i żele;0;10,14;6,59;szt.;0,23;Active;0;Economy
12467;PureBotanica Sera Z witaminą C 30ml;PureBotanica;Pielęgnacja twarzy;Sera;0;124,83;56,17;30ml;0,23;Active;1;Premium
12468;PureTots Chusteczki Sensitive 500ml;PureTots;Dziecko;Chusteczki;0;62,41;46,81;500ml;0,23;Active;0;Premium
12469;VisagePro Usta Rozświetlający 8ml;VisagePro;Makijaż;Usta;0;29,12;11,65;8ml;0,23;Discontinued;0;Economy
12470;HealthSpark Minerały Forte 90 kaps.;HealthSpark;Suplementy i Zdrowie;Minerały;0;104,3;57,37;kaps.;0,08;Phase-Out;0;Premium
12471;SoftTouch Płyny i żele Normal 200ml;SoftTouch;Higiena intymna;Płyny i żele;0;12,6;8,19;200ml;0,23;Active;0;Economy
12472;VelvetLine Usta Wodoodporny 8ml;VelvetLine;Makijaż;Usta;0;151,39;60,56;8ml;0,23;Phase-Out;0;Premium
12473;Aura Basic Wkładki Kojący 200ml;Aura Basic;Higiena intymna;Wkładki;1;12,42;5,59;200ml;0,23;Phase-Out;0;Economy
12474;VigorHair Maski Przeciwłupieżowy 500ml;VigorHair;Włosy;Maski;0;63,58;34,97;500ml;0,23;Active;0;Premium
12475;NutriMax Witaminy Magnez + B6 60 kaps.;NutriMax;Suplementy i Zdrowie;Witaminy;0;61,61;33,89;kaps.;0,08;Active;0;Mid-Market
12476;Aura Care Żele do mycia Przeciwzmarszczkowy 50ml;Aura Care;Pielęgnacja twarzy;Żele do mycia;1;15,25;3,81;50ml;0,23;Active;1;Economy
12477;BabySoft Kosmetyki Sensitive 40 szt.;BabySoft;Dziecko;Kosmetyki;0;73,86;55,39;szt.;0,23;Phase-Out;0;Premium
12478;SilkMane Szampon Do farbowanych 400ml;SilkMane;Włosy;Szampony;0;28,85;15,87;400ml;0,23;Phase-Out;0;Economy
12479;FreshGlow Płyny i żele Kojący 200ml;FreshGlow;Higiena intymna;Płyny i żele;0;21,4;13,91;200ml;0,23;Active;0;Premium
12480;Veluria Żele do mycia Przeciwzmarszczkowy 50ml;Veluria;Pielęgnacja twarzy;Żele do mycia;0;83,99;37,8;50ml;0,23;Active;0;Mid-Market
12481;PureCare Płyny i żele Kojący 200ml;PureCare;Higiena intymna;Płyny i żele;0;21,76;14,14;200ml;0,23;Active;1;Premium
12482;DermaGlow Żele do mycia Z witaminą C 30ml;DermaGlow;Pielęgnacja twarzy;Żele do mycia;0;126,32;56,84;30ml;0,23;Active;0;Premium
12483;DermaGlow Żele do mycia Z witaminą C 50ml;DermaGlow;Pielęgnacja twarzy;Żele do mycia;0;48,32;21,74;50ml;0,23;Active;0;Economy
12484;SoftTouch Wkładki Normal 40 szt.;SoftTouch;Higiena intymna;Wkładki;0;13,68;8,89;szt.;0,23;Active;1;Mid-Market
12485;SoftTouch Podpaski Kojący 40 szt.;SoftTouch;Higiena intymna;Podpaski;0;28,03;18,22;szt.;0,23;Discontinued;1;Premium
12486;PureCare Wkładki Super 40 szt.;PureCare;Higiena intymna;Wkładki;0;26,95;17,52;szt.;0,23;Active;1;Premium
12487;Aura Care Maski Przeciwłupieżowy 400ml;Aura Care;Włosy;Maski;1;49,63;17,37;400ml;0,23;Active;1;Mid-Market
12488;ColorAura Oczy Matujący 8ml;ColorAura;Makijaż;Oczy;0;129,21;51,68;8ml;0,23;Active;0;Premium
12489;Aura Beauty Usta Long-lasting 8ml;Aura Beauty;Makijaż;Usta;1;41,51;8,3;8ml;0,23;Active;0;Economy
12490;NutriMax Minerały D3 2000 j.m. 60 kaps.;NutriMax;Suplementy i Zdrowie;Minerały;0;97,3;53,52;kaps.;0,08;Phase-Out;0;Premium
12491;SoftTouch Wkładki Kojący 200ml;SoftTouch;Higiena intymna;Wkładki;0;20,16;13,1;200ml;0,23;Active;0;Mid-Market
12492;Aura Beauty Twarz Matujący 15g;Aura Beauty;Makijaż;Twarz;1;125,5;25,1;15g;0,23;Active;0;Premium
12493;VelvetLine Oczy Long-lasting 15g;VelvetLine;Makijaż;Oczy;0;71,2;28,48;15g;0,23;Active;0;Mid-Market
12494;VelvetLine Oczy Matujący 8ml;VelvetLine;Makijaż;Oczy;0;42,45;16,98;8ml;0,23;Active;0;Economy
12495;NutriMax Minerały C 1000mg 90 kaps.;NutriMax;Suplementy i Zdrowie;Minerały;0;97,97;53,88;kaps.;0,08;Active;0;Premium
12496;VigorHair Stylizacja Nawilżająca 500ml;VigorHair;Włosy;Stylizacja;0;59,61;32,79;500ml;0,23;Active;0;Premium
12497;BotanicaPro Szampon Do farbowanych 500ml;BotanicaPro;Włosy;Szampony;0;59,32;32,63;500ml;0,23;Active;0;Premium
12498;Herbix Stylizacja Do farbowanych 250ml;Herbix;Włosy;Stylizacja;0;38,7;21,29;250ml;0,23;Active;1;Mid-Market
12499;Aura Care Odżywki Do farbowanych 500ml;Aura Care;Włosy;Odżywki;1;19,51;6,83;500ml;0,23;Active;1;Economy
12500;DermaGlow Sera Nawilżający 150ml;DermaGlow;Pielęgnacja twarzy;Sera;0;33,22;14,95;150ml;0,23;Active;0;Economy
12501;Aura Basic Podpaski Super 200ml;Aura Basic;Higiena intymna;Podpaski;1;11,86;5,34;200ml;0,23;Active;0;Economy
12502;Aura Care Odżywki Nawilżająca 400ml;Aura Care;Włosy;Odżywki;1;47,93;16,78;400ml;0,23;Active;1;Mid-Market
12503;LumiSkin Krem na dzień Z witaminą C 30ml;LumiSkin;Pielęgnacja twarzy;Kremy na dzień;0;57,76;25,99;30ml;0,23;Active;0;Mid-Market
12504;GlamTouch Oczy Wodoodporny 15g;GlamTouch;Makijaż;Oczy;0;66,44;26,58;15g;0,23;Active;0;Economy
12505;ColorAura Twarz Long-lasting 8ml;ColorAura;Makijaż;Twarz;0;127,12;50,85;8ml;0,23;Active;1;Premium
12506;DermaGlow Krem na noc Przeciwzmarszczkowy 150ml;DermaGlow;Pielęgnacja twarzy;Kremy na noc;0;126,64;56,99;150ml;0,23;Active;0;Premium
12507;TinyJoy Kosmetyki Rozmiar 3 40 szt.;TinyJoy;Dziecko;Kosmetyki;0;51,51;38,63;szt.;0,23;Active;0;Mid-Market
12508;VigorHair Odżywki Do farbowanych 500ml;VigorHair;Włosy;Odżywki;0;24,19;13,3;500ml;0,23;Active;0;Economy
12509;VitaCore Odporność Magnez + B6 90 kaps.;VitaCore;Suplementy i Zdrowie;Odporność;0;25,82;14,2;kaps.;0,08;Active;0;Economy
12510;VitaCore Odporność Forte 60 kaps.;VitaCore;Suplementy i Zdrowie;Odporność;0;31,01;17,06;kaps.;0,08;Active;0;Economy
12511;PureTots Chusteczki Sensitive 40 szt.;PureTots;Dziecko;Chusteczki;0;17,66;13,25;szt.;0,23;Active;0;Economy
12512;BabySoft Chusteczki Rozmiar 4 500ml;BabySoft;Dziecko;Chusteczki;0;80,59;60,44;500ml;0,23;Active;1;Premium
12513;Aura Care Żele do mycia Matujący 150ml;Aura Care;Pielęgnacja twarzy;Żele do mycia;1;61,26;15,31;150ml;0,23;Active;1;Mid-Market
12514;Aura Signatures EDP Fresh 50ml;Aura Signatures;Perfumy;EDP;1;175,62;26,34;50ml;0,23;Active;0;Economy
12515;Aura Care Witaminy D3 2000 j.m. 30 kaps.;Aura Care;Suplementy i Zdrowie;Witaminy;1;80,27;24,08;kaps.;0,08;Discontinued;1;Premium
12516;BotanicaPro Stylizacja Nawilżająca 400ml;BotanicaPro;Włosy;Stylizacja;0;38,0;20,9;400ml;0,23;Discontinued;0;Mid-Market
12517;Aura Care Stylizacja Odbudowujący 500ml;Aura Care;Włosy;Stylizacja;1;53,16;18,61;500ml;0,23;Active;1;Mid-Market
12518;PureCare Wkładki Kojący 20 szt.;PureCare;Higiena intymna;Wkładki;0;22,33;14,51;szt.;0,23;Phase-Out;1;Premium
12519;Aura Basic Płyny i żele Super 20 szt.;Aura Basic;Higiena intymna;Płyny i żele;1;8,77;3,95;szt.;0,23;Active;0;Economy
12520;Aura Care Odporność Magnez + B6 30 kaps.;Aura Care;Suplementy i Zdrowie;Odporność;1;35,32;10,6;kaps.;0,08;Active;1;Economy
12521;PureBotanica Krem na dzień Nawilżający 150ml;PureBotanica;Pielęgnacja twarzy;Kremy na dzień;0;80,84;36,38;150ml;0,23;Active;1;Mid-Market
12522;VisagePro Oczy Long-lasting 30ml;VisagePro;Makijaż;Oczy;0;67,16;26,86;30ml;0,23;Discontinued;0;Economy
12523;FreshGlow Płyny i żele Ochronny 200ml;FreshGlow;Higiena intymna;Płyny i żele;0;23,01;14,96;200ml;0,23;Active;0;Premium
12524;PureCare Podpaski Ochronny 20 szt.;PureCare;Higiena intymna;Podpaski;0;16,3;10,6;szt.;0,23;Active;1;Mid-Market
12525;Aura Beauty Twarz Long-lasting 30ml;Aura Beauty;Makijaż;Twarz;1;40,08;8,02;30ml;0,23;Active;0;Economy
12526;BotanicaPro Szampon Odbudowujący 400ml;BotanicaPro;Włosy;Szampony;0;62,81;34,55;400ml;0,23;Active;0;Premium
12527;VisagePro Twarz Rozświetlający 15g;VisagePro;Makijaż;Twarz;0;128,86;51,54;15g;0,23;Active;0;Premium
12528;ColorAura Oczy Rozświetlający 8ml;ColorAura;Makijaż;Oczy;0;138,76;55,5;8ml;0,23;Phase-Out;0;Premium
12529;Aura Beauty Twarz Matujący 8ml;Aura Beauty;Makijaż;Twarz;1;117,99;23,6;8ml;0,23;Active;0;Premium
12530;NutriMax Minerały Magnez + B6 30 kaps.;NutriMax;Suplementy i Zdrowie;Minerały;0;30,05;16,53;kaps.;0,08;Active;0;Economy
12531;GlamTouch Usta Matujący 30ml;GlamTouch;Makijaż;Usta;0;136,97;54,79;30ml;0,23;Active;0;Premium
12532;BotanicaPro Odżywki Odbudowujący 500ml;BotanicaPro;Włosy;Odżywki;0;36,71;20,19;500ml;0,23;Active;0;Mid-Market
12533;Veluria Krem na noc Przeciwzmarszczkowy 30ml;Veluria;Pielęgnacja twarzy;Kremy na noc;0;53,48;24,07;30ml;0,23;Active;0;Mid-Market
12534;Aura Signatures Mgiełki Pour Homme 100ml;Aura Signatures;Perfumy;Mgiełki;1;311,6;46,74;100ml;0,23;Active;0;Premium
12535;BotanicaPro Stylizacja Odbudowujący 400ml;BotanicaPro;Włosy;Stylizacja;0;66,2;36,41;400ml;0,23;Active;0;Premium
12536;Aura Kids Kosmetyki Rozmiar 4 40 szt.;Aura Kids;Dziecko;Kosmetyki;1;28,6;17,16;szt.;0,23;Active;0;Economy
12537;Aura Care Maski Do farbowanych 400ml;Aura Care;Włosy;Maski;1;55,75;19,51;400ml;0,23;Active;1;Premium
12538;SilkMane Maski Do farbowanych 400ml;SilkMane;Włosy;Maski;0;54,39;29,91;400ml;0,23;Active;1;Mid-Market
12539;VisagePro Usta Rozświetlający 15g;VisagePro;Makijaż;Usta;0;87,12;34,85;15g;0,23;Active;0;Mid-Market
12540;VisagePro Oczy Long-lasting 30ml;VisagePro;Makijaż;Oczy;0;91,47;36,59;30ml;0,23;Active;0;Mid-Market
12541;HealthSpark Minerały Magnez + B6 60 kaps.;HealthSpark;Suplementy i Zdrowie;Minerały;0;20,24;11,13;kaps.;0,08;Active;0;Economy
12542;LumiSkin Krem na dzień Przeciwzmarszczkowy 30ml;LumiSkin;Pielęgnacja twarzy;Kremy na dzień;0;91,67;41,25;30ml;0,23;Active;0;Premium
12543;SilkMane Stylizacja Do farbowanych 400ml;SilkMane;Włosy;Stylizacja;0;52,36;28,8;400ml;0,23;Phase-Out;0;Mid-Market
12544;SilkMane Szampon Przeciwłupieżowy 500ml;SilkMane;Włosy;Szampony;0;75,33;41,43;500ml;0,23;Phase-Out;0;Premium
12545;Aura Care Żele do mycia Nawilżający 30ml;Aura Care;Pielęgnacja twarzy;Żele do mycia;1;66,88;16,72;30ml;0,23;Active;1;Mid-Market
12546;PureCare Płyny i żele Super 200ml;PureCare;Higiena intymna;Płyny i żele;0;9,26;6,02;200ml;0,23;Active;1;Economy
12547;PureBotanica Żele do mycia Z witaminą C 150ml;PureBotanica;Pielęgnacja twarzy;Żele do mycia;0;58,08;26,14;150ml;0,23;Active;1;Mid-Market
12548;Aura Care Żele do mycia Nawilżający 50ml;Aura Care;Pielęgnacja twarzy;Żele do mycia;1;102,56;25,64;50ml;0,23;Active;1;Premium
12549;SoftTouch Podpaski Normal 20 szt.;SoftTouch;Higiena intymna;Podpaski;0;11,08;7,2;szt.;0,23;Active;0;Economy
12550;Aura Beauty Oczy Rozświetlający 30ml;Aura Beauty;Makijaż;Oczy;1;27,97;5,59;30ml;0,23;Active;0;Economy
12551;VigorHair Stylizacja Do farbowanych 400ml;VigorHair;Włosy;Stylizacja;0;53,93;29,66;400ml;0,23;Active;1;Mid-Market
12552;HealthSpark Witaminy Magnez + B6 90 kaps.;HealthSpark;Suplementy i Zdrowie;Witaminy;0;33,8;18,59;kaps.;0,08;Active;0;Economy
12553;SoftTouch Płyny i żele Ochronny 40 szt.;SoftTouch;Higiena intymna;Płyny i żele;0;23,12;15,03;szt.;0,23;Active;1;Premium
12554;Aura Beauty Usta Rozświetlający 15g;Aura Beauty;Makijaż;Usta;1;119,69;23,94;15g;0,23;Active;0;Premium
12555;Veluria Krem na dzień Nawilżający 150ml;Veluria;Pielęgnacja twarzy;Kremy na dzień;0;126,4;56,88;150ml;0,23;Active;0;Premium
12556;DermaGlow Krem na dzień Matujący 150ml;DermaGlow;Pielęgnacja twarzy;Kremy na dzień;0;86,62;38,98;150ml;0,23;Active;0;Mid-Market
12557;Aura Beauty Twarz Matujący 15g;Aura Beauty;Makijaż;Twarz;1;68,13;13,63;15g;0,23;Active;0;Economy
12558;Aura Care Witaminy D3 2000 j.m. 90 kaps.;Aura Care;Suplementy i Zdrowie;Witaminy;1;18,42;5,53;kaps.;0,08;Active;1;Economy
12559;Aura Beauty Twarz Wodoodporny 8ml;Aura Beauty;Makijaż;Twarz;1;47,78;9,56;8ml;0,23;Active;0;Economy
12560;Aura Kids Pieluchy Rozmiar 3 500ml;Aura Kids;Dziecko;Pieluchy;1;18,82;11,29;500ml;0,23;Active;0;Economy
12561;Aura Basic Podpaski Ochronny 40 szt.;Aura Basic;Higiena intymna;Podpaski;1;16,88;7,6;szt.;0,23;Discontinued;1;Mid-Market
12562;LumiSkin Krem na dzień Z witaminą C 150ml;LumiSkin;Pielęgnacja twarzy;Kremy na dzień;0;81,57;36,71;150ml;0,23;Active;0;Mid-Market
12563;Aura Kids Kosmetyki Rozmiar 4 60 szt.;Aura Kids;Dziecko;Kosmetyki;1;31,09;18,65;szt.;0,23;Active;0;Economy
12564;NutriMax Minerały Magnez + B6 30 kaps.;NutriMax;Suplementy i Zdrowie;Minerały;0;42,14;23,18;kaps.;0,08;Active;0;Economy
12565;GlamTouch Twarz Wodoodporny 15g;GlamTouch;Makijaż;Twarz;0;49,09;19,64;15g;0,23;Phase-Out;0;Economy
12566;VigorHair Szampon Odbudowujący 400ml;VigorHair;Włosy;Szampony;0;43,33;23,83;400ml;0,23;Active;0;Mid-Market
12567;DermaGlow Sera Z witaminą C 50ml;DermaGlow;Pielęgnacja twarzy;Sera;0;43,31;19,49;50ml;0,23;Active;0;Economy
12568;Aura Kids Pieluchy Rozmiar 4 500ml;Aura Kids;Dziecko;Pieluchy;1;42,93;25,76;500ml;0,23;Active;0;Mid-Market
12569;VigorHair Stylizacja Nawilżająca 400ml;VigorHair;Włosy;Stylizacja;0;78,57;43,21;400ml;0,23;Active;0;Premium
12570;Veluria Krem na dzień Matujący 150ml;Veluria;Pielęgnacja twarzy;Kremy na dzień;0;72,68;32,71;150ml;0,23;Discontinued;0;Mid-Market
12571;HealthSpark Minerały Magnez + B6 30 kaps.;HealthSpark;Suplementy i Zdrowie;Minerały;0;31,86;17,52;kaps.;0,08;Active;0;Economy
12572;SoftTouch Płyny i żele Kojący 40 szt.;SoftTouch;Higiena intymna;Płyny i żele;0;24,61;16,0;szt.;0,23;Active;0;Premium
12573;Veluria Sera Nawilżający 50ml;Veluria;Pielęgnacja twarzy;Sera;0;54,21;24,39;50ml;0,23;Active;0;Mid-Market
12574;BotanicaPro Szampon Przeciwłupieżowy 400ml;BotanicaPro;Włosy;Szampony;0;18,66;10,26;400ml;0,23;Active;0;Economy
12575;Veluria Krem na dzień Nawilżający 50ml;Veluria;Pielęgnacja twarzy;Kremy na dzień;0;119,83;53,92;50ml;0,23;Active;0;Premium
12576;ColorAura Oczy Rozświetlający 30ml;ColorAura;Makijaż;Oczy;0;158,38;63,35;30ml;0,23;Active;0;Premium
12577;Aura Care Żele do mycia Przeciwzmarszczkowy 150ml;Aura Care;Pielęgnacja twarzy;Żele do mycia;1;74,51;18,63;150ml;0,23;Phase-Out;1;Mid-Market
12578;VisagePro Usta Rozświetlający 15g;VisagePro;Makijaż;Usta;0;87,05;34,82;15g;0,23;Active;0;Mid-Market
12579;NutriMax Odporność C 1000mg 90 kaps.;NutriMax;Suplementy i Zdrowie;Odporność;0;82,89;45,59;kaps.;0,08;Active;0;Premium
12580;Aura Care Odżywki Nawilżająca 500ml;Aura Care;Włosy;Odżywki;1;44,04;15,41;500ml;0,23;Active;1;Mid-Market
12581;VigorHair Stylizacja Odbudowujący 500ml;VigorHair;Włosy;Stylizacja;0;70,54;38,8;500ml;0,23;Active;0;Premium
12582;TinyJoy Chusteczki Rozmiar 3 40 szt.;TinyJoy;Dziecko;Chusteczki;0;36,61;27,46;szt.;0,23;Active;0;Mid-Market
12583;BotanicaPro Szampon Nawilżająca 500ml;BotanicaPro;Włosy;Szampony;0;59,71;32,84;500ml;0,23;Phase-Out;0;Premium
12584;VisagePro Twarz Long-lasting 30ml;VisagePro;Makijaż;Twarz;0;138,2;55,28;30ml;0,23;Phase-Out;0;Premium
12585;Aura Care Żele do mycia Nawilżający 30ml;Aura Care;Pielęgnacja twarzy;Żele do mycia;1;35,65;8,91;30ml;0,23;Active;1;Economy
12586;SilkMane Stylizacja Nawilżająca 400ml;SilkMane;Włosy;Stylizacja;0;55,69;30,63;400ml;0,23;Active;0;Premium
12587;Aura Basic Podpaski Kojący 20 szt.;Aura Basic;Higiena intymna;Podpaski;1;17,78;8,0;szt.;0,23;Active;0;Mid-Market
12588;NutriMax Odporność C 1000mg 90 kaps.;NutriMax;Suplementy i Zdrowie;Odporność;0;23,1;12,71;kaps.;0,08;Active;0;Economy
12589;BotanicaPro Stylizacja Do farbowanych 500ml;BotanicaPro;Włosy;Stylizacja;0;76,3;41,97;500ml;0,23;Active;0;Premium
12590;SoftTouch Podpaski Kojący 200ml;SoftTouch;Higiena intymna;Podpaski;0;11,55;7,51;200ml;0,23;Active;0;Economy
12591;Aura Beauty Oczy Long-lasting 8ml;Aura Beauty;Makijaż;Oczy;1;66,0;13,2;8ml;0,23;Active;0;Economy
12592;Herbix Maski Przeciwłupieżowy 250ml;Herbix;Włosy;Maski;0;23,29;12,81;250ml;0,23;Active;1;Economy
12593;VelvetLine Twarz Long-lasting 8ml;VelvetLine;Makijaż;Twarz;0;101,35;40,54;8ml;0,23;Active;1;Mid-Market
12594;PureBotanica Krem na dzień Z witaminą C 30ml;PureBotanica;Pielęgnacja twarzy;Kremy na dzień;0;106,1;47,74;30ml;0,23;Active;1;Premium
12595;LumiSkin Krem na dzień Przeciwzmarszczkowy 50ml;LumiSkin;Pielęgnacja twarzy;Kremy na dzień;0;109,88;49,45;50ml;0,23;Active;0;Premium
12596;Aura Basic Płyny i żele Ochronny 20 szt.;Aura Basic;Higiena intymna;Płyny i żele;1;9,61;4,32;szt.;0,23;Active;1;Economy
12597;Aura Care Krem na dzień Nawilżający 150ml;Aura Care;Pielęgnacja twarzy;Kremy na dzień;1;37,92;9,48;150ml;0,23;Active;1;Economy
12598;Aura Beauty Usta Matujący 30ml;Aura Beauty;Makijaż;Usta;1;115,42;23,08;30ml;0,23;Phase-Out;0;Premium
12599;BotanicaPro Maski Do farbowanych 400ml;BotanicaPro;Włosy;Maski;0;27,07;14,89;400ml;0,23;Active;0;Economy
12600;Aura Beauty Twarz Wodoodporny 15g;Aura Beauty;Makijaż;Twarz;1;109,43;21,89;15g;0,23;Active;0;Mid-Market
12601;VelvetLine Twarz Matujący 8ml;VelvetLine;Makijaż;Twarz;0;99,55;39,82;8ml;0,23;Active;0;Mid-Market
12602;Aura Care Sera Przeciwzmarszczkowy 50ml;Aura Care;Pielęgnacja twarzy;Sera;1;49,78;12,45;50ml;0,23;Active;1;Economy
12603;PureTots Chusteczki Sensitive 40 szt.;PureTots;Dziecko;Chusteczki;0;36,6;27,45;szt.;0,23;Active;0;Mid-Market
12604;Herbix Szampon Nawilżająca 250ml;Herbix;Włosy;Szampony;0;53,7;29,54;250ml;0,23;Active;1;Mid-Market
12605;LumiSkin Żele do mycia Nawilżający 30ml;LumiSkin;Pielęgnacja twarzy;Żele do mycia;0;129,95;58,48;30ml;0,23;Active;1;Premium
12606;Aura Care Krem na noc Nawilżający 30ml;Aura Care;Pielęgnacja twarzy;Kremy na noc;1;85,01;21,25;30ml;0,23;Active;1;Mid-Market
12607;Aura Beauty Twarz Long-lasting 30ml;Aura Beauty;Makijaż;Twarz;1;87,38;17,48;30ml;0,23;Active;1;Mid-Market
12608;BabySoft Pieluchy Rozmiar 3 60 szt.;BabySoft;Dziecko;Pieluchy;0;39,36;29,52;szt.;0,23;Active;1;Mid-Market
12609;Aura Care Sera Matujący 30ml;Aura Care;Pielęgnacja twarzy;Sera;1;92,72;23,18;30ml;0,23;Active;1;Premium
12610;Veluria Krem na noc Matujący 50ml;Veluria;Pielęgnacja twarzy;Kremy na noc;0;91,04;40,97;50ml;0,23;Discontinued;0;Mid-Market
12611;PureCare Płyny i żele Normal 40 szt.;PureCare;Higiena intymna;Płyny i żele;0;17,34;11,27;szt.;0,23;Active;1;Mid-Market
12612;GlamTouch Oczy Matujący 8ml;GlamTouch;Makijaż;Oczy;0;160,53;64,21;8ml;0,23;Phase-Out;0;Premium
12613;SoftTouch Płyny i żele Ochronny 200ml;SoftTouch;Higiena intymna;Płyny i żele;0;24,29;15,79;200ml;0,23;Active;0;Premium
12614;Aura Care Odżywki Odbudowujący 400ml;Aura Care;Włosy;Odżywki;1;21,95;7,68;400ml;0,23;Active;1;Economy
12615;Veluria Sera Nawilżający 30ml;Veluria;Pielęgnacja twarzy;Sera;0;32,75;14,74;30ml;0,23;Active;0;Economy
12616;Veluria Żele do mycia Przeciwzmarszczkowy 150ml;Veluria;Pielęgnacja twarzy;Żele do mycia;0;46,54;20,94;150ml;0,23;Discontinued;0;Economy
12617;DermaGlow Żele do mycia Matujący 30ml;DermaGlow;Pielęgnacja twarzy;Żele do mycia;0;51,62;23,23;30ml;0,23;Active;0;Economy
12618;TinyJoy Pieluchy Rozmiar 4 500ml;TinyJoy;Dziecko;Pieluchy;0;36,9;27,67;500ml;0,23;Phase-Out;0;Mid-Market
12619;GlamTouch Oczy Matujący 8ml;GlamTouch;Makijaż;Oczy;0;92,16;36,86;8ml;0,23;Active;0;Mid-Market
12620;Aura Beauty Usta Rozświetlający 15g;Aura Beauty;Makijaż;Usta;1;126,42;25,28;15g;0,23;Active;0;Premium
12621;PureBotanica Żele do mycia Nawilżający 30ml;PureBotanica;Pielęgnacja twarzy;Żele do mycia;0;44,24;19,91;30ml;0,23;Phase-Out;1;Economy
12622;Aura Care Stylizacja Odbudowujący 400ml;Aura Care;Włosy;Stylizacja;1;50,32;17,61;400ml;0,23;Active;1;Mid-Market
12623;SoftTouch Wkładki Super 200ml;SoftTouch;Higiena intymna;Wkładki;0;10,81;7,03;200ml;0,23;Discontinued;0;Economy
12624;PureCare Podpaski Super 20 szt.;PureCare;Higiena intymna;Podpaski;0;17,65;11,47;szt.;0,23;Active;1;Mid-Market
12625;Aura Basic Wkładki Kojący 40 szt.;Aura Basic;Higiena intymna;Wkładki;1;11,63;5,23;szt.;0,23;Active;1;Economy
12626;LumiSkin Krem na dzień Matujący 30ml;LumiSkin;Pielęgnacja twarzy;Kremy na dzień;0;106,74;48,03;30ml;0,23;Active;0;Premium
12627;GlamTouch Twarz Wodoodporny 15g;GlamTouch;Makijaż;Twarz;0;77,35;30,94;15g;0,23;Active;0;Mid-Market
12628;HealthSpark Minerały C 1000mg 30 kaps.;HealthSpark;Suplementy i Zdrowie;Minerały;0;65,26;35,89;kaps.;0,08;Active;1;Mid-Market
12629;SoftTouch Płyny i żele Kojący 20 szt.;SoftTouch;Higiena intymna;Płyny i żele;0;13,09;8,51;szt.;0,23;Active;1;Mid-Market
12630;BabySoft Kosmetyki Rozmiar 4 500ml;BabySoft;Dziecko;Kosmetyki;0;34,21;25,66;500ml;0,23;Active;0;Economy
12631;Aura Care Krem na dzień Matujący 30ml;Aura Care;Pielęgnacja twarzy;Kremy na dzień;1;43,85;10,96;30ml;0,23;Active;1;Economy
12632;Herbix Szampon Do farbowanych 250ml;Herbix;Włosy;Szampony;0;67,7;37,24;250ml;0,23;Active;1;Premium
12633;FreshGlow Podpaski Super 20 szt.;FreshGlow;Higiena intymna;Podpaski;0;22,65;14,72;szt.;0,23;Phase-Out;0;Premium
12634;BabySoft Chusteczki Rozmiar 3 60 szt.;BabySoft;Dziecko;Chusteczki;0;28,51;21,38;szt.;0,23;Active;0;Economy
12635;Aura Basic Podpaski Normal 20 szt.;Aura Basic;Higiena intymna;Podpaski;1;6,41;2,88;szt.;0,23;Active;0;Economy
12636;PureBotanica Sera Matujący 150ml;PureBotanica;Pielęgnacja twarzy;Sera;0;64,07;28,83;150ml;0,23;Discontinued;1;Mid-Market
12637;SoftTouch Płyny i żele Super 200ml;SoftTouch;Higiena intymna;Płyny i żele;0;11,48;7,46;200ml;0,23;Active;0;Economy
12638;DermaGlow Sera Matujący 50ml;DermaGlow;Pielęgnacja twarzy;Sera;0;100,92;45,41;50ml;0,23;Active;0;Premium
12639;Herbix Stylizacja Przeciwłupieżowy 250ml;Herbix;Włosy;Stylizacja;0;17,7;9,74;250ml;0,23;Active;1;Economy
12640;Aura Beauty Twarz Rozświetlający 30ml;Aura Beauty;Makijaż;Twarz;1;90,4;18,08;30ml;0,23;Active;1;Mid-Market
12641;Aura Care Krem na dzień Przeciwzmarszczkowy 30ml;Aura Care;Pielęgnacja twarzy;Kremy na dzień;1;92,75;23,19;30ml;0,23;Active;1;Premium
12642;Aura Care Krem na noc Nawilżający 150ml;Aura Care;Pielęgnacja twarzy;Kremy na noc;1;98,31;24,58;150ml;0,23;Active;1;Premium
12643;PureTots Pieluchy Rozmiar 3 60 szt.;PureTots;Dziecko;Pieluchy;0;17,74;13,3;szt.;0,23;Active;0;Economy
12644;Aura Care Sera Nawilżający 150ml;Aura Care;Pielęgnacja twarzy;Sera;1;45,74;11,44;150ml;0,23;Active;1;Economy
12645;Aura Care Sera Z witaminą C 30ml;Aura Care;Pielęgnacja twarzy;Sera;1;45,08;11,27;30ml;0,23;Active;1;Economy
12646;DermaGlow Sera Z witaminą C 30ml;DermaGlow;Pielęgnacja twarzy;Sera;0;135,56;61,0;30ml;0,23;Active;1;Premium
12647;VitaCore Witaminy D3 2000 j.m. 60 kaps.;VitaCore;Suplementy i Zdrowie;Witaminy;0;62,74;34,51;kaps.;0,08;Active;0;Mid-Market
12648;SilkMane Stylizacja Do farbowanych 500ml;SilkMane;Włosy;Stylizacja;0;79,78;43,88;500ml;0,23;Active;0;Premium
12649;VigorHair Maski Odbudowujący 400ml;VigorHair;Włosy;Maski;0;30,15;16,58;400ml;0,23;Active;1;Economy
12650;Herbix Odżywki Odbudowujący 500ml;Herbix;Włosy;Odżywki;0;26,52;14,59;500ml;0,23;Active;1;Economy
12651;SilkMane Odżywki Odbudowujący 500ml;SilkMane;Włosy;Odżywki;0;32,91;18,1;500ml;0,23;Active;0;Economy
12652;Aura Care Żele do mycia Przeciwzmarszczkowy 50ml;Aura Care;Pielęgnacja twarzy;Żele do mycia;1;32,94;8,23;50ml;0,23;Active;1;Economy
12653;Aura Beauty Oczy Long-lasting 15g;Aura Beauty;Makijaż;Oczy;1;34,87;6,97;15g;0,23;Active;0;Economy
12654;SoftTouch Płyny i żele Super 40 szt.;SoftTouch;Higiena intymna;Płyny i żele;0;8,16;5,3;szt.;0,23;Phase-Out;0;Economy
12655;Aura Care Sera Z witaminą C 150ml;Aura Care;Pielęgnacja twarzy;Sera;1;79,2;19,8;150ml;0,23;Active;1;Mid-Market
12656;LumiSkin Krem na noc Nawilżający 150ml;LumiSkin;Pielęgnacja twarzy;Kremy na noc;0;89,44;40,25;150ml;0,23;Active;0;Mid-Market
12657;Aura Kids Kosmetyki Nawilżane 40 szt.;Aura Kids;Dziecko;Kosmetyki;1;57,68;34,61;szt.;0,23;Active;0;Premium
12658;Aura Care Witaminy Magnez + B6 60 kaps.;Aura Care;Suplementy i Zdrowie;Witaminy;1;35,02;10,51;kaps.;0,08;Discontinued;1;Economy
12659;VigorHair Szampon Przeciwłupieżowy 400ml;VigorHair;Włosy;Szampony;0;63,29;34,81;400ml;0,23;Active;1;Premium
12660;Herbix Maski Odbudowujący 400ml;Herbix;Włosy;Maski;0;69,13;38,02;400ml;0,23;Active;1;Premium
12661;PureTots Kosmetyki Rozmiar 4 60 szt.;PureTots;Dziecko;Kosmetyki;0;76,57;57,43;szt.;0,23;Active;1;Premium
12662;GlamTouch Usta Rozświetlający 30ml;GlamTouch;Makijaż;Usta;0;156,41;62,56;30ml;0,23;Active;0;Premium
12663;ScentMaison Mgiełki Intense 50ml;ScentMaison;Perfumy;Mgiełki;0;453,23;158,63;50ml;0,23;Active;0;Premium
12664;Aura Care Sera Z witaminą C 30ml;Aura Care;Pielęgnacja twarzy;Sera;1;31,04;7,76;30ml;0,23;Active;1;Economy
12665;Aura Beauty Oczy Rozświetlający 30ml;Aura Beauty;Makijaż;Oczy;1;33,31;6,66;30ml;0,23;Active;1;Economy
12666;Veluria Krem na dzień Z witaminą C 50ml;Veluria;Pielęgnacja twarzy;Kremy na dzień;0;96,29;43,33;50ml;0,23;Active;0;Premium
12667;VelvetLine Oczy Wodoodporny 30ml;VelvetLine;Makijaż;Oczy;0;84,15;33,66;30ml;0,23;Active;0;Mid-Market
12668;Aura Care Krem na noc Nawilżający 150ml;Aura Care;Pielęgnacja twarzy;Kremy na noc;1;64,57;16,14;150ml;0,23;Active;1;Mid-Market
12669;FreshGlow Płyny i żele Normal 20 szt.;FreshGlow;Higiena intymna;Płyny i żele;0;15,91;10,34;szt.;0,23;Active;0;Mid-Market
12670;BotanicaPro Stylizacja Przeciwłupieżowy 400ml;BotanicaPro;Włosy;Stylizacja;0;48,08;26,44;400ml;0,23;Active;0;Mid-Market
12671;SilkMane Szampon Do farbowanych 400ml;SilkMane;Włosy;Szampony;0;77,78;42,78;400ml;0,23;Discontinued;0;Premium
12672;PureBotanica Sera Przeciwzmarszczkowy 150ml;PureBotanica;Pielęgnacja twarzy;Sera;0;116,69;52,51;150ml;0,23;Active;1;Premium
12673;VitaCore Odporność D3 2000 j.m. 30 kaps.;VitaCore;Suplementy i Zdrowie;Odporność;0;55,9;30,75;kaps.;0,08;Active;0;Mid-Market
12674;NutriMax Odporność Forte 90 kaps.;NutriMax;Suplementy i Zdrowie;Odporność;0;21,67;11,92;kaps.;0,08;Active;0;Economy
12675;Herbix Szampon Nawilżająca 500ml;Herbix;Włosy;Szampony;0;47,93;26,36;500ml;0,23;Active;1;Mid-Market
12676;Aura Care Minerały D3 2000 j.m. 90 kaps.;Aura Care;Suplementy i Zdrowie;Minerały;1;42,43;12,73;kaps.;0,08;Active;1;Economy
12677;VitaCore Witaminy D3 2000 j.m. 30 kaps.;VitaCore;Suplementy i Zdrowie;Witaminy;0;77,21;42,47;kaps.;0,08;Active;0;Premium
12678;Aura Care Żele do mycia Matujący 30ml;Aura Care;Pielęgnacja twarzy;Żele do mycia;1;15,69;3,92;30ml;0,23;Active;1;Economy
12679;TinyJoy Kosmetyki Sensitive 40 szt.;TinyJoy;Dziecko;Kosmetyki;0;76,42;57,31;szt.;0,23;Discontinued;0;Premium
12680;Veluria Krem na dzień Matujący 30ml;Veluria;Pielęgnacja twarzy;Kremy na dzień;0;71,58;32,21;30ml;0,23;Phase-Out;0;Mid-Market
12681;Veluria Żele do mycia Nawilżający 30ml;Veluria;Pielęgnacja twarzy;Żele do mycia;0;88,85;39,98;30ml;0,23;Active;0;Mid-Market
12682;TinyJoy Chusteczki Nawilżane 40 szt.;TinyJoy;Dziecko;Chusteczki;0;66,48;49,86;szt.;0,23;Active;0;Premium
12683;SilkMane Stylizacja Przeciwłupieżowy 250ml;SilkMane;Włosy;Stylizacja;0;58,33;32,08;250ml;0,23;Active;0;Premium
12684;Aura Basic Podpaski Super 40 szt.;Aura Basic;Higiena intymna;Podpaski;1;8,23;3,7;szt.;0,23;Active;1;Economy
12685;Aura Beauty Oczy Rozświetlający 8ml;Aura Beauty;Makijaż;Oczy;1;120,88;24,18;8ml;0,23;Active;0;Premium
12686;Veluria Krem na dzień Matujący 30ml;Veluria;Pielęgnacja twarzy;Kremy na dzień;0;103,89;46,75;30ml;0,23;Phase-Out;0;Premium
12687;Veluria Krem na dzień Z witaminą C 50ml;Veluria;Pielęgnacja twarzy;Kremy na dzień;0;121,57;54,71;50ml;0,23;Active;0;Premium
12688;GlamTouch Oczy Rozświetlający 8ml;GlamTouch;Makijaż;Oczy;0;139,45;55,78;8ml;0,23;Active;0;Premium
12689;HealthSpark Minerały Forte 30 kaps.;HealthSpark;Suplementy i Zdrowie;Minerały;0;73,5;40,43;kaps.;0,08;Active;0;Premium
12690;VigorHair Stylizacja Przeciwłupieżowy 400ml;VigorHair;Włosy;Stylizacja;0;78,01;42,91;400ml;0,23;Active;0;Premium
12691;SoftTouch Podpaski Kojący 40 szt.;SoftTouch;Higiena intymna;Podpaski;0;7,27;4,73;szt.;0,23;Phase-Out;0;Economy
12692;FreshGlow Płyny i żele Normal 20 szt.;FreshGlow;Higiena intymna;Płyny i żele;0;9,82;6,38;szt.;0,23;Phase-Out;0;Economy
12693;Aura Basic Wkładki Super 40 szt.;Aura Basic;Higiena intymna;Wkładki;1;16,24;7,31;szt.;0,23;Active;0;Mid-Market
12694;Veluria Krem na noc Przeciwzmarszczkowy 150ml;Veluria;Pielęgnacja twarzy;Kremy na noc;0;137,38;61,82;150ml;0,23;Active;0;Premium
12695;HealthSpark Witaminy Forte 60 kaps.;HealthSpark;Suplementy i Zdrowie;Witaminy;0;96,4;53,02;kaps.;0,08;Phase-Out;0;Premium
12696;PureBotanica Sera Z witaminą C 30ml;PureBotanica;Pielęgnacja twarzy;Sera;0;53,25;23,96;30ml;0,23;Active;1;Mid-Market
12697;LumiSkin Żele do mycia Przeciwzmarszczkowy 150ml;LumiSkin;Pielęgnacja twarzy;Żele do mycia;0;63,74;28,68;150ml;0,23;Active;0;Mid-Market
12698;TinyJoy Chusteczki Rozmiar 4 40 szt.;TinyJoy;Dziecko;Chusteczki;0;41,71;31,28;szt.;0,23;Phase-Out;0;Mid-Market
12699;LumiSkin Krem na dzień Z witaminą C 30ml;LumiSkin;Pielęgnacja twarzy;Kremy na dzień;0;125,83;56,62;30ml;0,23;Phase-Out;1;Premium
12700;PureCare Płyny i żele Ochronny 40 szt.;PureCare;Higiena intymna;Płyny i żele;0;25,72;16,72;szt.;0,23;Active;1;Premium
12701;LumiSkin Krem na dzień Nawilżający 50ml;LumiSkin;Pielęgnacja twarzy;Kremy na dzień;0;128,81;57,96;50ml;0,23;Active;0;Premium
12702;Aura Beauty Usta Matujący 8ml;Aura Beauty;Makijaż;Usta;1;55,99;11,2;8ml;0,23;Active;0;Economy
12703;DermaGlow Krem na dzień Przeciwzmarszczkowy 30ml;DermaGlow;Pielęgnacja twarzy;Kremy na dzień;0;124,63;56,08;30ml;0,23;Active;0;Premium
12704;Aura Basic Wkładki Super 200ml;Aura Basic;Higiena intymna;Wkładki;1;8,26;3,72;200ml;0,23;Discontinued;0;Economy
12705;Herbix Maski Do farbowanych 250ml;Herbix;Włosy;Maski;0;51,53;28,34;250ml;0,23;Active;1;Mid-Market
12706;FreshGlow Wkładki Normal 200ml;FreshGlow;Higiena intymna;Wkładki;0;18,71;12,16;200ml;0,23;Active;0;Mid-Market
12707;Aura Care Krem na noc Nawilżający 30ml;Aura Care;Pielęgnacja twarzy;Kremy na noc;1;28,25;7,06;30ml;0,23;Active;1;Economy
12708;ColorAura Oczy Wodoodporny 15g;ColorAura;Makijaż;Oczy;0;162,14;64,86;15g;0,23;Active;0;Premium
12709;Aura Care Stylizacja Odbudowujący 500ml;Aura Care;Włosy;Stylizacja;1;27,59;9,66;500ml;0,23;Active;1;Economy
12710;Aura Beauty Oczy Rozświetlający 8ml;Aura Beauty;Makijaż;Oczy;1;81,36;16,27;8ml;0,23;Active;0;Mid-Market
12711;VigorHair Stylizacja Odbudowujący 250ml;VigorHair;Włosy;Stylizacja;0;24,04;13,22;250ml;0,23;Discontinued;0;Economy
12712;BotanicaPro Odżywki Przeciwłupieżowy 400ml;BotanicaPro;Włosy;Odżywki;0;20,01;11,01;400ml;0,23;Active;0;Economy
12713;Aura Beauty Usta Long-lasting 15g;Aura Beauty;Makijaż;Usta;1;103,79;20,76;15g;0,23;Active;0;Mid-Market
12714;PureBotanica Krem na dzień Nawilżający 50ml;PureBotanica;Pielęgnacja twarzy;Kremy na dzień;0;43,87;19,74;50ml;0,23;Active;1;Economy
12715;Aura Care Witaminy Forte 90 kaps.;Aura Care;Suplementy i Zdrowie;Witaminy;1;42,48;12,74;kaps.;0,08;Phase-Out;1;Economy
12716;FreshGlow Płyny i żele Ochronny 40 szt.;FreshGlow;Higiena intymna;Płyny i żele;0;26,35;17,13;szt.;0,23;Active;0;Premium
12717;Veluria Krem na noc Przeciwzmarszczkowy 30ml;Veluria;Pielęgnacja twarzy;Kremy na noc;0;100,48;45,22;30ml;0,23;Discontinued;0;Premium
12718;DermaGlow Krem na noc Matujący 50ml;DermaGlow;Pielęgnacja twarzy;Kremy na noc;0;121,3;54,58;50ml;0,23;Active;0;Premium
12719;SoftTouch Płyny i żele Ochronny 200ml;SoftTouch;Higiena intymna;Płyny i żele;0;26,64;17,32;200ml;0,23;Active;0;Premium
12720;VitaCore Odporność Forte 60 kaps.;VitaCore;Suplementy i Zdrowie;Odporność;0;31,45;17,3;kaps.;0,08;Active;0;Economy
12721;Herbix Maski Odbudowujący 250ml;Herbix;Włosy;Maski;0;25,53;14,04;250ml;0,23;Active;1;Economy
12722;Aura Beauty Twarz Wodoodporny 8ml;Aura Beauty;Makijaż;Twarz;1;35,61;7,12;8ml;0,23;Active;0;Economy
12723;TinyJoy Chusteczki Nawilżane 60 szt.;TinyJoy;Dziecko;Chusteczki;0;31,7;23,77;szt.;0,23;Active;0;Economy
12724;Veluria Żele do mycia Matujący 50ml;Veluria;Pielęgnacja twarzy;Żele do mycia;0;121,64;54,74;50ml;0,23;Active;0;Premium
12725;Aura Care Sera Z witaminą C 30ml;Aura Care;Pielęgnacja twarzy;Sera;1;73,71;18,43;30ml;0,23;Active;1;Mid-Market
12726;Herbix Stylizacja Nawilżająca 500ml;Herbix;Włosy;Stylizacja;0;18,03;9,92;500ml;0,23;Active;1;Economy
12727;Aura Care Witaminy Forte 90 kaps.;Aura Care;Suplementy i Zdrowie;Witaminy;1;67,59;20,28;kaps.;0,08;Active;1;Mid-Market
12728;Aura Basic Wkładki Kojący 200ml;Aura Basic;Higiena intymna;Wkładki;1;10,3;4,63;200ml;0,23;Active;0;Economy
12729;Veluria Sera Nawilżający 50ml;Veluria;Pielęgnacja twarzy;Sera;0;125,35;56,41;50ml;0,23;Active;0;Premium
12730;Herbix Stylizacja Do farbowanych 500ml;Herbix;Włosy;Stylizacja;0;49,1;27,01;500ml;0,23;Active;1;Mid-Market
12731;VigorHair Maski Do farbowanych 250ml;VigorHair;Włosy;Maski;0;73,76;40,57;250ml;0,23;Active;0;Premium
12732;VitaCore Odporność D3 2000 j.m. 60 kaps.;VitaCore;Suplementy i Zdrowie;Odporność;0;73,23;40,28;kaps.;0,08;Active;1;Premium
12733;SoftTouch Płyny i żele Super 40 szt.;SoftTouch;Higiena intymna;Płyny i żele;0;22,33;14,51;szt.;0,23;Active;0;Premium
12734;SilkMane Odżywki Nawilżająca 400ml;SilkMane;Włosy;Odżywki;0;51,36;28,25;400ml;0,23;Active;0;Mid-Market
12735;PureCare Płyny i żele Ochronny 40 szt.;PureCare;Higiena intymna;Płyny i żele;0;10,19;6,62;szt.;0,23;Active;1;Economy
12736;GlamTouch Oczy Wodoodporny 30ml;GlamTouch;Makijaż;Oczy;0;119,16;47,66;30ml;0,23;Active;0;Premium
12737;NutriMax Witaminy Magnez + B6 30 kaps.;NutriMax;Suplementy i Zdrowie;Witaminy;0;88,13;48,47;kaps.;0,08;Active;0;Premium
12738;DermaGlow Żele do mycia Matujący 50ml;DermaGlow;Pielęgnacja twarzy;Żele do mycia;0;118,84;53,48;50ml;0,23;Active;0;Premium
12739;BotanicaPro Stylizacja Przeciwłupieżowy 400ml;BotanicaPro;Włosy;Stylizacja;0;74,06;40,73;400ml;0,23;Active;0;Premium
12740;PureBotanica Żele do mycia Z witaminą C 150ml;PureBotanica;Pielęgnacja twarzy;Żele do mycia;0;29,19;13,14;150ml;0,23;Active;1;Economy
12741;SoftTouch Wkładki Super 20 szt.;SoftTouch;Higiena intymna;Wkładki;0;11,36;7,38;szt.;0,23;Active;0;Economy
12742;LumiSkin Sera Przeciwzmarszczkowy 50ml;LumiSkin;Pielęgnacja twarzy;Sera;0;27,02;12,16;50ml;0,23;Active;1;Economy
12743;VitaCore Odporność Forte 30 kaps.;VitaCore;Suplementy i Zdrowie;Odporność;0;93,06;51,18;kaps.;0,08;Active;0;Premium
12744;FreshGlow Płyny i żele Kojący 40 szt.;FreshGlow;Higiena intymna;Płyny i żele;0;7,29;4,74;szt.;0,23;Active;0;Economy
12745;VigorHair Stylizacja Nawilżająca 500ml;VigorHair;Włosy;Stylizacja;0;44,7;24,59;500ml;0,23;Active;0;Mid-Market
12746;Aura Care Odżywki Nawilżająca 250ml;Aura Care;Włosy;Odżywki;1;19,31;6,76;250ml;0,23;Phase-Out;1;Economy
12747;FreshGlow Wkładki Super 20 szt.;FreshGlow;Higiena intymna;Wkładki;0;25,22;16,39;szt.;0,23;Active;0;Premium
12748;VisagePro Twarz Wodoodporny 30ml;VisagePro;Makijaż;Twarz;0;81,76;32,7;30ml;0,23;Active;0;Mid-Market
12749;SilkMane Szampon Przeciwłupieżowy 400ml;SilkMane;Włosy;Szampony;0;45,21;24,87;400ml;0,23;Phase-Out;0;Mid-Market
12750;LumiSkin Sera Z witaminą C 50ml;LumiSkin;Pielęgnacja twarzy;Sera;0;32,05;14,42;50ml;0,23;Active;0;Economy
12751;HealthSpark Odporność Forte 30 kaps.;HealthSpark;Suplementy i Zdrowie;Odporność;0;61,57;33,86;kaps.;0,08;Active;0;Mid-Market
12752;Aura Care Sera Z witaminą C 150ml;Aura Care;Pielęgnacja twarzy;Sera;1;79,87;19,97;150ml;0,23;Discontinued;1;Mid-Market
12753;VigorHair Odżywki Odbudowujący 400ml;VigorHair;Włosy;Odżywki;0;21,9;12,04;400ml;0,23;Active;0;Economy
12754;Aura Care Minerały Magnez + B6 30 kaps.;Aura Care;Suplementy i Zdrowie;Minerały;1;44,02;13,21;kaps.;0,08;Active;1;Mid-Market
12755;Veluria Sera Nawilżający 30ml;Veluria;Pielęgnacja twarzy;Sera;0;87,48;39,37;30ml;0,23;Active;1;Mid-Market
12756;VelvetLine Oczy Long-lasting 8ml;VelvetLine;Makijaż;Oczy;0;135,23;54,09;8ml;0,23;Active;0;Premium
12757;Aura Care Sera Matujący 30ml;Aura Care;Pielęgnacja twarzy;Sera;1;105,19;26,3;30ml;0,23;Active;1;Premium
12758;HealthSpark Odporność Magnez + B6 90 kaps.;HealthSpark;Suplementy i Zdrowie;Odporność;0;99,49;54,72;kaps.;0,08;Active;1;Premium
12759;VigorHair Szampon Przeciwłupieżowy 400ml;VigorHair;Włosy;Szampony;0;70,87;38,98;400ml;0,23;Active;0;Premium
12760;Aura Care Krem na dzień Z witaminą C 30ml;Aura Care;Pielęgnacja twarzy;Kremy na dzień;1;89,35;22,34;30ml;0,23;Active;1;Mid-Market
12761;PureCare Wkładki Kojący 40 szt.;PureCare;Higiena intymna;Wkładki;0;15,94;10,36;szt.;0,23;Active;1;Mid-Market
12762;HealthSpark Witaminy Forte 30 kaps.;HealthSpark;Suplementy i Zdrowie;Witaminy;0;47,95;26,37;kaps.;0,08;Discontinued;0;Mid-Market
12763;PureTots Pieluchy Rozmiar 3 60 szt.;PureTots;Dziecko;Pieluchy;0;56,33;42,25;szt.;0,23;Phase-Out;0;Premium
12764;NutriMax Minerały Magnez + B6 90 kaps.;NutriMax;Suplementy i Zdrowie;Minerały;0;97,01;53,36;kaps.;0,08;Phase-Out;0;Premium
12765;SilkMane Szampon Przeciwłupieżowy 500ml;SilkMane;Włosy;Szampony;0;27,01;14,86;500ml;0,23;Active;0;Economy
12766;Aura Basic Wkładki Ochronny 20 szt.;Aura Basic;Higiena intymna;Wkładki;1;12,88;5,8;szt.;0,23;Active;0;Economy
12767;PureCare Płyny i żele Ochronny 40 szt.;PureCare;Higiena intymna;Płyny i żele;0;7,98;5,19;szt.;0,23;Active;1;Economy
12768;PureBotanica Żele do mycia Przeciwzmarszczkowy 150ml;PureBotanica;Pielęgnacja twarzy;Żele do mycia;0;58,6;26,37;150ml;0,23;Active;1;Mid-Market
12769;VigorHair Maski Odbudowujący 500ml;VigorHair;Włosy;Maski;0;75,71;41,64;500ml;0,23;Active;0;Premium
12770;GlamTouch Oczy Long-lasting 15g;GlamTouch;Makijaż;Oczy;0;96,55;38,62;15g;0,23;Active;0;Mid-Market
12771;BotanicaPro Stylizacja Odbudowujący 400ml;BotanicaPro;Włosy;Stylizacja;0;40,18;22,1;400ml;0,23;Active;1;Mid-Market
12772;PureCare Wkładki Kojący 40 szt.;PureCare;Higiena intymna;Wkładki;0;8,62;5,6;szt.;0,23;Phase-Out;1;Economy
12773;VigorHair Maski Przeciwłupieżowy 400ml;VigorHair;Włosy;Maski;0;29,77;16,37;400ml;0,23;Phase-Out;0;Economy
12774;PureBotanica Żele do mycia Nawilżający 150ml;PureBotanica;Pielęgnacja twarzy;Żele do mycia;0;123,78;55,7;150ml;0,23;Active;1;Premium
12775;Veluria Sera Nawilżający 150ml;Veluria;Pielęgnacja twarzy;Sera;0;119,78;53,9;150ml;0,23;Active;0;Premium
12776;DermaGlow Żele do mycia Matujący 30ml;DermaGlow;Pielęgnacja twarzy;Żele do mycia;0;27,36;12,31;30ml;0,23;Active;1;Economy
12777;SoftTouch Wkładki Ochronny 200ml;SoftTouch;Higiena intymna;Wkładki;0;7,99;5,19;200ml;0,23;Active;0;Economy
12778;SilkMane Odżywki Nawilżająca 400ml;SilkMane;Włosy;Odżywki;0;17,58;9,67;400ml;0,23;Active;0;Economy
12779;PureTots Pieluchy Sensitive 500ml;PureTots;Dziecko;Pieluchy;0;73,95;55,46;500ml;0,23;Active;0;Premium
12780;Aura Basic Podpaski Ochronny 200ml;Aura Basic;Higiena intymna;Podpaski;1;17,33;7,8;200ml;0,23;Active;0;Mid-Market
12781;PureBotanica Krem na noc Przeciwzmarszczkowy 150ml;PureBotanica;Pielęgnacja twarzy;Kremy na noc;0;82,56;37,15;150ml;0,23;Active;1;Mid-Market
12782;GlamTouch Twarz Rozświetlający 30ml;GlamTouch;Makijaż;Twarz;0;116,88;46,75;30ml;0,23;Active;0;Premium
12783;ColorAura Usta Long-lasting 8ml;ColorAura;Makijaż;Usta;0;135,1;54,04;8ml;0,23;Discontinued;0;Premium
12784;Aura Care Minerały Magnez + B6 90 kaps.;Aura Care;Suplementy i Zdrowie;Minerały;1;45,09;13,53;kaps.;0,08;Active;1;Mid-Market
12785;Veluria Krem na noc Z witaminą C 150ml;Veluria;Pielęgnacja twarzy;Kremy na noc;0;129,07;58,08;150ml;0,23;Active;0;Premium
12786;Herbix Stylizacja Nawilżająca 250ml;Herbix;Włosy;Stylizacja;0;44,03;24,22;250ml;0,23;Active;1;Mid-Market
12787;VitaCore Witaminy C 1000mg 60 kaps.;VitaCore;Suplementy i Zdrowie;Witaminy;0;75,51;41,53;kaps.;0,08;Active;1;Premium
12788;HealthSpark Witaminy D3 2000 j.m. 90 kaps.;HealthSpark;Suplementy i Zdrowie;Witaminy;0;18,84;10,36;kaps.;0,08;Discontinued;0;Economy
12789;VelvetLine Oczy Rozświetlający 8ml;VelvetLine;Makijaż;Oczy;0;68,57;27,43;8ml;0,23;Active;0;Economy
12790;Herbix Stylizacja Przeciwłupieżowy 250ml;Herbix;Włosy;Stylizacja;0;73,29;40,31;250ml;0,23;Active;1;Premium
12791;PureCare Płyny i żele Kojący 40 szt.;PureCare;Higiena intymna;Płyny i żele;0;26,25;17,06;szt.;0,23;Active;1;Premium
12792;Aura Basic Płyny i żele Ochronny 40 szt.;Aura Basic;Higiena intymna;Płyny i żele;1;10,36;4,66;szt.;0,23;Active;0;Economy
12793;Veluria Żele do mycia Przeciwzmarszczkowy 50ml;Veluria;Pielęgnacja twarzy;Żele do mycia;0;125,12;56,3;50ml;0,23;Active;0;Premium
12794;Aura Beauty Oczy Matujący 8ml;Aura Beauty;Makijaż;Oczy;1;47,43;9,49;8ml;0,23;Discontinued;0;Economy
12795;BabySoft Kosmetyki Rozmiar 4 60 szt.;BabySoft;Dziecko;Kosmetyki;0;37,5;28,12;szt.;0,23;Active;0;Mid-Market
12796;ColorAura Oczy Wodoodporny 30ml;ColorAura;Makijaż;Oczy;0;23,66;9,46;30ml;0,23;Active;0;Economy
12797;TinyJoy Kosmetyki Rozmiar 4 60 szt.;TinyJoy;Dziecko;Kosmetyki;0;36,37;27,28;szt.;0,23;Discontinued;0;Mid-Market
12798;VelvetLine Usta Rozświetlający 8ml;VelvetLine;Makijaż;Usta;0;138,98;55,59;8ml;0,23;Discontinued;0;Premium
12799;PureBotanica Sera Z witaminą C 150ml;PureBotanica;Pielęgnacja twarzy;Sera;0;56,78;25,55;150ml;0,23;Active;1;Mid-Market
12800;Veluria Krem na dzień Z witaminą C 150ml;Veluria;Pielęgnacja twarzy;Kremy na dzień;0;101,91;45,86;150ml;0,23;Active;0;Premium
12801;GlamTouch Oczy Long-lasting 15g;GlamTouch;Makijaż;Oczy;0;75,73;30,29;15g;0,23;Active;1;Mid-Market
12802;GlamTouch Oczy Long-lasting 15g;GlamTouch;Makijaż;Oczy;0;114,17;45,67;15g;0,23;Active;0;Mid-Market
12803;PureBotanica Krem na noc Z witaminą C 50ml;PureBotanica;Pielęgnacja twarzy;Kremy na noc;0;65,33;29,4;50ml;0,23;Active;1;Mid-Market
12804;BotanicaPro Szampon Odbudowujący 250ml;BotanicaPro;Włosy;Szampony;0;45,23;24,88;250ml;0,23;Active;0;Mid-Market
12805;GlamTouch Twarz Long-lasting 15g;GlamTouch;Makijaż;Twarz;0;86,51;34,6;15g;0,23;Active;0;Mid-Market
12806;VelvetLine Oczy Matujący 30ml;VelvetLine;Makijaż;Oczy;0;125,96;50,38;30ml;0,23;Discontinued;1;Premium
12807;PureBotanica Sera Z witaminą C 150ml;PureBotanica;Pielęgnacja twarzy;Sera;0;93,17;41,93;150ml;0,23;Active;1;Premium
12808;FreshGlow Płyny i żele Kojący 40 szt.;FreshGlow;Higiena intymna;Płyny i żele;0;19,7;12,8;szt.;0,23;Active;0;Mid-Market
12809;VigorHair Odżywki Do farbowanych 400ml;VigorHair;Włosy;Odżywki;0;54,5;29,98;400ml;0,23;Active;0;Mid-Market
12810;BotanicaPro Szampon Przeciwłupieżowy 400ml;BotanicaPro;Włosy;Szampony;0;60,3;33,16;400ml;0,23;Active;0;Premium
12811;Veluria Sera Matujący 150ml;Veluria;Pielęgnacja twarzy;Sera;0;101,88;45,85;150ml;0,23;Active;0;Premium
12812;PureTots Chusteczki Rozmiar 4 40 szt.;PureTots;Dziecko;Chusteczki;0;47,33;35,5;szt.;0,23;Active;0;Mid-Market
12813;GlamTouch Oczy Long-lasting 30ml;GlamTouch;Makijaż;Oczy;0;177,25;70,9;30ml;0,23;Active;0;Premium
12814;Aura Beauty Twarz Long-lasting 15g;Aura Beauty;Makijaż;Twarz;1;98,79;19,76;15g;0,23;Active;0;Mid-Market
12815;FreshGlow Wkładki Super 20 szt.;FreshGlow;Higiena intymna;Wkładki;0;25,89;16,83;szt.;0,23;Active;0;Premium
12816;Aura Basic Wkładki Super 200ml;Aura Basic;Higiena intymna;Wkładki;1;5,58;2,51;200ml;0,23;Active;0;Economy
12817;PureTots Pieluchy Sensitive 40 szt.;PureTots;Dziecko;Pieluchy;0;45,2;33,9;szt.;0,23;Active;0;Mid-Market
12818;FreshGlow Podpaski Ochronny 40 szt.;FreshGlow;Higiena intymna;Podpaski;0;8,21;5,34;szt.;0,23;Active;1;Economy
12819;Aura Care Szampon Odbudowujący 500ml;Aura Care;Włosy;Szampony;1;11,53;4,04;500ml;0,23;Active;1;Economy
12820;NutriMax Witaminy C 1000mg 60 kaps.;NutriMax;Suplementy i Zdrowie;Witaminy;0;17,31;9,52;kaps.;0,08;Active;0;Economy
12821;ColorAura Oczy Wodoodporny 15g;ColorAura;Makijaż;Oczy;0;160,17;64,07;15g;0,23;Active;0;Premium
12822;Aura Beauty Usta Matujący 15g;Aura Beauty;Makijaż;Usta;1;71,78;14,36;15g;0,23;Phase-Out;1;Mid-Market
12823;PureBotanica Żele do mycia Z witaminą C 30ml;PureBotanica;Pielęgnacja twarzy;Żele do mycia;0;101,38;45,62;30ml;0,23;Phase-Out;1;Premium
12824;Aura Care Maski Nawilżająca 400ml;Aura Care;Włosy;Maski;1;55,97;19,59;400ml;0,23;Active;1;Premium
12825;DermaGlow Żele do mycia Z witaminą C 50ml;DermaGlow;Pielęgnacja twarzy;Żele do mycia;0;117,21;52,74;50ml;0,23;Active;0;Premium
12826;NoirElegance EDT Pour Homme 50ml;NoirElegance;Perfumy;EDT;0;335,65;117,48;50ml;0,23;Phase-Out;0;Premium
12827;NutriMax Odporność D3 2000 j.m. 30 kaps.;NutriMax;Suplementy i Zdrowie;Odporność;0;87,11;47,91;kaps.;0,08;Active;0;Premium
12828;Aura Care Odżywki Do farbowanych 500ml;Aura Care;Włosy;Odżywki;1;34,64;12,12;500ml;0,23;Phase-Out;1;Mid-Market
12829;VelvetAroma EDT Fresh 30ml;VelvetAroma;Perfumy;EDT;0;112,38;39,33;30ml;0,23;Active;0;Economy
12830;Herbix Maski Odbudowujący 500ml;Herbix;Włosy;Maski;0;32,75;18,01;500ml;0,23;Active;1;Economy
12831;GlamTouch Oczy Matujący 15g;GlamTouch;Makijaż;Oczy;0;24,95;9,98;15g;0,23;Active;0;Economy
12832;Herbix Odżywki Przeciwłupieżowy 250ml;Herbix;Włosy;Odżywki;0;76,11;41,86;250ml;0,23;Active;1;Premium
12833;VisagePro Oczy Matujący 30ml;VisagePro;Makijaż;Oczy;0;61,85;24,74;30ml;0,23;Active;0;Economy
12834;PureBotanica Krem na noc Matujący 30ml;PureBotanica;Pielęgnacja twarzy;Kremy na noc;0;132,77;59,75;30ml;0,23;Active;1;Premium
12835;Herbix Odżywki Przeciwłupieżowy 250ml;Herbix;Włosy;Odżywki;0;53,24;29,28;250ml;0,23;Active;1;Mid-Market
12836;Herbix Maski Odbudowujący 250ml;Herbix;Włosy;Maski;0;58,76;32,32;250ml;0,23;Phase-Out;1;Premium
12837;DermaGlow Sera Z witaminą C 30ml;DermaGlow;Pielęgnacja twarzy;Sera;0;100,54;45,24;30ml;0,23;Active;0;Premium
12838;VigorHair Stylizacja Odbudowujący 500ml;VigorHair;Włosy;Stylizacja;0;16,14;8,88;500ml;0,23;Active;0;Economy
12839;GlamTouch Twarz Matujący 30ml;GlamTouch;Makijaż;Twarz;0;170,81;68,32;30ml;0,23;Active;0;Premium
12840;Veluria Krem na noc Z witaminą C 150ml;Veluria;Pielęgnacja twarzy;Kremy na noc;0;101,21;45,54;150ml;0,23;Active;0;Premium
12841;VisagePro Twarz Matujący 15g;VisagePro;Makijaż;Twarz;0;137,19;54,88;15g;0,23;Active;1;Premium
12842;TinyJoy Kosmetyki Sensitive 500ml;TinyJoy;Dziecko;Kosmetyki;0;24,95;18,71;500ml;0,23;Active;0;Economy
12843;BotanicaPro Maski Odbudowujący 500ml;BotanicaPro;Włosy;Maski;0;66,44;36,54;500ml;0,23;Active;0;Premium
12844;VelvetLine Usta Wodoodporny 8ml;VelvetLine;Makijaż;Usta;0;140,9;56,36;8ml;0,23;Active;0;Premium
12845;BotanicaPro Stylizacja Odbudowujący 500ml;BotanicaPro;Włosy;Stylizacja;0;70,22;38,62;500ml;0,23;Active;0;Premium
12846;BotanicaPro Szampon Przeciwłupieżowy 500ml;BotanicaPro;Włosy;Szampony;0;41,14;22,63;500ml;0,23;Active;0;Mid-Market
12847;Aura Care Odporność D3 2000 j.m. 60 kaps.;Aura Care;Suplementy i Zdrowie;Odporność;1;39,12;11,74;kaps.;0,08;Active;1;Economy
12848;SilkMane Stylizacja Przeciwłupieżowy 500ml;SilkMane;Włosy;Stylizacja;0;72,4;39,82;500ml;0,23;Active;0;Premium
12849;DermaGlow Żele do mycia Matujący 150ml;DermaGlow;Pielęgnacja twarzy;Żele do mycia;0;62,53;28,14;150ml;0,23;Active;0;Mid-Market
12850;Aura Beauty Twarz Wodoodporny 15g;Aura Beauty;Makijaż;Twarz;1;76,85;15,37;15g;0,23;Active;0;Mid-Market
12851;Veluria Sera Matujący 150ml;Veluria;Pielęgnacja twarzy;Sera;0;51,9;23,35;150ml;0,23;Active;0;Economy
12852;Herbix Stylizacja Do farbowanych 400ml;Herbix;Włosy;Stylizacja;0;25,91;14,25;400ml;0,23;Phase-Out;1;Economy
12853;NoirElegance Mgiełki Fresh 100ml;NoirElegance;Perfumy;Mgiełki;0;223,27;78,14;100ml;0,23;Active;0;Mid-Market
12854;VisagePro Oczy Rozświetlający 30ml;VisagePro;Makijaż;Oczy;0;78,79;31,52;30ml;0,23;Active;0;Mid-Market
12855;Aura Care Szampon Do farbowanych 400ml;Aura Care;Włosy;Szampony;1;35,37;12,38;400ml;0,23;Active;1;Mid-Market
12856;VitaCore Witaminy Magnez + B6 30 kaps.;VitaCore;Suplementy i Zdrowie;Witaminy;0;75,15;41,33;kaps.;0,08;Active;0;Premium
12857;GlamTouch Usta Matujący 15g;GlamTouch;Makijaż;Usta;0;124,4;49,76;15g;0,23;Active;0;Premium
12858;Aura Care Krem na noc Matujący 50ml;Aura Care;Pielęgnacja twarzy;Kremy na noc;1;78,82;19,7;50ml;0,23;Discontinued;1;Mid-Market
12859;PureTots Kosmetyki Rozmiar 4 500ml;PureTots;Dziecko;Kosmetyki;0;47,02;35,27;500ml;0,23;Active;0;Mid-Market
12860;Aura Signatures Mgiełki Pour Homme 50ml;Aura Signatures;Perfumy;Mgiełki;1;325,53;48,83;50ml;0,23;Active;0;Premium
12861;Veluria Krem na dzień Przeciwzmarszczkowy 150ml;Veluria;Pielęgnacja twarzy;Kremy na dzień;0;82,94;37,32;150ml;0,23;Active;0;Mid-Market
12862;Aura Care Odżywki Do farbowanych 250ml;Aura Care;Włosy;Odżywki;1;49,42;17,3;250ml;0,23;Active;1;Mid-Market
12863;Aura Care Krem na dzień Nawilżający 30ml;Aura Care;Pielęgnacja twarzy;Kremy na dzień;1;95,96;23,99;30ml;0,23;Discontinued;1;Premium
12864;PureBotanica Krem na dzień Z witaminą C 30ml;PureBotanica;Pielęgnacja twarzy;Kremy na dzień;0;48,25;21,71;30ml;0,23;Active;1;Economy
12865;BotanicaPro Szampon Do farbowanych 250ml;BotanicaPro;Włosy;Szampony;0;15,8;8,69;250ml;0,23;Active;1;Economy
12866;SilkMane Maski Przeciwłupieżowy 250ml;SilkMane;Włosy;Maski;0;20,12;11,07;250ml;0,23;Active;0;Economy
12867;Aura Care Maski Odbudowujący 400ml;Aura Care;Włosy;Maski;1;22,13;7,75;400ml;0,23;Active;1;Economy
12868;Aura Care Sera Z witaminą C 30ml;Aura Care;Pielęgnacja twarzy;Sera;1;29,99;7,5;30ml;0,23;Active;1;Economy
12869;SilkMane Szampon Nawilżająca 500ml;SilkMane;Włosy;Szampony;0;44,08;24,24;500ml;0,23;Active;0;Mid-Market
12870;VelvetLine Oczy Rozświetlający 8ml;VelvetLine;Makijaż;Oczy;0;100,51;40,2;8ml;0,23;Active;0;Mid-Market
12871;PureTots Pieluchy Rozmiar 3 500ml;PureTots;Dziecko;Pieluchy;0;45,73;34,3;500ml;0,23;Active;0;Mid-Market
12872;Veluria Sera Przeciwzmarszczkowy 150ml;Veluria;Pielęgnacja twarzy;Sera;0;132,29;59,53;150ml;0,23;Phase-Out;1;Premium
12873;VigorHair Stylizacja Nawilżająca 400ml;VigorHair;Włosy;Stylizacja;0;81,05;44,58;400ml;0,23;Active;1;Premium
12874;Aura Care Odżywki Nawilżająca 400ml;Aura Care;Włosy;Odżywki;1;13,69;4,79;400ml;0,23;Active;1;Economy
12875;ColorAura Twarz Rozświetlający 8ml;ColorAura;Makijaż;Twarz;0;105,35;42,14;8ml;0,23;Active;0;Mid-Market
12876;ColorAura Oczy Matujący 15g;ColorAura;Makijaż;Oczy;0;109,12;43,65;15g;0,23;Active;1;Mid-Market
12877;HealthSpark Witaminy Forte 90 kaps.;HealthSpark;Suplementy i Zdrowie;Witaminy;0;52,54;28,9;kaps.;0,08;Active;0;Mid-Market
12878;Aura Basic Podpaski Ochronny 40 szt.;Aura Basic;Higiena intymna;Podpaski;1;9,36;4,21;szt.;0,23;Active;0;Economy
12879;PureTots Pieluchy Nawilżane 500ml;PureTots;Dziecko;Pieluchy;0;67,66;50,74;500ml;0,23;Active;0;Premium
12880;NutriMax Odporność C 1000mg 90 kaps.;NutriMax;Suplementy i Zdrowie;Odporność;0;37,84;20,81;kaps.;0,08;Active;0;Economy
12881;LumiSkin Żele do mycia Nawilżający 150ml;LumiSkin;Pielęgnacja twarzy;Żele do mycia;0;110,77;49,85;150ml;0,23;Active;0;Premium
12882;Aura Care Krem na noc Przeciwzmarszczkowy 150ml;Aura Care;Pielęgnacja twarzy;Kremy na noc;1;15,53;3,88;150ml;0,23;Active;1;Economy
12883;FreshGlow Płyny i żele Super 40 szt.;FreshGlow;Higiena intymna;Płyny i żele;0;22,8;14,82;szt.;0,23;Active;0;Premium
12884;VigorHair Stylizacja Przeciwłupieżowy 400ml;VigorHair;Włosy;Stylizacja;0;52,51;28,88;400ml;0,23;Active;0;Mid-Market
12885;SoftTouch Wkładki Ochronny 20 szt.;SoftTouch;Higiena intymna;Wkładki;0;13,15;8,55;szt.;0,23;Active;0;Mid-Market
12886;Aura Kids Kosmetyki Nawilżane 40 szt.;Aura Kids;Dziecko;Kosmetyki;1;58,57;35,14;szt.;0,23;Active;0;Premium
12887;FreshGlow Podpaski Normal 200ml;FreshGlow;Higiena intymna;Podpaski;0;9,69;6,3;200ml;0,23;Active;0;Economy
12888;GlamTouch Twarz Matujący 15g;GlamTouch;Makijaż;Twarz;0;94,26;37,7;15g;0,23;Active;1;Mid-Market
12889;Aura Care Stylizacja Do farbowanych 250ml;Aura Care;Włosy;Stylizacja;1;32,11;11,24;250ml;0,23;Active;1;Economy
12890;Herbix Maski Do farbowanych 500ml;Herbix;Włosy;Maski;0;46,42;25,53;500ml;0,23;Active;1;Mid-Market
12891;LumiSkin Krem na noc Matujący 150ml;LumiSkin;Pielęgnacja twarzy;Kremy na noc;0;90,18;40,58;150ml;0,23;Active;0;Mid-Market
12892;TinyJoy Pieluchy Rozmiar 4 500ml;TinyJoy;Dziecko;Pieluchy;0;57,09;42,82;500ml;0,23;Discontinued;0;Premium
12893;GlamTouch Usta Long-lasting 15g;GlamTouch;Makijaż;Usta;0;90,18;36,07;15g;0,23;Active;1;Mid-Market
12894;Aura Beauty Oczy Rozświetlający 30ml;Aura Beauty;Makijaż;Oczy;1;133,29;26,66;30ml;0,23;Discontinued;0;Premium
12895;Veluria Krem na noc Przeciwzmarszczkowy 30ml;Veluria;Pielęgnacja twarzy;Kremy na noc;0;29,34;13,2;30ml;0,23;Active;0;Economy
12896;SoftTouch Płyny i żele Ochronny 40 szt.;SoftTouch;Higiena intymna;Płyny i żele;0;7,18;4,67;szt.;0,23;Active;0;Economy
12897;Aura Basic Podpaski Ochronny 40 szt.;Aura Basic;Higiena intymna;Podpaski;1;9,84;4,43;szt.;0,23;Active;0;Economy
12898;Aura Care Maski Odbudowujący 400ml;Aura Care;Włosy;Maski;1;48,12;16,84;400ml;0,23;Active;1;Mid-Market
12899;Veluria Żele do mycia Przeciwzmarszczkowy 150ml;Veluria;Pielęgnacja twarzy;Żele do mycia;0;130,96;58,93;150ml;0,23;Active;0;Premium
12900;PureBotanica Krem na dzień Z witaminą C 150ml;PureBotanica;Pielęgnacja twarzy;Kremy na dzień;0;52,58;23,66;150ml;0,23;Active;1;Economy
12901;PureBotanica Żele do mycia Nawilżający 150ml;PureBotanica;Pielęgnacja twarzy;Żele do mycia;0;47,52;21,38;150ml;0,23;Active;1;Economy
12902;Aura Basic Wkładki Ochronny 200ml;Aura Basic;Higiena intymna;Wkładki;1;12,97;5,84;200ml;0,23;Active;0;Economy
12903;DermaGlow Sera Matujący 30ml;DermaGlow;Pielęgnacja twarzy;Sera;0;75,85;34,13;30ml;0,23;Active;0;Mid-Market
12904;LumiSkin Żele do mycia Przeciwzmarszczkowy 50ml;LumiSkin;Pielęgnacja twarzy;Żele do mycia;0;69,32;31,19;50ml;0,23;Active;0;Mid-Market
12905;NoirElegance EDP Fresh 100ml;NoirElegance;Perfumy;EDP;0;319,56;111,85;100ml;0,23;Active;0;Premium
12906;Aura Basic Podpaski Super 40 szt.;Aura Basic;Higiena intymna;Podpaski;1;16,48;7,42;szt.;0,23;Active;0;Mid-Market
12907;Aura Care Sera Matujący 150ml;Aura Care;Pielęgnacja twarzy;Sera;1;74,64;18,66;150ml;0,23;Active;1;Mid-Market
12908;LumiSkin Sera Nawilżający 50ml;LumiSkin;Pielęgnacja twarzy;Sera;0;24,76;11,14;50ml;0,23;Active;0;Economy
12909;VigorHair Szampon Nawilżająca 400ml;VigorHair;Włosy;Szampony;0;40,95;22,52;400ml;0,23;Active;0;Mid-Market
12910;Aura Care Witaminy Magnez + B6 30 kaps.;Aura Care;Suplementy i Zdrowie;Witaminy;1;41,33;12,4;kaps.;0,08;Active;1;Economy
12911;SilkMane Stylizacja Nawilżająca 400ml;SilkMane;Włosy;Stylizacja;0;39,33;21,63;400ml;0,23;Active;0;Mid-Market
12912;DermaGlow Żele do mycia Nawilżający 50ml;DermaGlow;Pielęgnacja twarzy;Żele do mycia;0;41,67;18,75;50ml;0,23;Phase-Out;0;Economy
12913;SilkMane Stylizacja Przeciwłupieżowy 500ml;SilkMane;Włosy;Stylizacja;0;68,32;37,58;500ml;0,23;Active;1;Premium
12914;Herbix Maski Nawilżająca 500ml;Herbix;Włosy;Maski;0;28,05;15,43;500ml;0,23;Active;1;Economy
12915;Aura Beauty Usta Long-lasting 30ml;Aura Beauty;Makijaż;Usta;1;50,76;10,15;30ml;0,23;Active;0;Economy
12916;TinyJoy Pieluchy Rozmiar 4 40 szt.;TinyJoy;Dziecko;Pieluchy;0;77,25;57,94;szt.;0,23;Phase-Out;0;Premium
12917;NutriMax Odporność C 1000mg 30 kaps.;NutriMax;Suplementy i Zdrowie;Odporność;0;20,04;11,02;kaps.;0,08;Active;0;Economy
12918;LumiSkin Sera Matujący 30ml;LumiSkin;Pielęgnacja twarzy;Sera;0;22,77;10,25;30ml;0,23;Active;0;Economy
12919;Aura Care Żele do mycia Przeciwzmarszczkowy 50ml;Aura Care;Pielęgnacja twarzy;Żele do mycia;1;60,99;15,25;50ml;0,23;Active;1;Mid-Market
12920;Veluria Sera Matujący 50ml;Veluria;Pielęgnacja twarzy;Sera;0;102,77;46,25;50ml;0,23;Active;1;Premium
12921;VigorHair Maski Nawilżająca 250ml;VigorHair;Włosy;Maski;0;16,14;8,88;250ml;0,23;Discontinued;0;Economy
12922;Herbix Odżywki Odbudowujący 400ml;Herbix;Włosy;Odżywki;0;66,44;36,54;400ml;0,23;Active;1;Premium
12923;FreshGlow Wkładki Normal 20 szt.;FreshGlow;Higiena intymna;Wkładki;0;24,24;15,76;szt.;0,23;Active;0;Premium
12924;Aura Beauty Usta Rozświetlający 30ml;Aura Beauty;Makijaż;Usta;1;64,89;12,98;30ml;0,23;Phase-Out;0;Economy
12925;Aura Care Odżywki Odbudowujący 250ml;Aura Care;Włosy;Odżywki;1;28,47;9,96;250ml;0,23;Active;1;Economy
12926;ColorAura Usta Matujący 8ml;ColorAura;Makijaż;Usta;0;63,31;25,32;8ml;0,23;Phase-Out;1;Economy
12927;Aura Care Sera Przeciwzmarszczkowy 30ml;Aura Care;Pielęgnacja twarzy;Sera;1;43,75;10,94;30ml;0,23;Active;1;Economy
12928;Aura Beauty Usta Rozświetlający 30ml;Aura Beauty;Makijaż;Usta;1;106,45;21,29;30ml;0,23;Active;0;Mid-Market
12929;Aura Beauty Usta Wodoodporny 15g;Aura Beauty;Makijaż;Usta;1;21,47;4,29;15g;0,23;Active;0;Economy
12930;SilkMane Stylizacja Przeciwłupieżowy 250ml;SilkMane;Włosy;Stylizacja;0;57,1;31,41;250ml;0,23;Phase-Out;0;Premium
12931;GlamTouch Twarz Rozświetlający 30ml;GlamTouch;Makijaż;Twarz;0;114,55;45,82;30ml;0,23;Active;0;Premium
12932;DermaGlow Krem na noc Matujący 50ml;DermaGlow;Pielęgnacja twarzy;Kremy na noc;0;113,82;51,22;50ml;0,23;Active;0;Premium
12933;HealthSpark Witaminy D3 2000 j.m. 30 kaps.;HealthSpark;Suplementy i Zdrowie;Witaminy;0;38,79;21,33;kaps.;0,08;Active;0;Economy
12934;PureBotanica Żele do mycia Matujący 50ml;PureBotanica;Pielęgnacja twarzy;Żele do mycia;0;70,33;31,65;50ml;0,23;Active;1;Mid-Market
12935;Veluria Krem na dzień Przeciwzmarszczkowy 30ml;Veluria;Pielęgnacja twarzy;Kremy na dzień;0;100,11;45,05;30ml;0,23;Active;0;Premium
12936;GlamTouch Oczy Matujący 15g;GlamTouch;Makijaż;Oczy;0;33,23;13,29;15g;0,23;Active;0;Economy
12937;FreshGlow Podpaski Ochronny 200ml;FreshGlow;Higiena intymna;Podpaski;0;8,62;5,6;200ml;0,23;Active;0;Economy
12938;SoftTouch Wkładki Normal 200ml;SoftTouch;Higiena intymna;Wkładki;0;17,62;11,45;200ml;0,23;Active;0;Mid-Market
12939;Aura Beauty Usta Matujący 8ml;Aura Beauty;Makijaż;Usta;1;39,75;7,95;8ml;0,23;Active;0;Economy
12940;PureCare Podpaski Ochronny 40 szt.;PureCare;Higiena intymna;Podpaski;0;14,56;9,46;szt.;0,23;Active;1;Mid-Market
12941;BotanicaPro Maski Przeciwłupieżowy 400ml;BotanicaPro;Włosy;Maski;0;73,95;40,67;400ml;0,23;Active;0;Premium
12942;Aura Care Krem na noc Przeciwzmarszczkowy 30ml;Aura Care;Pielęgnacja twarzy;Kremy na noc;1;68,78;17,2;30ml;0,23;Discontinued;1;Mid-Market
12943;Veluria Żele do mycia Matujący 30ml;Veluria;Pielęgnacja twarzy;Żele do mycia;0;80,14;36,06;30ml;0,23;Active;0;Mid-Market
12944;VigorHair Odżywki Przeciwłupieżowy 250ml;VigorHair;Włosy;Odżywki;0;56,36;31,0;250ml;0,23;Phase-Out;1;Premium
12945;Aura Beauty Oczy Wodoodporny 8ml;Aura Beauty;Makijaż;Oczy;1;136,14;27,23;8ml;0,23;Active;0;Premium
12946;BabySoft Pieluchy Rozmiar 3 500ml;BabySoft;Dziecko;Pieluchy;0;49,41;37,06;500ml;0,23;Active;0;Mid-Market
12947;Herbix Stylizacja Do farbowanych 400ml;Herbix;Włosy;Stylizacja;0;63,64;35,0;400ml;0,23;Discontinued;1;Premium
12948;FreshGlow Płyny i żele Super 40 szt.;FreshGlow;Higiena intymna;Płyny i żele;0;9,72;6,32;szt.;0,23;Active;0;Economy
12949;FreshGlow Wkładki Normal 40 szt.;FreshGlow;Higiena intymna;Wkładki;0;14,55;9,46;szt.;0,23;Active;0;Mid-Market
12950;VigorHair Szampon Do farbowanych 400ml;VigorHair;Włosy;Szampony;0;15,09;8,3;400ml;0,23;Active;0;Economy
12951;Herbix Stylizacja Nawilżająca 400ml;Herbix;Włosy;Stylizacja;0;50,91;28,0;400ml;0,23;Active;1;Mid-Market
12952;PureCare Podpaski Normal 20 szt.;PureCare;Higiena intymna;Podpaski;0;9,98;6,49;szt.;0,23;Active;1;Economy
12953;SoftTouch Podpaski Super 200ml;SoftTouch;Higiena intymna;Podpaski;0;17,07;11,1;200ml;0,23;Active;0;Mid-Market
12954;DermaGlow Żele do mycia Przeciwzmarszczkowy 50ml;DermaGlow;Pielęgnacja twarzy;Żele do mycia;0;105,67;47,55;50ml;0,23;Active;0;Premium
12955;Herbix Maski Przeciwłupieżowy 250ml;Herbix;Włosy;Maski;0;30,61;16,84;250ml;0,23;Active;1;Economy
12956;Aura Kids Pieluchy Rozmiar 3 60 szt.;Aura Kids;Dziecko;Pieluchy;1;55,33;33,2;szt.;0,23;Active;0;Premium
12957;SilkMane Odżywki Nawilżająca 400ml;SilkMane;Włosy;Odżywki;0;53,86;29,62;400ml;0,23;Active;0;Mid-Market
12958;Aura Care Krem na noc Nawilżający 150ml;Aura Care;Pielęgnacja twarzy;Kremy na noc;1;57,94;14,48;150ml;0,23;Active;1;Mid-Market
12959;Aura Beauty Twarz Matujący 8ml;Aura Beauty;Makijaż;Twarz;1;60,07;12,01;8ml;0,23;Active;0;Economy
12960;Aura Care Szampon Do farbowanych 500ml;Aura Care;Włosy;Szampony;1;33,46;11,71;500ml;0,23;Active;1;Mid-Market
12961;PureBotanica Krem na dzień Matujący 50ml;PureBotanica;Pielęgnacja twarzy;Kremy na dzień;0;111,63;50,23;50ml;0,23;Active;1;Premium
12962;BotanicaPro Stylizacja Nawilżająca 500ml;BotanicaPro;Włosy;Stylizacja;0;78,52;43,19;500ml;0,23;Active;0;Premium
12963;SilkMane Stylizacja Do farbowanych 400ml;SilkMane;Włosy;Stylizacja;0;74,04;40,72;400ml;0,23;Active;0;Premium
12964;Aura Care Szampon Przeciwłupieżowy 250ml;Aura Care;Włosy;Szampony;1;53,67;18,78;250ml;0,23;Active;1;Mid-Market
12965;Aura Basic Wkładki Normal 40 szt.;Aura Basic;Higiena intymna;Wkładki;1;9,58;4,31;szt.;0,23;Active;0;Economy
12966;Aura Care Krem na noc Przeciwzmarszczkowy 150ml;Aura Care;Pielęgnacja twarzy;Kremy na noc;1;43,2;10,8;150ml;0,23;Active;1;Economy
12967;TinyJoy Chusteczki Rozmiar 3 500ml;TinyJoy;Dziecko;Chusteczki;0;63,66;47,74;500ml;0,23;Active;0;Premium
12968;Herbix Maski Nawilżająca 500ml;Herbix;Włosy;Maski;0;60,07;33,04;500ml;0,23;Discontinued;1;Premium
12969;Aura Care Szampon Odbudowujący 400ml;Aura Care;Włosy;Szampony;1;36,27;12,69;400ml;0,23;Active;1;Mid-Market
12970;Aura Care Szampon Nawilżająca 500ml;Aura Care;Włosy;Szampony;1;35,72;12,5;500ml;0,23;Phase-Out;1;Mid-Market
12971;Aura Care Żele do mycia Matujący 50ml;Aura Care;Pielęgnacja twarzy;Żele do mycia;1;105,03;26,26;50ml;0,23;Discontinued;1;Premium
12972;Aura Care Maski Przeciwłupieżowy 400ml;Aura Care;Włosy;Maski;1;36,27;12,69;400ml;0,23;Active;1;Mid-Market
12973;FreshGlow Płyny i żele Ochronny 20 szt.;FreshGlow;Higiena intymna;Płyny i żele;0;15,06;9,79;szt.;0,23;Active;0;Mid-Market
12974;FreshGlow Wkładki Ochronny 40 szt.;FreshGlow;Higiena intymna;Wkładki;0;16,71;10,86;szt.;0,23;Discontinued;0;Mid-Market
12975;SilkMane Stylizacja Do farbowanych 400ml;SilkMane;Włosy;Stylizacja;0;56,2;30,91;400ml;0,23;Active;0;Premium
12976;Aura Care Żele do mycia Nawilżający 30ml;Aura Care;Pielęgnacja twarzy;Żele do mycia;1;99,8;24,95;30ml;0,23;Active;1;Premium
12977;PureCare Płyny i żele Normal 20 szt.;PureCare;Higiena intymna;Płyny i żele;0;13,39;8,7;szt.;0,23;Active;1;Mid-Market
12978;ScentMaison EDT Fresh 100ml;ScentMaison;Perfumy;EDT;0;443,91;155,37;100ml;0,23;Active;1;Premium
12979;Aura Care Żele do mycia Matujący 30ml;Aura Care;Pielęgnacja twarzy;Żele do mycia;1;35,69;8,92;30ml;0,23;Active;1;Economy
12980;TinyJoy Kosmetyki Rozmiar 4 40 szt.;TinyJoy;Dziecko;Kosmetyki;0;68,29;51,22;szt.;0,23;Active;0;Premium
12981;Essentia Mgiełki Fresh 100ml;Essentia;Perfumy;Mgiełki;0;355,93;124,58;100ml;0,23;Active;0;Premium
12982;DermaGlow Krem na dzień Matujący 30ml;DermaGlow;Pielęgnacja twarzy;Kremy na dzień;0;95,84;43,13;30ml;0,23;Active;1;Premium
12983;FreshGlow Płyny i żele Super 40 szt.;FreshGlow;Higiena intymna;Płyny i żele;0;16,42;10,67;szt.;0,23;Active;0;Mid-Market
12984;SoftTouch Podpaski Kojący 40 szt.;SoftTouch;Higiena intymna;Podpaski;0;18,14;11,79;szt.;0,23;Active;0;Mid-Market
12985;SoftTouch Podpaski Kojący 20 szt.;SoftTouch;Higiena intymna;Podpaski;0;23,04;14,98;szt.;0,23;Active;0;Premium
12986;Herbix Odżywki Przeciwłupieżowy 250ml;Herbix;Włosy;Odżywki;0;62,8;34,54;250ml;0,23;Active;1;Premium
12987;ColorAura Oczy Long-lasting 15g;ColorAura;Makijaż;Oczy;0;111,57;44,63;15g;0,23;Active;0;Mid-Market
12988;VisagePro Oczy Long-lasting 30ml;VisagePro;Makijaż;Oczy;0;179,3;71,72;30ml;0,23;Active;0;Premium
12989;SilkMane Maski Odbudowujący 250ml;SilkMane;Włosy;Maski;0;61,11;33,61;250ml;0,23;Active;0;Premium
12990;VelvetLine Usta Matujący 30ml;VelvetLine;Makijaż;Usta;0;131,98;52,79;30ml;0,23;Discontinued;0;Premium
12991;BabySoft Kosmetyki Rozmiar 4 40 szt.;BabySoft;Dziecko;Kosmetyki;0;41,65;31,24;szt.;0,23;Active;0;Mid-Market
12992;PureCare Płyny i żele Normal 40 szt.;PureCare;Higiena intymna;Płyny i żele;0;13,37;8,69;szt.;0,23;Active;1;Mid-Market
12993;HealthSpark Witaminy C 1000mg 30 kaps.;HealthSpark;Suplementy i Zdrowie;Witaminy;0;89,38;49,16;kaps.;0,08;Active;0;Premium
12994;FreshGlow Wkładki Kojący 200ml;FreshGlow;Higiena intymna;Wkładki;0;21,61;14,05;200ml;0,23;Active;0;Premium
12995;Aura Care Witaminy Magnez + B6 60 kaps.;Aura Care;Suplementy i Zdrowie;Witaminy;1;82,94;24,88;kaps.;0,08;Discontinued;1;Premium
12996;Veluria Żele do mycia Przeciwzmarszczkowy 30ml;Veluria;Pielęgnacja twarzy;Żele do mycia;0;139,55;62,8;30ml;0,23;Active;0;Premium
12997;BotanicaPro Szampon Do farbowanych 500ml;BotanicaPro;Włosy;Szampony;0;36,47;20,06;500ml;0,23;Phase-Out;0;Mid-Market
12998;SilkMane Stylizacja Przeciwłupieżowy 500ml;SilkMane;Włosy;Stylizacja;0;34,97;19,23;500ml;0,23;Active;0;Mid-Market
12999;PureTots Chusteczki Sensitive 60 szt.;PureTots;Dziecko;Chusteczki;0;62,47;46,85;szt.;0,23;Active;0;Premium
13000;Aura Basic Podpaski Super 20 szt.;Aura Basic;Higiena intymna;Podpaski;1;8,31;3,74;szt.;0,23;Active;0;Economy
13001;Veluria Żele do mycia Nawilżający 50ml;Veluria;Pielęgnacja twarzy;Żele do mycia;0;20,9;9,4;50ml;0,23;Active;0;Economy
13002;SilkMane Szampon Przeciwłupieżowy 400ml;SilkMane;Włosy;Szampony;0;74,7;41,09;400ml;0,23;Active;0;Premium
13003;VelvetLine Oczy Rozświetlający 30ml;VelvetLine;Makijaż;Oczy;0;152,62;61,05;30ml;0,23;Active;1;Premium
13004;Aura Beauty Usta Long-lasting 15g;Aura Beauty;Makijaż;Usta;1;56,1;11,22;15g;0,23;Active;0;Economy
13005;Herbix Odżywki Przeciwłupieżowy 400ml;Herbix;Włosy;Odżywki;0;69,49;38,22;400ml;0,23;Active;1;Premium
13006;ScentMaison EDT Pour Femme 30ml;ScentMaison;Perfumy;EDT;0;347,35;121,57;30ml;0,23;Active;0;Premium
13007;Veluria Żele do mycia Przeciwzmarszczkowy 30ml;Veluria;Pielęgnacja twarzy;Żele do mycia;0;39,2;17,64;30ml;0,23;Phase-Out;0;Economy
13008;Aura Care Szampon Odbudowujący 400ml;Aura Care;Włosy;Szampony;1;41,61;14,56;400ml;0,23;Active;1;Mid-Market
13009;NoirElegance EDP Pour Homme 30ml;NoirElegance;Perfumy;EDP;0;341,32;119,46;30ml;0,23;Active;0;Premium
13010;PureBotanica Krem na noc Nawilżający 150ml;PureBotanica;Pielęgnacja twarzy;Kremy na noc;0;99,54;44,79;150ml;0,23;Phase-Out;1;Premium
13011;Aura Care Szampon Nawilżająca 400ml;Aura Care;Włosy;Szampony;1;51,83;18,14;400ml;0,23;Active;1;Mid-Market
13012;PureBotanica Krem na dzień Przeciwzmarszczkowy 150ml;PureBotanica;Pielęgnacja twarzy;Kremy na dzień;0;87,12;39,2;150ml;0,23;Active;1;Mid-Market
13013;VigorHair Szampon Nawilżająca 400ml;VigorHair;Włosy;Szampony;0;27,35;15,04;400ml;0,23;Active;0;Economy
13014;VitaCore Odporność Magnez + B6 60 kaps.;VitaCore;Suplementy i Zdrowie;Odporność;0;30,56;16,81;kaps.;0,08;Active;0;Economy
13015;Aura Care Krem na noc Przeciwzmarszczkowy 150ml;Aura Care;Pielęgnacja twarzy;Kremy na noc;1;69,14;17,29;150ml;0,23;Discontinued;1;Mid-Market
13016;BotanicaPro Odżywki Odbudowujący 500ml;BotanicaPro;Włosy;Odżywki;0;39,51;21,73;500ml;0,23;Active;0;Mid-Market
13017;FreshGlow Płyny i żele Normal 40 szt.;FreshGlow;Higiena intymna;Płyny i żele;0;7,55;4,91;szt.;0,23;Active;1;Economy
13018;LumiSkin Sera Nawilżający 150ml;LumiSkin;Pielęgnacja twarzy;Sera;0;106,17;47,78;150ml;0,23;Active;1;Premium
13019;Veluria Krem na noc Matujący 30ml;Veluria;Pielęgnacja twarzy;Kremy na noc;0;51,55;23,2;30ml;0,23;Active;0;Economy
13020;Aura Care Krem na dzień Z witaminą C 50ml;Aura Care;Pielęgnacja twarzy;Kremy na dzień;1;16,05;4,01;50ml;0,23;Active;1;Economy
13021;PureTots Pieluchy Sensitive 40 szt.;PureTots;Dziecko;Pieluchy;0;73,28;54,96;szt.;0,23;Active;0;Premium
13022;BabySoft Chusteczki Sensitive 500ml;BabySoft;Dziecko;Chusteczki;0;24,11;18,08;500ml;0,23;Active;0;Economy
13023;Aura Beauty Twarz Wodoodporny 15g;Aura Beauty;Makijaż;Twarz;1;72,29;14,46;15g;0,23;Active;1;Mid-Market
13024;HealthSpark Odporność Forte 90 kaps.;HealthSpark;Suplementy i Zdrowie;Odporność;0;21,57;11,86;kaps.;0,08;Active;0;Economy
13025;Herbix Odżywki Nawilżająca 500ml;Herbix;Włosy;Odżywki;0;58,24;32,03;500ml;0,23;Active;1;Premium
13026;DermaGlow Żele do mycia Przeciwzmarszczkowy 30ml;DermaGlow;Pielęgnacja twarzy;Żele do mycia;0;51,37;23,12;30ml;0,23;Active;0;Economy
13027;PureCare Wkładki Ochronny 20 szt.;PureCare;Higiena intymna;Wkładki;0;18,63;12,11;szt.;0,23;Active;1;Mid-Market
13028;PureTots Kosmetyki Rozmiar 3 40 szt.;PureTots;Dziecko;Kosmetyki;0;54,41;40,81;szt.;0,23;Active;0;Mid-Market
13029;SilkMane Szampon Odbudowujący 250ml;SilkMane;Włosy;Szampony;0;73,69;40,53;250ml;0,23;Active;0;Premium
13030;Aura Care Krem na noc Matujący 150ml;Aura Care;Pielęgnacja twarzy;Kremy na noc;1;81,51;20,38;150ml;0,23;Active;1;Mid-Market
13031;PureCare Podpaski Kojący 200ml;PureCare;Higiena intymna;Podpaski;0;22,09;14,36;200ml;0,23;Active;1;Premium
13032;VitaCore Odporność Magnez + B6 60 kaps.;VitaCore;Suplementy i Zdrowie;Odporność;0;99,52;54,74;kaps.;0,08;Active;0;Premium
13033;VitaCore Witaminy D3 2000 j.m. 90 kaps.;VitaCore;Suplementy i Zdrowie;Witaminy;0;60,07;33,04;kaps.;0,08;Active;0;Mid-Market
13034;BabySoft Kosmetyki Nawilżane 500ml;BabySoft;Dziecko;Kosmetyki;0;17,98;13,48;500ml;0,23;Active;0;Economy
13035;Veluria Krem na dzień Nawilżający 150ml;Veluria;Pielęgnacja twarzy;Kremy na dzień;0;124,68;56,11;150ml;0,23;Active;0;Premium
13036;Aura Care Żele do mycia Z witaminą C 30ml;Aura Care;Pielęgnacja twarzy;Żele do mycia;1;42,45;10,61;30ml;0,23;Active;1;Economy
13037;PureBotanica Żele do mycia Matujący 30ml;PureBotanica;Pielęgnacja twarzy;Żele do mycia;0;50,85;22,88;30ml;0,23;Active;1;Economy
13038;NoirElegance EDP Fresh 100ml;NoirElegance;Perfumy;EDP;0;324,97;113,74;100ml;0,23;Active;0;Premium
13039;LumiSkin Sera Matujący 30ml;LumiSkin;Pielęgnacja twarzy;Sera;0;72,51;32,63;30ml;0,23;Active;0;Mid-Market
13040;Aura Care Minerały D3 2000 j.m. 60 kaps.;Aura Care;Suplementy i Zdrowie;Minerały;1;22,61;6,78;kaps.;0,08;Phase-Out;1;Economy
13041;VigorHair Stylizacja Odbudowujący 400ml;VigorHair;Włosy;Stylizacja;0;59,97;32,98;400ml;0,23;Active;0;Premium
13042;VitaCore Minerały Magnez + B6 90 kaps.;VitaCore;Suplementy i Zdrowie;Minerały;0;57,21;31,47;kaps.;0,08;Active;1;Mid-Market
13043;GlamTouch Oczy Rozświetlający 15g;GlamTouch;Makijaż;Oczy;0;126,94;50,78;15g;0,23;Phase-Out;0;Premium
13044;FreshGlow Wkładki Normal 40 szt.;FreshGlow;Higiena intymna;Wkładki;0;16,81;10,93;szt.;0,23;Active;0;Mid-Market
13045;BotanicaPro Maski Do farbowanych 400ml;BotanicaPro;Włosy;Maski;0;50,38;27,71;400ml;0,23;Active;0;Mid-Market
13046;Aura Basic Podpaski Normal 200ml;Aura Basic;Higiena intymna;Podpaski;1;10,94;4,92;200ml;0,23;Active;0;Economy
13047;PureTots Chusteczki Sensitive 60 szt.;PureTots;Dziecko;Chusteczki;0;48,37;36,28;szt.;0,23;Active;0;Mid-Market
13048;SilkMane Szampon Odbudowujący 250ml;SilkMane;Włosy;Szampony;0;36,77;20,22;250ml;0,23;Active;0;Mid-Market
13049;DermaGlow Żele do mycia Nawilżający 30ml;DermaGlow;Pielęgnacja twarzy;Żele do mycia;0;123,75;55,69;30ml;0,23;Active;0;Premium
13050;BotanicaPro Odżywki Nawilżająca 500ml;BotanicaPro;Włosy;Odżywki;0;62,21;34,22;500ml;0,23;Phase-Out;0;Premium
13051;Aura Beauty Usta Long-lasting 30ml;Aura Beauty;Makijaż;Usta;1;47,71;9,54;30ml;0,23;Active;0;Economy
13052;Aura Beauty Usta Matujący 15g;Aura Beauty;Makijaż;Usta;1;132,04;26,41;15g;0,23;Active;0;Premium
13053;LumiSkin Krem na noc Nawilżający 150ml;LumiSkin;Pielęgnacja twarzy;Kremy na noc;0;103,27;46,47;150ml;0,23;Active;0;Premium
13054;PureCare Płyny i żele Ochronny 200ml;PureCare;Higiena intymna;Płyny i żele;0;20,07;13,05;200ml;0,23;Active;1;Mid-Market
13055;Veluria Sera Nawilżający 150ml;Veluria;Pielęgnacja twarzy;Sera;0;72,66;32,7;150ml;0,23;Active;0;Mid-Market
13056;VigorHair Szampon Do farbowanych 250ml;VigorHair;Włosy;Szampony;0;50,3;27,66;250ml;0,23;Active;0;Mid-Market
13057;Aura Kids Kosmetyki Rozmiar 4 60 szt.;Aura Kids;Dziecko;Kosmetyki;1;29,18;17,51;szt.;0,23;Active;1;Economy
13058;HealthSpark Odporność Magnez + B6 90 kaps.;HealthSpark;Suplementy i Zdrowie;Odporność;0;55,71;30,64;kaps.;0,08;Active;0;Mid-Market
13059;Aura Care Krem na noc Z witaminą C 50ml;Aura Care;Pielęgnacja twarzy;Kremy na noc;1;39,24;9,81;50ml;0,23;Discontinued;1;Economy
13060;BotanicaPro Szampon Do farbowanych 250ml;BotanicaPro;Włosy;Szampony;0;34,59;19,02;250ml;0,23;Active;0;Mid-Market
13061;BotanicaPro Odżywki Przeciwłupieżowy 250ml;BotanicaPro;Włosy;Odżywki;0;66,58;36,62;250ml;0,23;Active;1;Premium
13062;Aura Care Minerały Forte 90 kaps.;Aura Care;Suplementy i Zdrowie;Minerały;1;57,71;17,31;kaps.;0,08;Active;1;Mid-Market
13063;ColorAura Usta Matujący 15g;ColorAura;Makijaż;Usta;0;60,96;24,38;15g;0,23;Active;0;Economy
13064;PureCare Płyny i żele Kojący 40 szt.;PureCare;Higiena intymna;Płyny i żele;0;18,95;12,32;szt.;0,23;Active;1;Mid-Market
13065;LumiSkin Krem na noc Matujący 50ml;LumiSkin;Pielęgnacja twarzy;Kremy na noc;0;42,61;19,17;50ml;0,23;Discontinued;0;Economy
13066;BotanicaPro Stylizacja Do farbowanych 500ml;BotanicaPro;Włosy;Stylizacja;0;39,89;21,94;500ml;0,23;Active;1;Mid-Market
13067;ColorAura Oczy Rozświetlający 30ml;ColorAura;Makijaż;Oczy;0;168,86;67,54;30ml;0,23;Discontinued;0;Premium
13068;SilkMane Stylizacja Odbudowujący 400ml;SilkMane;Włosy;Stylizacja;0;76,75;42,21;400ml;0,23;Active;0;Premium
13069;Aura Signatures Mgiełki Fresh 100ml;Aura Signatures;Perfumy;Mgiełki;1;287,01;43,05;100ml;0,23;Active;0;Mid-Market
13070;Aura Signatures EDT Pour Homme 30ml;Aura Signatures;Perfumy;EDT;1;95,2;14,28;30ml;0,23;Phase-Out;0;Economy
13071;GlamTouch Oczy Long-lasting 30ml;GlamTouch;Makijaż;Oczy;0;133,37;53,35;30ml;0,23;Active;0;Premium
13072;Herbix Odżywki Nawilżająca 250ml;Herbix;Włosy;Odżywki;0;55,63;30,6;250ml;0,23;Discontinued;1;Premium
13073;LumiSkin Krem na dzień Matujący 150ml;LumiSkin;Pielęgnacja twarzy;Kremy na dzień;0;18,61;8,37;150ml;0,23;Active;0;Economy
13074;BabySoft Chusteczki Sensitive 500ml;BabySoft;Dziecko;Chusteczki;0;37,84;28,38;500ml;0,23;Active;0;Mid-Market
13075;PureCare Płyny i żele Kojący 20 szt.;PureCare;Higiena intymna;Płyny i żele;0;24,04;15,63;szt.;0,23;Active;1;Premium
13076;Aura Basic Wkładki Super 20 szt.;Aura Basic;Higiena intymna;Wkładki;1;12,64;5,69;szt.;0,23;Active;0;Economy
13077;SoftTouch Płyny i żele Kojący 200ml;SoftTouch;Higiena intymna;Płyny i żele;0;28,58;18,58;200ml;0,23;Discontinued;0;Premium
13078;SilkMane Maski Przeciwłupieżowy 250ml;SilkMane;Włosy;Maski;0;15,33;8,43;250ml;0,23;Active;1;Economy
13079;SoftTouch Podpaski Normal 40 szt.;SoftTouch;Higiena intymna;Podpaski;0;21,24;13,81;szt.;0,23;Active;0;Premium
13080;Veluria Krem na noc Nawilżający 150ml;Veluria;Pielęgnacja twarzy;Kremy na noc;0;54,86;24,69;150ml;0,23;Active;0;Mid-Market
13081;Aura Care Minerały C 1000mg 30 kaps.;Aura Care;Suplementy i Zdrowie;Minerały;1;29,54;8,86;kaps.;0,08;Active;1;Economy
13082;SoftTouch Podpaski Normal 20 szt.;SoftTouch;Higiena intymna;Podpaski;0;14,84;9,65;szt.;0,23;Active;0;Mid-Market
13083;PureCare Podpaski Kojący 40 szt.;PureCare;Higiena intymna;Podpaski;0;24,07;15,65;szt.;0,23;Active;1;Premium
13084;PureCare Podpaski Kojący 20 szt.;PureCare;Higiena intymna;Podpaski;0;20,14;13,09;szt.;0,23;Active;1;Mid-Market
13085;DermaGlow Krem na dzień Przeciwzmarszczkowy 50ml;DermaGlow;Pielęgnacja twarzy;Kremy na dzień;0;32,03;14,41;50ml;0,23;Active;0;Economy
13086;ColorAura Oczy Matujący 15g;ColorAura;Makijaż;Oczy;0;24,92;9,97;15g;0,23;Active;0;Economy
13087;PureTots Kosmetyki Sensitive 40 szt.;PureTots;Dziecko;Kosmetyki;0;18,91;14,18;szt.;0,23;Active;0;Economy
13088;SilkMane Stylizacja Do farbowanych 400ml;SilkMane;Włosy;Stylizacja;0;45,97;25,28;400ml;0,23;Active;0;Mid-Market
13089;VigorHair Szampon Do farbowanych 500ml;VigorHair;Włosy;Szampony;0;16,22;8,92;500ml;0,23;Active;0;Economy
13090;SilkMane Szampon Przeciwłupieżowy 250ml;SilkMane;Włosy;Szampony;0;43,16;23,74;250ml;0,23;Active;0;Mid-Market
13091;PureCare Wkładki Super 200ml;PureCare;Higiena intymna;Wkładki;0;8,69;5,65;200ml;0,23;Active;1;Economy
13092;Herbix Szampon Przeciwłupieżowy 400ml;Herbix;Włosy;Szampony;0;67,34;37,04;400ml;0,23;Active;1;Premium
13093;SilkMane Maski Odbudowujący 500ml;SilkMane;Włosy;Maski;0;39,1;21,51;500ml;0,23;Active;0;Mid-Market
13094;HealthSpark Minerały Magnez + B6 60 kaps.;HealthSpark;Suplementy i Zdrowie;Minerały;0;72,41;39,83;kaps.;0,08;Active;0;Premium
13095;Aura Care Odżywki Odbudowujący 500ml;Aura Care;Włosy;Odżywki;1;55,32;19,36;500ml;0,23;Active;1;Premium
13096;FreshGlow Wkładki Kojący 40 szt.;FreshGlow;Higiena intymna;Wkładki;0;15,32;9,96;szt.;0,23;Active;1;Mid-Market
13097;PureBotanica Żele do mycia Matujący 150ml;PureBotanica;Pielęgnacja twarzy;Żele do mycia;0;39,28;17,68;150ml;0,23;Active;1;Economy
13098;Aura Kids Pieluchy Rozmiar 4 40 szt.;Aura Kids;Dziecko;Pieluchy;1;34,9;20,94;szt.;0,23;Active;0;Economy
13099;Aura Care Stylizacja Odbudowujący 400ml;Aura Care;Włosy;Stylizacja;1;35,0;12,25;400ml;0,23;Active;1;Mid-Market
13100;FreshGlow Podpaski Normal 40 szt.;FreshGlow;Higiena intymna;Podpaski;0;16,41;10,67;szt.;0,23;Active;0;Mid-Market
13101;PureBotanica Sera Nawilżający 50ml;PureBotanica;Pielęgnacja twarzy;Sera;0;18,35;8,26;50ml;0,23;Active;1;Economy
13102;VigorHair Odżywki Przeciwłupieżowy 250ml;VigorHair;Włosy;Odżywki;0;34,39;18,91;250ml;0,23;Active;0;Mid-Market
13103;Aura Beauty Twarz Wodoodporny 15g;Aura Beauty;Makijaż;Twarz;1;126,7;25,34;15g;0,23;Active;1;Premium
13104;SoftTouch Podpaski Super 40 szt.;SoftTouch;Higiena intymna;Podpaski;0;16,57;10,77;szt.;0,23;Active;0;Mid-Market
13105;Veluria Krem na dzień Przeciwzmarszczkowy 50ml;Veluria;Pielęgnacja twarzy;Kremy na dzień;0;32,01;14,4;50ml;0,23;Discontinued;1;Economy
13106;DermaGlow Krem na dzień Matujący 30ml;DermaGlow;Pielęgnacja twarzy;Kremy na dzień;0;60,45;27,2;30ml;0,23;Active;0;Mid-Market
13107;PureBotanica Żele do mycia Matujący 150ml;PureBotanica;Pielęgnacja twarzy;Żele do mycia;0;48,25;21,71;150ml;0,23;Active;1;Economy
13108;Veluria Sera Nawilżający 150ml;Veluria;Pielęgnacja twarzy;Sera;0;49,54;22,29;150ml;0,23;Active;0;Economy
13109;NoirElegance Mgiełki Pour Homme 30ml;NoirElegance;Perfumy;Mgiełki;0;282,35;98,82;30ml;0,23;Active;0;Mid-Market
13110;VisagePro Usta Rozświetlający 30ml;VisagePro;Makijaż;Usta;0;57,3;22,92;30ml;0,23;Active;0;Economy
13111;Aura Basic Płyny i żele Normal 40 szt.;Aura Basic;Higiena intymna;Płyny i żele;1;13,09;5,89;szt.;0,23;Active;0;Mid-Market
13112;NutriMax Minerały C 1000mg 60 kaps.;NutriMax;Suplementy i Zdrowie;Minerały;0;90,51;49,78;kaps.;0,08;Active;1;Premium
13113;BabySoft Pieluchy Rozmiar 4 60 szt.;BabySoft;Dziecko;Pieluchy;0;19,21;14,41;szt.;0,23;Active;0;Economy
13114;Aura Care Krem na noc Z witaminą C 150ml;Aura Care;Pielęgnacja twarzy;Kremy na noc;1;85,52;21,38;150ml;0,23;Active;1;Mid-Market
13115;VelvetLine Oczy Wodoodporny 8ml;VelvetLine;Makijaż;Oczy;0;45,78;18,31;8ml;0,23;Active;0;Economy
13116;VelvetLine Usta Rozświetlający 15g;VelvetLine;Makijaż;Usta;0;123,74;49,5;15g;0,23;Phase-Out;0;Premium
13117;BotanicaPro Stylizacja Przeciwłupieżowy 400ml;BotanicaPro;Włosy;Stylizacja;0;38,02;20,91;400ml;0,23;Discontinued;0;Mid-Market
13118;HealthSpark Odporność D3 2000 j.m. 60 kaps.;HealthSpark;Suplementy i Zdrowie;Odporność;0;60,14;33,08;kaps.;0,08;Active;0;Mid-Market
13119;LumiSkin Sera Z witaminą C 30ml;LumiSkin;Pielęgnacja twarzy;Sera;0;120,51;54,23;30ml;0,23;Active;0;Premium
13120;LumiSkin Krem na dzień Nawilżający 30ml;LumiSkin;Pielęgnacja twarzy;Kremy na dzień;0;98,26;44,22;30ml;0,23;Active;0;Premium
13121;Herbix Stylizacja Odbudowujący 500ml;Herbix;Włosy;Stylizacja;0;56,34;30,99;500ml;0,23;Active;1;Premium
13122;PureBotanica Sera Przeciwzmarszczkowy 30ml;PureBotanica;Pielęgnacja twarzy;Sera;0;63,77;28,7;30ml;0,23;Active;1;Mid-Market
13123;NoirElegance Mgiełki Pour Homme 100ml;NoirElegance;Perfumy;Mgiełki;0;454,07;158,92;100ml;0,23;Active;0;Premium
13124;Aura Basic Płyny i żele Kojący 200ml;Aura Basic;Higiena intymna;Płyny i żele;1;11,22;5,05;200ml;0,23;Active;0;Economy
13125;ColorAura Usta Long-lasting 30ml;ColorAura;Makijaż;Usta;0;120,52;48,21;30ml;0,23;Active;0;Premium
13126;Veluria Sera Z witaminą C 50ml;Veluria;Pielęgnacja twarzy;Sera;0;127,07;57,18;50ml;0,23;Active;0;Premium
13127;Veluria Krem na noc Przeciwzmarszczkowy 30ml;Veluria;Pielęgnacja twarzy;Kremy na noc;0;57,85;26,03;30ml;0,23;Active;0;Mid-Market
13128;Aura Kids Chusteczki Sensitive 500ml;Aura Kids;Dziecko;Chusteczki;1;58,0;34,8;500ml;0,23;Active;1;Premium
13129;TinyJoy Pieluchy Rozmiar 4 60 szt.;TinyJoy;Dziecko;Pieluchy;0;54,54;40,91;szt.;0,23;Active;0;Mid-Market
13130;PureTots Kosmetyki Nawilżane 40 szt.;PureTots;Dziecko;Kosmetyki;0;17,51;13,13;szt.;0,23;Active;0;Economy
13131;Veluria Żele do mycia Nawilżający 150ml;Veluria;Pielęgnacja twarzy;Żele do mycia;0;79,74;35,88;150ml;0,23;Active;0;Mid-Market
13132;VigorHair Stylizacja Do farbowanych 500ml;VigorHair;Włosy;Stylizacja;0;38,07;20,94;500ml;0,23;Active;0;Mid-Market
13133;TinyJoy Pieluchy Nawilżane 40 szt.;TinyJoy;Dziecko;Pieluchy;0;38,01;28,51;szt.;0,23;Active;0;Mid-Market
13134;VisagePro Usta Matujący 30ml;VisagePro;Makijaż;Usta;0;123,44;49,38;30ml;0,23;Discontinued;0;Premium
13135;Aura Care Minerały Magnez + B6 90 kaps.;Aura Care;Suplementy i Zdrowie;Minerały;1;55,76;16,73;kaps.;0,08;Active;1;Mid-Market
13136;SoftTouch Podpaski Ochronny 200ml;SoftTouch;Higiena intymna;Podpaski;0;10,33;6,71;200ml;0,23;Active;0;Economy
13137;BotanicaPro Stylizacja Odbudowujący 400ml;BotanicaPro;Włosy;Stylizacja;0;72,92;40,11;400ml;0,23;Active;0;Premium
13138;SilkMane Odżywki Odbudowujący 400ml;SilkMane;Włosy;Odżywki;0;32,87;18,08;400ml;0,23;Active;0;Economy
13139;DermaGlow Żele do mycia Przeciwzmarszczkowy 150ml;DermaGlow;Pielęgnacja twarzy;Żele do mycia;0;113,29;50,98;150ml;0,23;Active;0;Premium
13140;DermaGlow Żele do mycia Z witaminą C 50ml;DermaGlow;Pielęgnacja twarzy;Żele do mycia;0;39,57;17,81;50ml;0,23;Phase-Out;0;Economy
13141;Aura Care Odżywki Odbudowujący 250ml;Aura Care;Włosy;Odżywki;1;50,74;17,76;250ml;0,23;Phase-Out;1;Mid-Market
13142;VelvetLine Oczy Long-lasting 8ml;VelvetLine;Makijaż;Oczy;0;78,02;31,21;8ml;0,23;Discontinued;0;Mid-Market
13143;Veluria Krem na dzień Nawilżający 30ml;Veluria;Pielęgnacja twarzy;Kremy na dzień;0;21,59;9,72;30ml;0,23;Phase-Out;0;Economy
13144;Herbix Szampon Nawilżająca 400ml;Herbix;Włosy;Szampony;0;73,85;40,62;400ml;0,23;Active;1;Premium
13145;Aura Care Szampon Do farbowanych 500ml;Aura Care;Włosy;Szampony;1;20,36;7,13;500ml;0,23;Active;1;Economy
13146;VisagePro Oczy Rozświetlający 8ml;VisagePro;Makijaż;Oczy;0;108,65;43,46;8ml;0,23;Active;0;Mid-Market
13147;VitaCore Odporność D3 2000 j.m. 30 kaps.;VitaCore;Suplementy i Zdrowie;Odporność;0;64,53;35,49;kaps.;0,08;Active;0;Mid-Market
13148;Herbix Maski Nawilżająca 400ml;Herbix;Włosy;Maski;0;64,0;35,2;400ml;0,23;Active;1;Premium
13149;VisagePro Twarz Wodoodporny 8ml;VisagePro;Makijaż;Twarz;0;52,8;21,12;8ml;0,23;Active;0;Economy
13150;Aura Care Szampon Do farbowanych 400ml;Aura Care;Włosy;Szampony;1;16,89;5,91;400ml;0,23;Active;1;Economy
13151;Aura Care Odżywki Do farbowanych 400ml;Aura Care;Włosy;Odżywki;1;54,33;19,02;400ml;0,23;Active;1;Mid-Market
13152;PureTots Chusteczki Rozmiar 3 500ml;PureTots;Dziecko;Chusteczki;0;58,74;44,05;500ml;0,23;Active;1;Premium
13153;Veluria Krem na noc Nawilżający 30ml;Veluria;Pielęgnacja twarzy;Kremy na noc;0;65,64;29,54;30ml;0,23;Active;0;Mid-Market
13154;Aura Care Krem na dzień Z witaminą C 30ml;Aura Care;Pielęgnacja twarzy;Kremy na dzień;1;110,09;27,52;30ml;0,23;Active;1;Premium
13155;ColorAura Usta Rozświetlający 15g;ColorAura;Makijaż;Usta;0;66,4;26,56;15g;0,23;Active;0;Economy
13156;Aura Care Minerały D3 2000 j.m. 60 kaps.;Aura Care;Suplementy i Zdrowie;Minerały;1;68,39;20,52;kaps.;0,08;Active;1;Mid-Market
13157;NutriMax Odporność C 1000mg 30 kaps.;NutriMax;Suplementy i Zdrowie;Odporność;0;20,13;11,07;kaps.;0,08;Active;0;Economy
13158;PureTots Kosmetyki Sensitive 60 szt.;PureTots;Dziecko;Kosmetyki;0;44,27;33,2;szt.;0,23;Active;0;Mid-Market
13159;VigorHair Maski Odbudowujący 250ml;VigorHair;Włosy;Maski;0;75,64;41,6;250ml;0,23;Active;0;Premium
13160;Herbix Stylizacja Do farbowanych 500ml;Herbix;Włosy;Stylizacja;0;53,5;29,43;500ml;0,23;Active;1;Mid-Market
13161;VelvetAroma EDT Pour Femme 100ml;VelvetAroma;Perfumy;EDT;0;131,85;46,15;100ml;0,23;Active;0;Economy
13162;GlamTouch Oczy Matujący 8ml;GlamTouch;Makijaż;Oczy;0;85,25;34,1;8ml;0,23;Active;1;Mid-Market
13163;Aura Basic Wkładki Kojący 20 szt.;Aura Basic;Higiena intymna;Wkładki;1;20,28;9,13;szt.;0,23;Active;0;Premium
13164;Aura Care Krem na noc Nawilżający 50ml;Aura Care;Pielęgnacja twarzy;Kremy na noc;1;64,99;16,25;50ml;0,23;Active;1;Mid-Market
13165;PureTots Chusteczki Nawilżane 40 szt.;PureTots;Dziecko;Chusteczki;0;13,67;10,25;szt.;0,23;Active;0;Economy
13166;LumiSkin Żele do mycia Nawilżający 150ml;LumiSkin;Pielęgnacja twarzy;Żele do mycia;0;57,16;25,72;150ml;0,23;Active;0;Mid-Market
13167;VigorHair Szampon Do farbowanych 400ml;VigorHair;Włosy;Szampony;0;48,36;26,6;400ml;0,23;Active;0;Mid-Market
13168;HealthSpark Minerały D3 2000 j.m. 30 kaps.;HealthSpark;Suplementy i Zdrowie;Minerały;0;51,87;28,53;kaps.;0,08;Active;0;Mid-Market
13169;Aura Kids Pieluchy Nawilżane 40 szt.;Aura Kids;Dziecko;Pieluchy;1;52,8;31,68;szt.;0,23;Active;0;Mid-Market
13170;Herbix Stylizacja Przeciwłupieżowy 500ml;Herbix;Włosy;Stylizacja;0;32,4;17,82;500ml;0,23;Active;1;Economy
13171;SoftTouch Podpaski Normal 40 szt.;SoftTouch;Higiena intymna;Podpaski;0;25,9;16,84;szt.;0,23;Active;0;Premium
13172;BabySoft Kosmetyki Nawilżane 60 szt.;BabySoft;Dziecko;Kosmetyki;0;55,47;41,6;szt.;0,23;Active;0;Premium
13173;PureCare Podpaski Normal 200ml;PureCare;Higiena intymna;Podpaski;0;12,5;8,12;200ml;0,23;Active;1;Economy
13174;VigorHair Szampon Przeciwłupieżowy 250ml;VigorHair;Włosy;Szampony;0;67,43;37,09;250ml;0,23;Phase-Out;0;Premium
13175;Aura Care Maski Przeciwłupieżowy 400ml;Aura Care;Włosy;Maski;1;61,58;21,55;400ml;0,23;Active;1;Premium
13176;PureTots Chusteczki Nawilżane 500ml;PureTots;Dziecko;Chusteczki;0;59,95;44,96;500ml;0,23;Phase-Out;0;Premium
13177;Aura Beauty Usta Matujący 8ml;Aura Beauty;Makijaż;Usta;1;79,88;15,98;8ml;0,23;Active;0;Mid-Market
13178;PureBotanica Żele do mycia Matujący 50ml;PureBotanica;Pielęgnacja twarzy;Żele do mycia;0;48,44;21,8;50ml;0,23;Phase-Out;1;Economy
13179;DermaGlow Krem na dzień Przeciwzmarszczkowy 50ml;DermaGlow;Pielęgnacja twarzy;Kremy na dzień;0;24,83;11,17;50ml;0,23;Active;0;Economy
13180;PureCare Płyny i żele Ochronny 40 szt.;PureCare;Higiena intymna;Płyny i żele;0;7,33;4,76;szt.;0,23;Active;1;Economy
13181;ColorAura Oczy Long-lasting 8ml;ColorAura;Makijaż;Oczy;0;57,62;23,05;8ml;0,23;Active;1;Economy
13182;Aura Care Minerały Forte 30 kaps.;Aura Care;Suplementy i Zdrowie;Minerały;1;43,9;13,17;kaps.;0,08;Active;1;Mid-Market
13183;NutriMax Odporność C 1000mg 60 kaps.;NutriMax;Suplementy i Zdrowie;Odporność;0;39,97;21,98;kaps.;0,08;Active;0;Economy
13184;FreshGlow Płyny i żele Kojący 40 szt.;FreshGlow;Higiena intymna;Płyny i żele;0;13,56;8,81;szt.;0,23;Phase-Out;0;Mid-Market
13185;VigorHair Maski Nawilżająca 500ml;VigorHair;Włosy;Maski;0;59,91;32,95;500ml;0,23;Active;1;Premium
13186;Herbix Maski Do farbowanych 250ml;Herbix;Włosy;Maski;0;44,0;24,2;250ml;0,23;Active;1;Mid-Market
13187;Aura Care Krem na noc Matujący 150ml;Aura Care;Pielęgnacja twarzy;Kremy na noc;1;72,33;18,08;150ml;0,23;Active;1;Mid-Market
13188;GlamTouch Oczy Long-lasting 30ml;GlamTouch;Makijaż;Oczy;0;124,31;49,72;30ml;0,23;Phase-Out;0;Premium
13189;Aura Beauty Oczy Rozświetlający 15g;Aura Beauty;Makijaż;Oczy;1;116,66;23,33;15g;0,23;Active;0;Premium
13190;SilkMane Odżywki Przeciwłupieżowy 500ml;SilkMane;Włosy;Odżywki;0;38,79;21,33;500ml;0,23;Active;0;Mid-Market
13191;Aura Signatures EDP Pour Homme 30ml;Aura Signatures;Perfumy;EDP;1;225,31;33,8;30ml;0,23;Active;0;Mid-Market
13192;VisagePro Usta Rozświetlający 30ml;VisagePro;Makijaż;Usta;0;65,97;26,39;30ml;0,23;Active;0;Economy
13193;Aura Care Odporność D3 2000 j.m. 30 kaps.;Aura Care;Suplementy i Zdrowie;Odporność;1;52,45;15,74;kaps.;0,08;Active;1;Mid-Market
13194;Aura Care Minerały D3 2000 j.m. 90 kaps.;Aura Care;Suplementy i Zdrowie;Minerały;1;30,5;9,15;kaps.;0,08;Active;1;Economy
13195;Aura Care Szampon Do farbowanych 500ml;Aura Care;Włosy;Szampony;1;62,41;21,84;500ml;0,23;Active;1;Premium
13196;PureBotanica Sera Matujący 150ml;PureBotanica;Pielęgnacja twarzy;Sera;0;18,06;8,13;150ml;0,23;Active;1;Economy
13197;Aura Beauty Oczy Rozświetlający 30ml;Aura Beauty;Makijaż;Oczy;1;57,25;11,45;30ml;0,23;Active;0;Economy
13198;SoftTouch Płyny i żele Ochronny 200ml;SoftTouch;Higiena intymna;Płyny i żele;0;14,35;9,33;200ml;0,23;Active;1;Mid-Market
13199;SoftTouch Płyny i żele Super 40 szt.;SoftTouch;Higiena intymna;Płyny i żele;0;8,89;5,78;szt.;0,23;Active;0;Economy
13200;Aura Care Minerały Forte 30 kaps.;Aura Care;Suplementy i Zdrowie;Minerały;1;54,06;16,22;kaps.;0,08;Active;1;Mid-Market
13201;ColorAura Twarz Wodoodporny 8ml;ColorAura;Makijaż;Twarz;0;88,32;35,33;8ml;0,23;Phase-Out;0;Mid-Market
13202;FreshGlow Wkładki Normal 20 szt.;FreshGlow;Higiena intymna;Wkładki;0;17,54;11,4;szt.;0,23;Active;0;Mid-Market
13203;Veluria Żele do mycia Matujący 30ml;Veluria;Pielęgnacja twarzy;Żele do mycia;0;117,42;52,84;30ml;0,23;Active;0;Premium
13204;GlamTouch Twarz Matujący 15g;GlamTouch;Makijaż;Twarz;0;125,85;50,34;15g;0,23;Active;1;Premium
13205;SoftTouch Płyny i żele Super 200ml;SoftTouch;Higiena intymna;Płyny i żele;0;10,22;6,64;200ml;0,23;Active;0;Economy
13206;VigorHair Maski Przeciwłupieżowy 250ml;VigorHair;Włosy;Maski;0;18,89;10,39;250ml;0,23;Active;0;Economy
13207;ColorAura Usta Matujący 8ml;ColorAura;Makijaż;Usta;0;163,52;65,41;8ml;0,23;Active;0;Premium
13208;ScentMaison EDP Pour Homme 100ml;ScentMaison;Perfumy;EDP;0;355,5;124,42;100ml;0,23;Active;0;Premium
13209;NutriMax Odporność Magnez + B6 30 kaps.;NutriMax;Suplementy i Zdrowie;Odporność;0;47,86;26,32;kaps.;0,08;Active;0;Mid-Market
13210;TinyJoy Kosmetyki Rozmiar 4 40 szt.;TinyJoy;Dziecko;Kosmetyki;0;14,23;10,67;szt.;0,23;Active;0;Economy
13211;BabySoft Chusteczki Nawilżane 500ml;BabySoft;Dziecko;Chusteczki;0;20,28;15,21;500ml;0,23;Phase-Out;1;Economy
13212;BabySoft Kosmetyki Rozmiar 4 60 szt.;BabySoft;Dziecko;Kosmetyki;0;36,92;27,69;szt.;0,23;Phase-Out;0;Mid-Market
13213;Aura Beauty Usta Wodoodporny 8ml;Aura Beauty;Makijaż;Usta;1;39,93;7,99;8ml;0,23;Active;0;Economy
13214;DermaGlow Sera Przeciwzmarszczkowy 50ml;DermaGlow;Pielęgnacja twarzy;Sera;0;40,03;18,01;50ml;0,23;Phase-Out;0;Economy
13215;PureBotanica Krem na noc Matujący 50ml;PureBotanica;Pielęgnacja twarzy;Kremy na noc;0;99,96;44,98;50ml;0,23;Active;1;Premium
13216;BotanicaPro Stylizacja Nawilżająca 400ml;BotanicaPro;Włosy;Stylizacja;0;53,84;29,61;400ml;0,23;Active;0;Mid-Market
13217;FreshGlow Wkładki Ochronny 20 szt.;FreshGlow;Higiena intymna;Wkładki;0;13,25;8,61;szt.;0,23;Active;0;Mid-Market
13218;Aura Care Krem na dzień Z witaminą C 50ml;Aura Care;Pielęgnacja twarzy;Kremy na dzień;1;52,05;13,01;50ml;0,23;Active;1;Economy
13219;LumiSkin Krem na noc Przeciwzmarszczkowy 30ml;LumiSkin;Pielęgnacja twarzy;Kremy na noc;0;91,97;41,39;30ml;0,23;Active;0;Premium
13220;Aura Care Odporność Forte 90 kaps.;Aura Care;Suplementy i Zdrowie;Odporność;1;78,6;23,58;kaps.;0,08;Active;1;Premium
13221;PureBotanica Żele do mycia Z witaminą C 30ml;PureBotanica;Pielęgnacja twarzy;Żele do mycia;0;130,16;58,57;30ml;0,23;Phase-Out;1;Premium
13222;VitaCore Witaminy Forte 60 kaps.;VitaCore;Suplementy i Zdrowie;Witaminy;0;79,25;43,59;kaps.;0,08;Active;0;Premium
13223;LumiSkin Krem na dzień Przeciwzmarszczkowy 30ml;LumiSkin;Pielęgnacja twarzy;Kremy na dzień;0;88,63;39,88;30ml;0,23;Phase-Out;0;Mid-Market
13224;Aura Basic Płyny i żele Kojący 20 szt.;Aura Basic;Higiena intymna;Płyny i żele;1;16,06;7,23;szt.;0,23;Active;1;Mid-Market
13225;Herbix Szampon Przeciwłupieżowy 250ml;Herbix;Włosy;Szampony;0;71,76;39,47;250ml;0,23;Active;1;Premium
13226;Aura Care Witaminy Forte 60 kaps.;Aura Care;Suplementy i Zdrowie;Witaminy;1;59,89;17,97;kaps.;0,08;Active;1;Mid-Market
13227;VigorHair Maski Nawilżająca 500ml;VigorHair;Włosy;Maski;0;58,16;31,99;500ml;0,23;Active;0;Premium
13228;PureCare Wkładki Super 40 szt.;PureCare;Higiena intymna;Wkładki;0;9,85;6,4;szt.;0,23;Active;1;Economy
13229;SoftTouch Wkładki Kojący 20 szt.;SoftTouch;Higiena intymna;Wkładki;0;23,19;15,07;szt.;0,23;Active;0;Premium
13230;DermaGlow Sera Z witaminą C 50ml;DermaGlow;Pielęgnacja twarzy;Sera;0;126,48;56,92;50ml;0,23;Active;0;Premium
13231;VelvetLine Usta Matujący 30ml;VelvetLine;Makijaż;Usta;0;86,53;34,61;30ml;0,23;Active;0;Mid-Market
13232;Aura Signatures EDT Pour Femme 50ml;Aura Signatures;Perfumy;EDT;1;112,56;16,88;50ml;0,23;Active;0;Economy
13233;BabySoft Pieluchy Rozmiar 4 500ml;BabySoft;Dziecko;Pieluchy;0;47,76;35,82;500ml;0,23;Active;0;Mid-Market
13234;Aura Basic Wkładki Kojący 40 szt.;Aura Basic;Higiena intymna;Wkładki;1;12,95;5,83;szt.;0,23;Active;0;Economy
13235;VelvetLine Usta Wodoodporny 15g;VelvetLine;Makijaż;Usta;0;29,71;11,88;15g;0,23;Active;0;Economy
13236;BabySoft Pieluchy Rozmiar 3 40 szt.;BabySoft;Dziecko;Pieluchy;0;66,04;49,53;szt.;0,23;Active;1;Premium
13237;Aura Kids Chusteczki Rozmiar 4 40 szt.;Aura Kids;Dziecko;Chusteczki;1;34,19;20,51;szt.;0,23;Active;0;Economy
13238;Aura Care Sera Nawilżający 50ml;Aura Care;Pielęgnacja twarzy;Sera;1;73,64;18,41;50ml;0,23;Active;1;Mid-Market
13239;LumiSkin Sera Przeciwzmarszczkowy 50ml;LumiSkin;Pielęgnacja twarzy;Sera;0;90,9;40,91;50ml;0,23;Phase-Out;0;Mid-Market
13240;Herbix Maski Przeciwłupieżowy 500ml;Herbix;Włosy;Maski;0;75,99;41,79;500ml;0,23;Active;1;Premium
13241;BotanicaPro Maski Przeciwłupieżowy 400ml;BotanicaPro;Włosy;Maski;0;65,79;36,18;400ml;0,23;Active;0;Premium
13242;Aura Care Maski Odbudowujący 250ml;Aura Care;Włosy;Maski;1;26,0;9,1;250ml;0,23;Active;1;Economy
13243;PureCare Płyny i żele Kojący 200ml;PureCare;Higiena intymna;Płyny i żele;0;15,1;9,81;200ml;0,23;Active;1;Mid-Market
13244;PureCare Podpaski Super 20 szt.;PureCare;Higiena intymna;Podpaski;0;24,45;15,89;szt.;0,23;Active;1;Premium
13245;PureTots Kosmetyki Nawilżane 500ml;PureTots;Dziecko;Kosmetyki;0;76,55;57,41;500ml;0,23;Discontinued;0;Premium
13246;BabySoft Chusteczki Rozmiar 3 40 szt.;BabySoft;Dziecko;Chusteczki;0;65,29;48,97;szt.;0,23;Active;0;Premium
13247;PureTots Kosmetyki Nawilżane 60 szt.;PureTots;Dziecko;Kosmetyki;0;20,36;15,27;szt.;0,23;Active;0;Economy
13248;VigorHair Odżywki Do farbowanych 400ml;VigorHair;Włosy;Odżywki;0;41,95;23,07;400ml;0,23;Phase-Out;0;Mid-Market
13249;SilkMane Odżywki Przeciwłupieżowy 400ml;SilkMane;Włosy;Odżywki;0;24,5;13,48;400ml;0,23;Active;0;Economy
13250;DermaGlow Krem na noc Przeciwzmarszczkowy 150ml;DermaGlow;Pielęgnacja twarzy;Kremy na noc;0;67,44;30,35;150ml;0,23;Active;0;Mid-Market
13251;LumiSkin Sera Z witaminą C 30ml;LumiSkin;Pielęgnacja twarzy;Sera;0;105,6;47,52;30ml;0,23;Active;0;Premium
13252;BabySoft Kosmetyki Nawilżane 60 szt.;BabySoft;Dziecko;Kosmetyki;0;77,54;58,16;szt.;0,23;Active;0;Premium
13253;FreshGlow Płyny i żele Normal 20 szt.;FreshGlow;Higiena intymna;Płyny i żele;0;13,94;9,06;szt.;0,23;Phase-Out;0;Mid-Market
13254;ColorAura Oczy Rozświetlający 15g;ColorAura;Makijaż;Oczy;0;138,76;55,5;15g;0,23;Active;1;Premium
13255;DermaGlow Żele do mycia Nawilżający 150ml;DermaGlow;Pielęgnacja twarzy;Żele do mycia;0;83,06;37,38;150ml;0,23;Active;0;Mid-Market
13256;BabySoft Chusteczki Sensitive 500ml;BabySoft;Dziecko;Chusteczki;0;21,52;16,14;500ml;0,23;Active;0;Economy
13257;Aura Beauty Oczy Wodoodporny 15g;Aura Beauty;Makijaż;Oczy;1;82,81;16,56;15g;0,23;Active;0;Mid-Market
13258;Aura Care Odporność Forte 90 kaps.;Aura Care;Suplementy i Zdrowie;Odporność;1;31,54;9,46;kaps.;0,08;Active;1;Economy
13259;HealthSpark Witaminy Magnez + B6 30 kaps.;HealthSpark;Suplementy i Zdrowie;Witaminy;0;64,03;35,22;kaps.;0,08;Active;0;Mid-Market
13260;PureBotanica Żele do mycia Z witaminą C 150ml;PureBotanica;Pielęgnacja twarzy;Żele do mycia;0;20,16;9,07;150ml;0,23;Active;1;Economy
13261;PureBotanica Krem na noc Nawilżający 150ml;PureBotanica;Pielęgnacja twarzy;Kremy na noc;0;50,6;22,77;150ml;0,23;Phase-Out;1;Economy
13262;TinyJoy Kosmetyki Rozmiar 3 500ml;TinyJoy;Dziecko;Kosmetyki;0;32,18;24,13;500ml;0,23;Active;0;Economy
13263;HealthSpark Minerały C 1000mg 60 kaps.;HealthSpark;Suplementy i Zdrowie;Minerały;0;46,39;25,51;kaps.;0,08;Active;0;Mid-Market
13264;BabySoft Kosmetyki Rozmiar 4 40 szt.;BabySoft;Dziecko;Kosmetyki;0;45,98;34,48;szt.;0,23;Phase-Out;0;Mid-Market
13265;TinyJoy Kosmetyki Rozmiar 3 500ml;TinyJoy;Dziecko;Kosmetyki;0;37,45;28,09;500ml;0,23;Active;0;Mid-Market
13266;Aura Care Odporność Forte 60 kaps.;Aura Care;Suplementy i Zdrowie;Odporność;1;35,05;10,52;kaps.;0,08;Active;1;Economy
13267;Herbix Odżywki Do farbowanych 250ml;Herbix;Włosy;Odżywki;0;70,48;38,76;250ml;0,23;Phase-Out;1;Premium
13268;Essentia EDT Pour Homme 50ml;Essentia;Perfumy;EDT;0;225,06;78,77;50ml;0,23;Active;0;Mid-Market
13269;GlamTouch Twarz Matujący 8ml;GlamTouch;Makijaż;Twarz;0;169,98;67,99;8ml;0,23;Active;0;Premium
13270;Herbix Maski Odbudowujący 500ml;Herbix;Włosy;Maski;0;29,33;16,13;500ml;0,23;Active;1;Economy
13271;DermaGlow Żele do mycia Nawilżający 50ml;DermaGlow;Pielęgnacja twarzy;Żele do mycia;0;51,89;23,35;50ml;0,23;Active;0;Economy
13272;NoirElegance Mgiełki Fresh 30ml;NoirElegance;Perfumy;Mgiełki;0;89,11;31,19;30ml;0,23;Active;0;Economy
13273;VisagePro Oczy Rozświetlający 30ml;VisagePro;Makijaż;Oczy;0;35,56;14,22;30ml;0,23;Phase-Out;0;Economy
13274;VisagePro Oczy Rozświetlający 15g;VisagePro;Makijaż;Oczy;0;105,01;42,0;15g;0,23;Active;0;Mid-Market
13275;Herbix Odżywki Odbudowujący 250ml;Herbix;Włosy;Odżywki;0;34,17;18,79;250ml;0,23;Phase-Out;1;Mid-Market
13276;Herbix Szampon Nawilżająca 250ml;Herbix;Włosy;Szampony;0;42,67;23,47;250ml;0,23;Active;1;Mid-Market
13277;VelvetLine Twarz Long-lasting 30ml;VelvetLine;Makijaż;Twarz;0;48,09;19,24;30ml;0,23;Active;0;Economy
13278;VelvetAroma EDP Pour Homme 50ml;VelvetAroma;Perfumy;EDP;0;448,09;156,83;50ml;0,23;Active;1;Premium
13279;Aura Signatures Mgiełki Pour Femme 30ml;Aura Signatures;Perfumy;Mgiełki;1;268,62;40,29;30ml;0,23;Active;1;Mid-Market
13280;VelvetLine Twarz Wodoodporny 15g;VelvetLine;Makijaż;Twarz;0;22,76;9,1;15g;0,23;Active;0;Economy
13281;VelvetLine Usta Rozświetlający 15g;VelvetLine;Makijaż;Usta;0;167,47;66,99;15g;0,23;Active;0;Premium
13282;SoftTouch Płyny i żele Super 40 szt.;SoftTouch;Higiena intymna;Płyny i żele;0;18,13;11,78;szt.;0,23;Active;0;Mid-Market
13283;BotanicaPro Stylizacja Przeciwłupieżowy 400ml;BotanicaPro;Włosy;Stylizacja;0;29,08;15,99;400ml;0,23;Active;1;Economy
13284;Aura Care Maski Nawilżająca 250ml;Aura Care;Włosy;Maski;1;33,08;11,58;250ml;0,23;Active;1;Economy
13285;Essentia EDT Fresh 50ml;Essentia;Perfumy;EDT;0;296,52;103,78;50ml;0,23;Active;0;Mid-Market
13286;TinyJoy Kosmetyki Sensitive 60 szt.;TinyJoy;Dziecko;Kosmetyki;0;69,09;51,82;szt.;0,23;Active;0;Premium
13287;HealthSpark Odporność C 1000mg 30 kaps.;HealthSpark;Suplementy i Zdrowie;Odporność;0;92,43;50,84;kaps.;0,08;Active;0;Premium
13288;SoftTouch Podpaski Super 200ml;SoftTouch;Higiena intymna;Podpaski;0;21,85;14,2;200ml;0,23;Active;1;Premium
13289;DermaGlow Sera Matujący 50ml;DermaGlow;Pielęgnacja twarzy;Sera;0;46,31;20,84;50ml;0,23;Active;0;Economy
13290;Aura Care Szampon Nawilżająca 400ml;Aura Care;Włosy;Szampony;1;19,04;6,66;400ml;0,23;Active;1;Economy
13291;VelvetAroma EDT Pour Femme 100ml;VelvetAroma;Perfumy;EDT;0;203,16;71,11;100ml;0,23;Active;0;Mid-Market
13292;PureBotanica Sera Nawilżający 150ml;PureBotanica;Pielęgnacja twarzy;Sera;0;84,31;37,94;150ml;0,23;Active;1;Mid-Market
13293;VitaCore Odporność Forte 30 kaps.;VitaCore;Suplementy i Zdrowie;Odporność;0;51,2;28,16;kaps.;0,08;Active;0;Mid-Market
13294;Aura Care Żele do mycia Przeciwzmarszczkowy 50ml;Aura Care;Pielęgnacja twarzy;Żele do mycia;1;87,07;21,77;50ml;0,23;Active;1;Mid-Market
13295;NoirElegance EDP Pour Femme 50ml;NoirElegance;Perfumy;EDP;0;193,84;67,84;50ml;0,23;Active;0;Mid-Market
13296;LumiSkin Krem na dzień Nawilżający 50ml;LumiSkin;Pielęgnacja twarzy;Kremy na dzień;0;81,35;36,61;50ml;0,23;Active;0;Mid-Market
13297;NutriMax Minerały C 1000mg 60 kaps.;NutriMax;Suplementy i Zdrowie;Minerały;0;44,73;24,6;kaps.;0,08;Active;0;Mid-Market
13298;VigorHair Szampon Nawilżająca 500ml;VigorHair;Włosy;Szampony;0;67,24;36,98;500ml;0,23;Active;0;Premium
13299;Aura Basic Płyny i żele Ochronny 20 szt.;Aura Basic;Higiena intymna;Płyny i żele;1;19,97;8,99;szt.;0,23;Active;0;Mid-Market
13300;Herbix Odżywki Nawilżająca 250ml;Herbix;Włosy;Odżywki;0;24,67;13,57;250ml;0,23;Active;1;Economy
13301;LumiSkin Krem na noc Matujący 150ml;LumiSkin;Pielęgnacja twarzy;Kremy na noc;0;63,81;28,71;150ml;0,23;Active;0;Mid-Market
13302;BabySoft Pieluchy Nawilżane 60 szt.;BabySoft;Dziecko;Pieluchy;0;29,54;22,16;szt.;0,23;Active;0;Economy
13303;Herbix Stylizacja Nawilżająca 400ml;Herbix;Włosy;Stylizacja;0;79,6;43,78;400ml;0,23;Active;1;Premium
13304;VelvetAroma EDT Pour Femme 50ml;VelvetAroma;Perfumy;EDT;0;135,18;47,31;50ml;0,23;Discontinued;0;Economy
13305;FreshGlow Podpaski Ochronny 40 szt.;FreshGlow;Higiena intymna;Podpaski;0;11,67;7,59;szt.;0,23;Active;0;Economy
13306;Aura Beauty Twarz Wodoodporny 15g;Aura Beauty;Makijaż;Twarz;1;86,91;17,38;15g;0,23;Active;0;Mid-Market
13307;Aura Care Szampon Przeciwłupieżowy 500ml;Aura Care;Włosy;Szampony;1;51,19;17,92;500ml;0,23;Active;1;Mid-Market
13308;SoftTouch Podpaski Super 20 szt.;SoftTouch;Higiena intymna;Podpaski;0;10,27;6,68;szt.;0,23;Active;0;Economy
13309;SoftTouch Podpaski Ochronny 20 szt.;SoftTouch;Higiena intymna;Podpaski;0;8,67;5,64;szt.;0,23;Active;1;Economy
13310;PureBotanica Żele do mycia Matujący 50ml;PureBotanica;Pielęgnacja twarzy;Żele do mycia;0;55,54;24,99;50ml;0,23;Phase-Out;1;Mid-Market
13311;Herbix Stylizacja Nawilżająca 500ml;Herbix;Włosy;Stylizacja;0;18,39;10,11;500ml;0,23;Active;1;Economy
13312;Aura Kids Pieluchy Rozmiar 4 500ml;Aura Kids;Dziecko;Pieluchy;1;57,86;34,72;500ml;0,23;Phase-Out;0;Premium
13313;Herbix Maski Do farbowanych 250ml;Herbix;Włosy;Maski;0;20,2;11,11;250ml;0,23;Active;1;Economy
13314;VigorHair Maski Odbudowujący 500ml;VigorHair;Włosy;Maski;0;26,19;14,4;500ml;0,23;Active;0;Economy
13315;Aura Beauty Usta Wodoodporny 30ml;Aura Beauty;Makijaż;Usta;1;77,26;15,45;30ml;0,23;Phase-Out;0;Mid-Market
13316;PureCare Wkładki Ochronny 40 szt.;PureCare;Higiena intymna;Wkładki;0;10,06;6,54;szt.;0,23;Active;1;Economy
13317;VigorHair Maski Odbudowujący 250ml;VigorHair;Włosy;Maski;0;14,97;8,23;250ml;0,23;Active;0;Economy
13318;BotanicaPro Odżywki Nawilżająca 400ml;BotanicaPro;Włosy;Odżywki;0;17,86;9,82;400ml;0,23;Active;0;Economy
13319;PureTots Kosmetyki Nawilżane 500ml;PureTots;Dziecko;Kosmetyki;0;52,49;39,37;500ml;0,23;Active;0;Mid-Market
13320;SilkMane Odżywki Odbudowujący 400ml;SilkMane;Włosy;Odżywki;0;81,01;44,56;400ml;0,23;Active;0;Premium
13321;DermaGlow Żele do mycia Z witaminą C 30ml;DermaGlow;Pielęgnacja twarzy;Żele do mycia;0;56,71;25,52;30ml;0,23;Active;1;Mid-Market
13322;ColorAura Oczy Rozświetlający 8ml;ColorAura;Makijaż;Oczy;0;142,12;56,85;8ml;0,23;Active;0;Premium
13323;DermaGlow Żele do mycia Z witaminą C 30ml;DermaGlow;Pielęgnacja twarzy;Żele do mycia;0;53,35;24,01;30ml;0,23;Active;0;Mid-Market
13324;Aura Care Minerały Magnez + B6 90 kaps.;Aura Care;Suplementy i Zdrowie;Minerały;1;31,04;9,31;kaps.;0,08;Active;1;Economy
13325;VigorHair Maski Nawilżająca 400ml;VigorHair;Włosy;Maski;0;49,33;27,13;400ml;0,23;Phase-Out;0;Mid-Market
13326;LumiSkin Sera Przeciwzmarszczkowy 30ml;LumiSkin;Pielęgnacja twarzy;Sera;0;122,75;55,24;30ml;0,23;Active;1;Premium
13327;LumiSkin Sera Przeciwzmarszczkowy 150ml;LumiSkin;Pielęgnacja twarzy;Sera;0;95,99;43,2;150ml;0,23;Active;0;Premium
13328;DermaGlow Żele do mycia Z witaminą C 150ml;DermaGlow;Pielęgnacja twarzy;Żele do mycia;0;40,24;18,11;150ml;0,23;Active;0;Economy
13329;VitaCore Odporność Forte 90 kaps.;VitaCore;Suplementy i Zdrowie;Odporność;0;42,49;23,37;kaps.;0,08;Active;0;Economy
13330;VisagePro Usta Wodoodporny 8ml;VisagePro;Makijaż;Usta;0;129,48;51,79;8ml;0,23;Discontinued;0;Premium
13331;GlamTouch Oczy Rozświetlający 8ml;GlamTouch;Makijaż;Oczy;0;67,51;27,0;8ml;0,23;Active;0;Economy
13332;SilkMane Maski Przeciwłupieżowy 250ml;SilkMane;Włosy;Maski;0;26,74;14,71;250ml;0,23;Active;0;Economy
13333;VitaCore Minerały C 1000mg 90 kaps.;VitaCore;Suplementy i Zdrowie;Minerały;0;104,67;57,57;kaps.;0,08;Active;0;Premium
13334;Aura Care Krem na dzień Przeciwzmarszczkowy 50ml;Aura Care;Pielęgnacja twarzy;Kremy na dzień;1;69,28;17,32;50ml;0,23;Active;1;Mid-Market
13335;Aura Care Krem na dzień Matujący 150ml;Aura Care;Pielęgnacja twarzy;Kremy na dzień;1;40,2;10,05;150ml;0,23;Active;1;Economy
13336;BotanicaPro Szampon Do farbowanych 400ml;BotanicaPro;Włosy;Szampony;0;63,48;34,91;400ml;0,23;Active;0;Premium
13337;PureCare Wkładki Kojący 200ml;PureCare;Higiena intymna;Wkładki;0;12,53;8,14;200ml;0,23;Active;1;Economy
13338;Aura Care Maski Przeciwłupieżowy 250ml;Aura Care;Włosy;Maski;1;23,0;8,05;250ml;0,23;Active;1;Economy
13339;DermaGlow Krem na dzień Przeciwzmarszczkowy 150ml;DermaGlow;Pielęgnacja twarzy;Kremy na dzień;0;98,76;44,44;150ml;0,23;Active;0;Premium
13340;VigorHair Szampon Nawilżająca 250ml;VigorHair;Włosy;Szampony;0;28,32;15,58;250ml;0,23;Active;0;Economy
13341;PureTots Kosmetyki Rozmiar 4 60 szt.;PureTots;Dziecko;Kosmetyki;0;32,19;24,14;szt.;0,23;Active;0;Economy
13342;VisagePro Oczy Rozświetlający 8ml;VisagePro;Makijaż;Oczy;0;67,61;27,04;8ml;0,23;Active;0;Economy
13343;Aura Care Minerały Forte 60 kaps.;Aura Care;Suplementy i Zdrowie;Minerały;1;22,33;6,7;kaps.;0,08;Active;1;Economy
13344;BotanicaPro Szampon Przeciwłupieżowy 500ml;BotanicaPro;Włosy;Szampony;0;61,63;33,9;500ml;0,23;Active;0;Premium
13345;SoftTouch Wkładki Ochronny 200ml;SoftTouch;Higiena intymna;Wkładki;0;12,79;8,31;200ml;0,23;Active;0;Economy
13346;Aura Kids Chusteczki Nawilżane 60 szt.;Aura Kids;Dziecko;Chusteczki;1;36,2;21,72;szt.;0,23;Active;0;Mid-Market
13347;SilkMane Odżywki Przeciwłupieżowy 250ml;SilkMane;Włosy;Odżywki;0;42,74;23,51;250ml;0,23;Active;0;Mid-Market
13348;LumiSkin Żele do mycia Z witaminą C 150ml;LumiSkin;Pielęgnacja twarzy;Żele do mycia;0;131,4;59,13;150ml;0,23;Active;0;Premium
13349;PureTots Chusteczki Rozmiar 3 60 szt.;PureTots;Dziecko;Chusteczki;0;41,23;30,92;szt.;0,23;Active;0;Mid-Market
13350;Herbix Odżywki Odbudowujący 400ml;Herbix;Włosy;Odżywki;0;16,59;9,12;400ml;0,23;Active;1;Economy
13351;PureBotanica Krem na noc Nawilżający 150ml;PureBotanica;Pielęgnacja twarzy;Kremy na noc;0;86,07;38,73;150ml;0,23;Active;1;Mid-Market
13352;VigorHair Szampon Odbudowujący 500ml;VigorHair;Włosy;Szampony;0;61,26;33,69;500ml;0,23;Phase-Out;0;Premium
13353;Aura Basic Wkładki Ochronny 200ml;Aura Basic;Higiena intymna;Wkładki;1;8,72;3,92;200ml;0,23;Active;0;Economy
13354;FreshGlow Wkładki Ochronny 20 szt.;FreshGlow;Higiena intymna;Wkładki;0;13,49;8,77;szt.;0,23;Active;0;Mid-Market
13355;FreshGlow Wkładki Normal 20 szt.;FreshGlow;Higiena intymna;Wkładki;0;19,22;12,49;szt.;0,23;Active;0;Mid-Market
13356;Aura Kids Pieluchy Rozmiar 3 60 szt.;Aura Kids;Dziecko;Pieluchy;1;9,95;5,97;szt.;0,23;Active;0;Economy
13357;TinyJoy Kosmetyki Sensitive 500ml;TinyJoy;Dziecko;Kosmetyki;0;32,24;24,18;500ml;0,23;Active;0;Economy
13358;ColorAura Twarz Wodoodporny 30ml;ColorAura;Makijaż;Twarz;0;137,52;55,01;30ml;0,23;Active;1;Premium
13359;PureBotanica Krem na noc Nawilżający 50ml;PureBotanica;Pielęgnacja twarzy;Kremy na noc;0;106,66;48,0;50ml;0,23;Active;1;Premium
13360;TinyJoy Chusteczki Rozmiar 4 60 szt.;TinyJoy;Dziecko;Chusteczki;0;56,89;42,67;szt.;0,23;Discontinued;1;Premium
13361;DermaGlow Krem na dzień Nawilżający 30ml;DermaGlow;Pielęgnacja twarzy;Kremy na dzień;0;57,3;25,78;30ml;0,23;Active;0;Mid-Market
13362;DermaGlow Sera Przeciwzmarszczkowy 30ml;DermaGlow;Pielęgnacja twarzy;Sera;0;50,47;22,71;30ml;0,23;Active;0;Economy
13363;LumiSkin Żele do mycia Z witaminą C 50ml;LumiSkin;Pielęgnacja twarzy;Żele do mycia;0;60,49;27,22;50ml;0,23;Active;0;Mid-Market
13364;Veluria Krem na noc Z witaminą C 150ml;Veluria;Pielęgnacja twarzy;Kremy na noc;0;28,62;12,88;150ml;0,23;Active;0;Economy
13365;PureBotanica Krem na noc Przeciwzmarszczkowy 50ml;PureBotanica;Pielęgnacja twarzy;Kremy na noc;0;125,76;56,59;50ml;0,23;Active;1;Premium
13366;LumiSkin Krem na noc Matujący 30ml;LumiSkin;Pielęgnacja twarzy;Kremy na noc;0;79,53;35,79;30ml;0,23;Active;0;Mid-Market
13367;SilkMane Szampon Do farbowanych 400ml;SilkMane;Włosy;Szampony;0;38,83;21,36;400ml;0,23;Discontinued;0;Mid-Market
13368;VitaCore Odporność Forte 90 kaps.;VitaCore;Suplementy i Zdrowie;Odporność;0;98,56;54,21;kaps.;0,08;Active;0;Premium
13369;HealthSpark Odporność C 1000mg 30 kaps.;HealthSpark;Suplementy i Zdrowie;Odporność;0;30,5;16,78;kaps.;0,08;Active;1;Economy
13370;Aura Basic Podpaski Ochronny 40 szt.;Aura Basic;Higiena intymna;Podpaski;1;11,1;4,99;szt.;0,23;Active;0;Economy
13371;Aura Care Maski Odbudowujący 400ml;Aura Care;Włosy;Maski;1;53,12;18,59;400ml;0,23;Active;1;Mid-Market
13372;VitaCore Minerały Magnez + B6 30 kaps.;VitaCore;Suplementy i Zdrowie;Minerały;0;70,33;38,68;kaps.;0,08;Active;0;Premium
13373;HealthSpark Odporność Forte 60 kaps.;HealthSpark;Suplementy i Zdrowie;Odporność;0;91,19;50,15;kaps.;0,08;Active;0;Premium
13374;SoftTouch Płyny i żele Kojący 40 szt.;SoftTouch;Higiena intymna;Płyny i żele;0;9,82;6,38;szt.;0,23;Active;0;Economy
13375;LumiSkin Żele do mycia Przeciwzmarszczkowy 30ml;LumiSkin;Pielęgnacja twarzy;Żele do mycia;0;31,89;14,35;30ml;0,23;Active;1;Economy
13376;Veluria Żele do mycia Nawilżający 30ml;Veluria;Pielęgnacja twarzy;Żele do mycia;0;61,23;27,55;30ml;0,23;Active;0;Mid-Market
13377;DermaGlow Krem na noc Matujący 150ml;DermaGlow;Pielęgnacja twarzy;Kremy na noc;0;37,41;16,83;150ml;0,23;Active;0;Economy
13378;FreshGlow Płyny i żele Ochronny 20 szt.;FreshGlow;Higiena intymna;Płyny i żele;0;23,32;15,16;szt.;0,23;Active;0;Premium
13379;Herbix Szampon Do farbowanych 500ml;Herbix;Włosy;Szampony;0;71,49;39,32;500ml;0,23;Active;1;Premium
13380;ColorAura Oczy Wodoodporny 30ml;ColorAura;Makijaż;Oczy;0;64,86;25,94;30ml;0,23;Active;0;Economy
13381;Aura Care Sera Nawilżający 30ml;Aura Care;Pielęgnacja twarzy;Sera;1;109,37;27,34;30ml;0,23;Active;1;Premium
13382;Aura Care Odżywki Przeciwłupieżowy 400ml;Aura Care;Włosy;Odżywki;1;27,38;9,58;400ml;0,23;Active;1;Economy
13383;BotanicaPro Odżywki Odbudowujący 500ml;BotanicaPro;Włosy;Odżywki;0;27,44;15,09;500ml;0,23;Active;1;Economy
13384;DermaGlow Sera Nawilżający 50ml;DermaGlow;Pielęgnacja twarzy;Sera;0;74,65;33,59;50ml;0,23;Active;0;Mid-Market
13385;PureTots Pieluchy Nawilżane 60 szt.;PureTots;Dziecko;Pieluchy;0;49,37;37,03;szt.;0,23;Active;0;Mid-Market
13386;Aura Beauty Usta Rozświetlający 15g;Aura Beauty;Makijaż;Usta;1;125,22;25,04;15g;0,23;Discontinued;0;Premium
13387;Aura Care Odżywki Nawilżająca 250ml;Aura Care;Włosy;Odżywki;1;49,12;17,19;250ml;0,23;Active;1;Mid-Market
13388;Aura Beauty Twarz Long-lasting 15g;Aura Beauty;Makijaż;Twarz;1;77,44;15,49;15g;0,23;Active;0;Mid-Market
13389;SilkMane Maski Przeciwłupieżowy 400ml;SilkMane;Włosy;Maski;0;29,03;15,97;400ml;0,23;Active;0;Economy
13390;Aura Care Minerały D3 2000 j.m. 90 kaps.;Aura Care;Suplementy i Zdrowie;Minerały;1;84,27;25,28;kaps.;0,08;Active;1;Premium
13391;GlamTouch Oczy Rozświetlający 15g;GlamTouch;Makijaż;Oczy;0;118,04;47,22;15g;0,23;Active;0;Premium
13392;Aura Signatures EDP Intense 30ml;Aura Signatures;Perfumy;EDP;1;286,73;43,01;30ml;0,23;Phase-Out;0;Mid-Market
13393;SoftTouch Podpaski Super 20 szt.;SoftTouch;Higiena intymna;Podpaski;0;19,75;12,84;szt.;0,23;Active;1;Mid-Market
13394;Aura Care Szampon Przeciwłupieżowy 250ml;Aura Care;Włosy;Szampony;1;64,77;22,67;250ml;0,23;Active;1;Premium
13395;PureTots Kosmetyki Rozmiar 4 60 szt.;PureTots;Dziecko;Kosmetyki;0;45,08;33,81;szt.;0,23;Phase-Out;0;Mid-Market
13396;Aura Care Maski Do farbowanych 250ml;Aura Care;Włosy;Maski;1;49,96;17,49;250ml;0,23;Active;1;Mid-Market
13397;ColorAura Usta Long-lasting 15g;ColorAura;Makijaż;Usta;0;25,27;10,11;15g;0,23;Discontinued;1;Economy
13398;HealthSpark Minerały Forte 30 kaps.;HealthSpark;Suplementy i Zdrowie;Minerały;0;36,49;20,07;kaps.;0,08;Phase-Out;0;Economy
13399;VelvetLine Twarz Wodoodporny 30ml;VelvetLine;Makijaż;Twarz;0;33,64;13,46;30ml;0,23;Active;0;Economy
13400;VitaCore Minerały Magnez + B6 90 kaps.;VitaCore;Suplementy i Zdrowie;Minerały;0;23,44;12,89;kaps.;0,08;Active;0;Economy
13401;VitaCore Odporność Forte 30 kaps.;VitaCore;Suplementy i Zdrowie;Odporność;0;31,47;17,31;kaps.;0,08;Active;0;Economy
13402;SilkMane Stylizacja Do farbowanych 250ml;SilkMane;Włosy;Stylizacja;0;14,48;7,96;250ml;0,23;Active;0;Economy
13403;Aura Care Odżywki Odbudowujący 250ml;Aura Care;Włosy;Odżywki;1;44,6;15,61;250ml;0,23;Phase-Out;1;Mid-Market
13404;PureTots Kosmetyki Rozmiar 4 40 szt.;PureTots;Dziecko;Kosmetyki;0;67,26;50,45;szt.;0,23;Active;0;Premium
13405;Veluria Żele do mycia Nawilżający 30ml;Veluria;Pielęgnacja twarzy;Żele do mycia;0;22,16;9,97;30ml;0,23;Active;0;Economy
13406;VigorHair Stylizacja Przeciwłupieżowy 250ml;VigorHair;Włosy;Stylizacja;0;22,92;12,61;250ml;0,23;Active;1;Economy
13407;NoirElegance Mgiełki Intense 100ml;NoirElegance;Perfumy;Mgiełki;0;182,53;63,89;100ml;0,23;Active;1;Mid-Market
13408;SoftTouch Płyny i żele Super 200ml;SoftTouch;Higiena intymna;Płyny i żele;0;19,15;12,45;200ml;0,23;Active;0;Mid-Market
13409;SoftTouch Wkładki Ochronny 200ml;SoftTouch;Higiena intymna;Wkładki;0;11,3;7,35;200ml;0,23;Active;0;Economy
13410;VelvetLine Oczy Wodoodporny 15g;VelvetLine;Makijaż;Oczy;0;51,56;20,62;15g;0,23;Active;0;Economy
13411;Aura Care Krem na noc Z witaminą C 30ml;Aura Care;Pielęgnacja twarzy;Kremy na noc;1;40,74;10,19;30ml;0,23;Active;1;Economy
13412;PureTots Kosmetyki Rozmiar 3 500ml;PureTots;Dziecko;Kosmetyki;0;68,71;51,53;500ml;0,23;Active;0;Premium
13413;Aura Care Szampon Odbudowujący 250ml;Aura Care;Włosy;Szampony;1;24,28;8,5;250ml;0,23;Active;1;Economy
13414;PureCare Podpaski Normal 20 szt.;PureCare;Higiena intymna;Podpaski;0;21,0;13,65;szt.;0,23;Active;1;Premium
13415;Herbix Szampon Do farbowanych 400ml;Herbix;Włosy;Szampony;0;69,28;38,1;400ml;0,23;Phase-Out;1;Premium
13416;Aura Basic Wkładki Normal 20 szt.;Aura Basic;Higiena intymna;Wkładki;1;20,5;9,22;szt.;0,23;Active;0;Premium
13417;Veluria Krem na noc Przeciwzmarszczkowy 150ml;Veluria;Pielęgnacja twarzy;Kremy na noc;0;78,83;35,47;150ml;0,23;Active;0;Mid-Market
13418;Veluria Żele do mycia Przeciwzmarszczkowy 50ml;Veluria;Pielęgnacja twarzy;Żele do mycia;0;99,62;44,83;50ml;0,23;Active;1;Premium
13419;Aura Beauty Usta Rozświetlający 15g;Aura Beauty;Makijaż;Usta;1;136,04;27,21;15g;0,23;Active;0;Premium
13420;Aura Care Szampon Odbudowujący 250ml;Aura Care;Włosy;Szampony;1;38,14;13,35;250ml;0,23;Phase-Out;1;Mid-Market
13421;FreshGlow Podpaski Kojący 40 szt.;FreshGlow;Higiena intymna;Podpaski;0;15,2;9,88;szt.;0,23;Active;0;Mid-Market
13422;VelvetLine Oczy Matujący 8ml;VelvetLine;Makijaż;Oczy;0;152,01;60,8;8ml;0,23;Discontinued;0;Premium
13423;VisagePro Twarz Wodoodporny 8ml;VisagePro;Makijaż;Twarz;0;164,1;65,64;8ml;0,23;Active;0;Premium
13424;ColorAura Oczy Wodoodporny 8ml;ColorAura;Makijaż;Oczy;0;144,72;57,89;8ml;0,23;Phase-Out;0;Premium
13425;VisagePro Oczy Matujący 15g;VisagePro;Makijaż;Oczy;0;39,64;15,86;15g;0,23;Discontinued;0;Economy
13426;Aura Basic Płyny i żele Ochronny 20 szt.;Aura Basic;Higiena intymna;Płyny i żele;1;13,88;6,25;szt.;0,23;Phase-Out;0;Mid-Market
13427;VigorHair Szampon Odbudowujący 250ml;VigorHair;Włosy;Szampony;0;42,87;23,58;250ml;0,23;Active;0;Mid-Market
13428;SilkMane Maski Przeciwłupieżowy 500ml;SilkMane;Włosy;Maski;0;39,84;21,91;500ml;0,23;Active;0;Mid-Market
13429;HealthSpark Odporność D3 2000 j.m. 60 kaps.;HealthSpark;Suplementy i Zdrowie;Odporność;0;89,93;49,46;kaps.;0,08;Active;0;Premium
13430;Aura Beauty Twarz Wodoodporny 30ml;Aura Beauty;Makijaż;Twarz;1;33,74;6,75;30ml;0,23;Active;0;Economy
13431;BotanicaPro Stylizacja Odbudowujący 250ml;BotanicaPro;Włosy;Stylizacja;0;43,35;23,84;250ml;0,23;Active;0;Mid-Market
13432;Aura Care Krem na dzień Matujący 50ml;Aura Care;Pielęgnacja twarzy;Kremy na dzień;1;61,06;15,27;50ml;0,23;Active;1;Mid-Market
13433;Herbix Odżywki Nawilżająca 500ml;Herbix;Włosy;Odżywki;0;78,6;43,23;500ml;0,23;Active;1;Premium
13434;Aura Basic Podpaski Super 200ml;Aura Basic;Higiena intymna;Podpaski;1;20,52;9,23;200ml;0,23;Active;0;Premium
13435;DermaGlow Krem na dzień Z witaminą C 30ml;DermaGlow;Pielęgnacja twarzy;Kremy na dzień;0;30,4;13,68;30ml;0,23;Active;0;Economy
13436;BotanicaPro Odżywki Odbudowujący 250ml;BotanicaPro;Włosy;Odżywki;0;74,39;40,91;250ml;0,23;Phase-Out;0;Premium
13437;PureTots Pieluchy Rozmiar 3 40 szt.;PureTots;Dziecko;Pieluchy;0;43,62;32,71;szt.;0,23;Active;0;Mid-Market
13438;SilkMane Szampon Przeciwłupieżowy 250ml;SilkMane;Włosy;Szampony;0;43,5;23,93;250ml;0,23;Phase-Out;0;Mid-Market
13439;VelvetLine Oczy Rozświetlający 15g;VelvetLine;Makijaż;Oczy;0;127,97;51,19;15g;0,23;Active;1;Premium
13440;VitaCore Minerały C 1000mg 30 kaps.;VitaCore;Suplementy i Zdrowie;Minerały;0;33,49;18,42;kaps.;0,08;Phase-Out;1;Economy
13441;VigorHair Szampon Przeciwłupieżowy 400ml;VigorHair;Włosy;Szampony;0;79,28;43,6;400ml;0,23;Active;0;Premium
13442;PureCare Płyny i żele Kojący 200ml;PureCare;Higiena intymna;Płyny i żele;0;26,47;17,21;200ml;0,23;Active;1;Premium
13443;ColorAura Twarz Matujący 30ml;ColorAura;Makijaż;Twarz;0;52,28;20,91;30ml;0,23;Active;0;Economy
13444;Herbix Odżywki Do farbowanych 250ml;Herbix;Włosy;Odżywki;0;14,93;8,21;250ml;0,23;Active;1;Economy
13445;Herbix Odżywki Do farbowanych 400ml;Herbix;Włosy;Odżywki;0;55,0;30,25;400ml;0,23;Active;1;Premium
13446;Aura Beauty Usta Matujący 30ml;Aura Beauty;Makijaż;Usta;1;44,23;8,85;30ml;0,23;Active;0;Economy
13447;DermaGlow Krem na dzień Przeciwzmarszczkowy 30ml;DermaGlow;Pielęgnacja twarzy;Kremy na dzień;0;115,78;52,1;30ml;0,23;Active;0;Premium
13448;Aura Care Żele do mycia Przeciwzmarszczkowy 50ml;Aura Care;Pielęgnacja twarzy;Żele do mycia;1;101,49;25,37;50ml;0,23;Active;1;Premium
13449;SoftTouch Płyny i żele Normal 40 szt.;SoftTouch;Higiena intymna;Płyny i żele;0;13,7;8,9;szt.;0,23;Active;0;Mid-Market
13450;SilkMane Maski Nawilżająca 500ml;SilkMane;Włosy;Maski;0;21,11;11,61;500ml;0,23;Active;0;Economy
13451;Aura Beauty Twarz Wodoodporny 8ml;Aura Beauty;Makijaż;Twarz;1;112,34;22,47;8ml;0,23;Discontinued;0;Mid-Market
13452;BotanicaPro Maski Do farbowanych 400ml;BotanicaPro;Włosy;Maski;0;70,85;38,97;400ml;0,23;Active;0;Premium
13453;SilkMane Odżywki Do farbowanych 400ml;SilkMane;Włosy;Odżywki;0;42,71;23,49;400ml;0,23;Active;0;Mid-Market
13454;PureCare Płyny i żele Ochronny 200ml;PureCare;Higiena intymna;Płyny i żele;0;22,71;14,76;200ml;0,23;Active;1;Premium
13455;PureBotanica Krem na noc Przeciwzmarszczkowy 150ml;PureBotanica;Pielęgnacja twarzy;Kremy na noc;0;103,66;46,65;150ml;0,23;Phase-Out;1;Premium
13456;PureCare Podpaski Super 20 szt.;PureCare;Higiena intymna;Podpaski;0;24,16;15,7;szt.;0,23;Discontinued;1;Premium
13457;LumiSkin Sera Nawilżający 150ml;LumiSkin;Pielęgnacja twarzy;Sera;0;84,64;38,09;150ml;0,23;Active;0;Mid-Market
13458;Aura Basic Wkładki Super 200ml;Aura Basic;Higiena intymna;Wkładki;1;9,35;4,21;200ml;0,23;Active;1;Economy
13459;ScentMaison EDT Pour Homme 50ml;ScentMaison;Perfumy;EDT;0;159,7;55,89;50ml;0,23;Active;0;Economy
13460;DermaGlow Krem na noc Matujący 150ml;DermaGlow;Pielęgnacja twarzy;Kremy na noc;0;81,86;36,84;150ml;0,23;Active;0;Mid-Market
13461;ColorAura Usta Long-lasting 8ml;ColorAura;Makijaż;Usta;0;102,91;41,16;8ml;0,23;Active;0;Mid-Market
13462;SoftTouch Płyny i żele Ochronny 200ml;SoftTouch;Higiena intymna;Płyny i żele;0;15,03;9,77;200ml;0,23;Active;1;Mid-Market
13463;Veluria Żele do mycia Matujący 50ml;Veluria;Pielęgnacja twarzy;Żele do mycia;0;31,52;14,18;50ml;0,23;Active;1;Economy
13464;SilkMane Stylizacja Odbudowujący 250ml;SilkMane;Włosy;Stylizacja;0;69,51;38,23;250ml;0,23;Phase-Out;0;Premium
13465;VigorHair Maski Nawilżająca 500ml;VigorHair;Włosy;Maski;0;63,36;34,85;500ml;0,23;Active;0;Premium
13466;Aura Care Minerały Magnez + B6 90 kaps.;Aura Care;Suplementy i Zdrowie;Minerały;1;80,92;24,28;kaps.;0,08;Phase-Out;1;Premium
13467;Veluria Żele do mycia Matujący 30ml;Veluria;Pielęgnacja twarzy;Żele do mycia;0;109,4;49,23;30ml;0,23;Phase-Out;0;Premium
13468;HealthSpark Odporność C 1000mg 30 kaps.;HealthSpark;Suplementy i Zdrowie;Odporność;0;24,54;13,5;kaps.;0,08;Active;0;Economy
13469;Aura Signatures EDP Intense 30ml;Aura Signatures;Perfumy;EDP;1;279,83;41,97;30ml;0,23;Active;1;Mid-Market
13470;PureTots Kosmetyki Rozmiar 3 60 szt.;PureTots;Dziecko;Kosmetyki;0;73,4;55,05;szt.;0,23;Active;0;Premium
13471;LumiSkin Sera Przeciwzmarszczkowy 30ml;LumiSkin;Pielęgnacja twarzy;Sera;0;127,93;57,57;30ml;0,23;Active;0;Premium
13472;FreshGlow Płyny i żele Ochronny 200ml;FreshGlow;Higiena intymna;Płyny i żele;0;20,45;13,29;200ml;0,23;Active;0;Premium
13473;PureBotanica Krem na noc Przeciwzmarszczkowy 30ml;PureBotanica;Pielęgnacja twarzy;Kremy na noc;0;78,62;35,38;30ml;0,23;Active;1;Mid-Market
13474;Aura Care Krem na noc Z witaminą C 50ml;Aura Care;Pielęgnacja twarzy;Kremy na noc;1;50,89;12,72;50ml;0,23;Active;1;Economy
13475;Aura Care Stylizacja Do farbowanych 500ml;Aura Care;Włosy;Stylizacja;1;23,34;8,17;500ml;0,23;Active;1;Economy
13476;BotanicaPro Maski Przeciwłupieżowy 400ml;BotanicaPro;Włosy;Maski;0;44,29;24,36;400ml;0,23;Active;1;Mid-Market
13477;Aura Beauty Oczy Rozświetlający 30ml;Aura Beauty;Makijaż;Oczy;1;128,81;25,76;30ml;0,23;Phase-Out;0;Premium
13478;HealthSpark Witaminy C 1000mg 90 kaps.;HealthSpark;Suplementy i Zdrowie;Witaminy;0;91,44;50,29;kaps.;0,08;Active;0;Premium
13479;PureBotanica Sera Matujący 30ml;PureBotanica;Pielęgnacja twarzy;Sera;0;58,6;26,37;30ml;0,23;Phase-Out;1;Mid-Market
13480;SilkMane Maski Odbudowujący 250ml;SilkMane;Włosy;Maski;0;45,09;24,8;250ml;0,23;Active;0;Mid-Market
13481;NutriMax Witaminy Forte 90 kaps.;NutriMax;Suplementy i Zdrowie;Witaminy;0;19,95;10,97;kaps.;0,08;Active;0;Economy
13482;BotanicaPro Maski Nawilżająca 250ml;BotanicaPro;Włosy;Maski;0;53,27;29,3;250ml;0,23;Active;1;Mid-Market
13483;Aura Beauty Twarz Matujący 30ml;Aura Beauty;Makijaż;Twarz;1;57,57;11,51;30ml;0,23;Active;0;Economy
13484;Herbix Szampon Do farbowanych 250ml;Herbix;Włosy;Szampony;0;61,62;33,89;250ml;0,23;Active;1;Premium
13485;SilkMane Szampon Przeciwłupieżowy 250ml;SilkMane;Włosy;Szampony;0;36,43;20,04;250ml;0,23;Active;0;Mid-Market
13486;Veluria Żele do mycia Z witaminą C 150ml;Veluria;Pielęgnacja twarzy;Żele do mycia;0;96,44;43,4;150ml;0,23;Active;1;Premium
13487;HealthSpark Minerały D3 2000 j.m. 90 kaps.;HealthSpark;Suplementy i Zdrowie;Minerały;0;83,29;45,81;kaps.;0,08;Active;0;Premium
13488;Aura Kids Pieluchy Rozmiar 4 60 szt.;Aura Kids;Dziecko;Pieluchy;1;48,52;29,11;szt.;0,23;Active;0;Mid-Market
13489;Aura Care Maski Przeciwłupieżowy 400ml;Aura Care;Włosy;Maski;1;56,4;19,74;400ml;0,23;Active;1;Premium
13490;FreshGlow Płyny i żele Normal 200ml;FreshGlow;Higiena intymna;Płyny i żele;0;18,65;12,12;200ml;0,23;Phase-Out;0;Mid-Market
13491;PureBotanica Żele do mycia Nawilżający 30ml;PureBotanica;Pielęgnacja twarzy;Żele do mycia;0;52,27;23,52;30ml;0,23;Active;1;Economy
13492;VigorHair Maski Odbudowujący 500ml;VigorHair;Włosy;Maski;0;21,36;11,75;500ml;0,23;Active;0;Economy
13493;Aura Kids Chusteczki Nawilżane 40 szt.;Aura Kids;Dziecko;Chusteczki;1;26,29;15,77;szt.;0,23;Active;0;Economy
13494;Aura Care Odporność Forte 90 kaps.;Aura Care;Suplementy i Zdrowie;Odporność;1;39,74;11,92;kaps.;0,08;Active;1;Economy
13495;Aura Care Odżywki Nawilżająca 250ml;Aura Care;Włosy;Odżywki;1;54,59;19,11;250ml;0,23;Active;1;Mid-Market
13496;LumiSkin Żele do mycia Matujący 150ml;LumiSkin;Pielęgnacja twarzy;Żele do mycia;0;72,89;32,8;150ml;0,23;Phase-Out;0;Mid-Market
13497;VelvetLine Oczy Wodoodporny 8ml;VelvetLine;Makijaż;Oczy;0;153,9;61,56;8ml;0,23;Active;0;Premium
13498;Aura Care Maski Do farbowanych 400ml;Aura Care;Włosy;Maski;1;47,94;16,78;400ml;0,23;Active;1;Mid-Market
13499;VitaCore Witaminy Forte 60 kaps.;VitaCore;Suplementy i Zdrowie;Witaminy;0;85,39;46,96;kaps.;0,08;Active;1;Premium
13500;PureCare Płyny i żele Ochronny 20 szt.;PureCare;Higiena intymna;Płyny i żele;0;20,53;13,34;szt.;0,23;Active;1;Premium
13501;SilkMane Maski Odbudowujący 500ml;SilkMane;Włosy;Maski;0;57,1;31,41;500ml;0,23;Active;0;Premium
13502;Aura Care Odżywki Przeciwłupieżowy 400ml;Aura Care;Włosy;Odżywki;1;11,09;3,88;400ml;0,23;Active;1;Economy
13503;BotanicaPro Odżywki Przeciwłupieżowy 500ml;BotanicaPro;Włosy;Odżywki;0;35,48;19,51;500ml;0,23;Active;0;Mid-Market
13504;VisagePro Twarz Matujący 15g;VisagePro;Makijaż;Twarz;0;57,15;22,86;15g;0,23;Active;0;Economy
13505;Aura Kids Chusteczki Rozmiar 3 60 szt.;Aura Kids;Dziecko;Chusteczki;1;37,0;22,2;szt.;0,23;Active;0;Mid-Market
13506;Aura Basic Podpaski Normal 20 szt.;Aura Basic;Higiena intymna;Podpaski;1;19,52;8,78;szt.;0,23;Active;0;Mid-Market
13507;LumiSkin Żele do mycia Nawilżający 50ml;LumiSkin;Pielęgnacja twarzy;Żele do mycia;0;48,65;21,89;50ml;0,23;Active;0;Economy
13508;BotanicaPro Szampon Odbudowujący 400ml;BotanicaPro;Włosy;Szampony;0;64,72;35,6;400ml;0,23;Active;1;Premium
13509;LumiSkin Sera Matujący 50ml;LumiSkin;Pielęgnacja twarzy;Sera;0;39,99;18,0;50ml;0,23;Active;0;Economy
13510;DermaGlow Żele do mycia Z witaminą C 50ml;DermaGlow;Pielęgnacja twarzy;Żele do mycia;0;19,06;8,58;50ml;0,23;Active;0;Economy
13511;DermaGlow Żele do mycia Nawilżający 150ml;DermaGlow;Pielęgnacja twarzy;Żele do mycia;0;113,61;51,12;150ml;0,23;Discontinued;0;Premium
13512;PureCare Wkładki Normal 40 szt.;PureCare;Higiena intymna;Wkładki;0;17,67;11,49;szt.;0,23;Active;1;Mid-Market
13513;Aura Care Maski Odbudowujący 250ml;Aura Care;Włosy;Maski;1;37,89;13,26;250ml;0,23;Phase-Out;1;Mid-Market
13514;Aura Care Żele do mycia Z witaminą C 150ml;Aura Care;Pielęgnacja twarzy;Żele do mycia;1;31,72;7,93;150ml;0,23;Active;1;Economy
13515;Aura Care Maski Do farbowanych 250ml;Aura Care;Włosy;Maski;1;38,73;13,56;250ml;0,23;Active;1;Mid-Market
13516;NutriMax Odporność C 1000mg 60 kaps.;NutriMax;Suplementy i Zdrowie;Odporność;0;53,5;29,43;kaps.;0,08;Active;0;Mid-Market
13517;Aura Basic Podpaski Super 40 szt.;Aura Basic;Higiena intymna;Podpaski;1;11,46;5,16;szt.;0,23;Active;0;Economy
13518;PureBotanica Żele do mycia Nawilżający 30ml;PureBotanica;Pielęgnacja twarzy;Żele do mycia;0;83,94;37,77;30ml;0,23;Active;1;Mid-Market
13519;BotanicaPro Odżywki Odbudowujący 400ml;BotanicaPro;Włosy;Odżywki;0;55,12;30,32;400ml;0,23;Active;0;Premium
13520;Aura Care Maski Przeciwłupieżowy 400ml;Aura Care;Włosy;Maski;1;47,09;16,48;400ml;0,23;Active;1;Mid-Market
13521;BotanicaPro Maski Odbudowujący 500ml;BotanicaPro;Włosy;Maski;0;57,12;31,42;500ml;0,23;Active;0;Premium
13522;Herbix Szampon Przeciwłupieżowy 250ml;Herbix;Włosy;Szampony;0;63,8;35,09;250ml;0,23;Active;1;Premium
13523;VitaCore Minerały D3 2000 j.m. 30 kaps.;VitaCore;Suplementy i Zdrowie;Minerały;0;70,36;38,7;kaps.;0,08;Active;0;Premium
13524;Veluria Sera Nawilżający 150ml;Veluria;Pielęgnacja twarzy;Sera;0;89,04;40,07;150ml;0,23;Active;0;Mid-Market
13525;FreshGlow Płyny i żele Normal 200ml;FreshGlow;Higiena intymna;Płyny i żele;0;8,37;5,44;200ml;0,23;Active;0;Economy
13526;Aura Care Stylizacja Odbudowujący 400ml;Aura Care;Włosy;Stylizacja;1;64,35;22,52;400ml;0,23;Active;1;Premium
13527;Herbix Szampon Przeciwłupieżowy 400ml;Herbix;Włosy;Szampony;0;27,92;15,36;400ml;0,23;Active;1;Economy
13528;HealthSpark Witaminy Forte 30 kaps.;HealthSpark;Suplementy i Zdrowie;Witaminy;0;36,71;20,19;kaps.;0,08;Active;0;Economy
13529;TinyJoy Kosmetyki Rozmiar 3 500ml;TinyJoy;Dziecko;Kosmetyki;0;68,02;51,02;500ml;0,23;Active;0;Premium
13530;Aura Care Krem na dzień Nawilżający 150ml;Aura Care;Pielęgnacja twarzy;Kremy na dzień;1;34,78;8,7;150ml;0,23;Active;1;Economy
13531;SilkMane Szampon Przeciwłupieżowy 400ml;SilkMane;Włosy;Szampony;0;35,76;19,67;400ml;0,23;Phase-Out;0;Mid-Market
13532;VitaCore Odporność Magnez + B6 60 kaps.;VitaCore;Suplementy i Zdrowie;Odporność;0;51,62;28,39;kaps.;0,08;Active;0;Mid-Market
13533;GlamTouch Oczy Wodoodporny 15g;GlamTouch;Makijaż;Oczy;0;35,18;14,07;15g;0,23;Active;0;Economy
13534;Aura Care Stylizacja Odbudowujący 500ml;Aura Care;Włosy;Stylizacja;1;12,59;4,41;500ml;0,23;Active;1;Economy
13535;Aura Basic Podpaski Normal 20 szt.;Aura Basic;Higiena intymna;Podpaski;1;13,41;6,03;szt.;0,23;Active;0;Mid-Market
13536;SilkMane Odżywki Do farbowanych 250ml;SilkMane;Włosy;Odżywki;0;76,53;42,09;250ml;0,23;Active;0;Premium
13537;SilkMane Szampon Nawilżająca 500ml;SilkMane;Włosy;Szampony;0;62,84;34,56;500ml;0,23;Active;0;Premium
13538;Aura Care Odżywki Nawilżająca 250ml;Aura Care;Włosy;Odżywki;1;28,71;10,05;250ml;0,23;Phase-Out;1;Economy
13539;BotanicaPro Maski Przeciwłupieżowy 400ml;BotanicaPro;Włosy;Maski;0;75,82;41,7;400ml;0,23;Active;0;Premium
13540;GlamTouch Oczy Long-lasting 15g;GlamTouch;Makijaż;Oczy;0;53,89;21,56;15g;0,23;Active;0;Economy
13541;Aura Care Krem na noc Przeciwzmarszczkowy 150ml;Aura Care;Pielęgnacja twarzy;Kremy na noc;1;37,56;9,39;150ml;0,23;Active;1;Economy
13542;Veluria Żele do mycia Nawilżający 30ml;Veluria;Pielęgnacja twarzy;Żele do mycia;0;81,35;36,61;30ml;0,23;Active;0;Mid-Market
13543;PureBotanica Krem na dzień Nawilżający 150ml;PureBotanica;Pielęgnacja twarzy;Kremy na dzień;0;73,17;32,93;150ml;0,23;Active;1;Mid-Market
13544;Aura Kids Chusteczki Sensitive 500ml;Aura Kids;Dziecko;Chusteczki;1;21,63;12,98;500ml;0,23;Active;1;Economy
13545;BabySoft Kosmetyki Rozmiar 4 40 szt.;BabySoft;Dziecko;Kosmetyki;0;28,3;21,23;szt.;0,23;Active;1;Economy
13546;FreshGlow Wkładki Ochronny 200ml;FreshGlow;Higiena intymna;Wkładki;0;27,33;17,76;200ml;0,23;Active;0;Premium
13547;Herbix Odżywki Nawilżająca 400ml;Herbix;Włosy;Odżywki;0;41,46;22,8;400ml;0,23;Active;1;Mid-Market
13548;VisagePro Twarz Rozświetlający 8ml;VisagePro;Makijaż;Twarz;0;114,78;45,91;8ml;0,23;Active;0;Premium
13549;PureCare Płyny i żele Ochronny 20 szt.;PureCare;Higiena intymna;Płyny i żele;0;20,74;13,48;szt.;0,23;Active;1;Premium
13550;VigorHair Maski Odbudowujący 500ml;VigorHair;Włosy;Maski;0;34,62;19,04;500ml;0,23;Active;0;Mid-Market
13551;SoftTouch Płyny i żele Kojący 200ml;SoftTouch;Higiena intymna;Płyny i żele;0;16,33;10,61;200ml;0,23;Active;0;Mid-Market
13552;BotanicaPro Odżywki Przeciwłupieżowy 500ml;BotanicaPro;Włosy;Odżywki;0;48,61;26,74;500ml;0,23;Discontinued;0;Mid-Market
13553;Aura Care Odporność C 1000mg 60 kaps.;Aura Care;Suplementy i Zdrowie;Odporność;1;60,0;18,0;kaps.;0,08;Active;1;Mid-Market
13554;PureBotanica Sera Przeciwzmarszczkowy 50ml;PureBotanica;Pielęgnacja twarzy;Sera;0;98,92;44,51;50ml;0,23;Phase-Out;1;Premium
13555;Herbix Stylizacja Odbudowujący 400ml;Herbix;Włosy;Stylizacja;0;66,77;36,72;400ml;0,23;Active;1;Premium
13556;PureCare Wkładki Normal 40 szt.;PureCare;Higiena intymna;Wkładki;0;13,98;9,09;szt.;0,23;Active;1;Mid-Market
13557;NutriMax Minerały Forte 90 kaps.;NutriMax;Suplementy i Zdrowie;Minerały;0;63,62;34,99;kaps.;0,08;Active;0;Mid-Market
13558;Aura Beauty Usta Wodoodporny 30ml;Aura Beauty;Makijaż;Usta;1;138,11;27,62;30ml;0,23;Active;0;Premium
13559;Aura Care Żele do mycia Z witaminą C 150ml;Aura Care;Pielęgnacja twarzy;Żele do mycia;1;29,49;7,37;150ml;0,23;Active;1;Economy
13560;Aura Care Krem na dzień Matujący 30ml;Aura Care;Pielęgnacja twarzy;Kremy na dzień;1;45,22;11,3;30ml;0,23;Phase-Out;1;Economy
13561;Aura Care Sera Nawilżający 150ml;Aura Care;Pielęgnacja twarzy;Sera;1;99,18;24,8;150ml;0,23;Active;1;Premium
13562;PureBotanica Żele do mycia Z witaminą C 150ml;PureBotanica;Pielęgnacja twarzy;Żele do mycia;0;103,15;46,42;150ml;0,23;Active;1;Premium
13563;Aura Care Witaminy D3 2000 j.m. 30 kaps.;Aura Care;Suplementy i Zdrowie;Witaminy;1;54,86;16,46;kaps.;0,08;Discontinued;1;Mid-Market
13564;VigorHair Szampon Nawilżająca 400ml;VigorHair;Włosy;Szampony;0;52,29;28,76;400ml;0,23;Active;0;Mid-Market
13565;ColorAura Twarz Rozświetlający 15g;ColorAura;Makijaż;Twarz;0;95,61;38,24;15g;0,23;Active;0;Mid-Market
13566;PureCare Wkładki Kojący 20 szt.;PureCare;Higiena intymna;Wkładki;0;14,65;9,52;szt.;0,23;Active;1;Mid-Market
13567;SoftTouch Wkładki Kojący 40 szt.;SoftTouch;Higiena intymna;Wkładki;0;14,82;9,63;szt.;0,23;Active;1;Mid-Market
13568;PureCare Płyny i żele Kojący 200ml;PureCare;Higiena intymna;Płyny i żele;0;19,42;12,62;200ml;0,23;Active;1;Mid-Market
13569;GlamTouch Twarz Long-lasting 15g;GlamTouch;Makijaż;Twarz;0;156,06;62,42;15g;0,23;Active;0;Premium
13570;Veluria Żele do mycia Przeciwzmarszczkowy 150ml;Veluria;Pielęgnacja twarzy;Żele do mycia;0;27,82;12,52;150ml;0,23;Active;0;Economy
13571;VigorHair Szampon Przeciwłupieżowy 500ml;VigorHair;Włosy;Szampony;0;21,73;11,95;500ml;0,23;Active;0;Economy
13572;DermaGlow Krem na noc Przeciwzmarszczkowy 150ml;DermaGlow;Pielęgnacja twarzy;Kremy na noc;0;89,27;40,17;150ml;0,23;Active;0;Mid-Market
13573;HealthSpark Minerały C 1000mg 60 kaps.;HealthSpark;Suplementy i Zdrowie;Minerały;0;46,51;25,58;kaps.;0,08;Active;1;Mid-Market
13574;VigorHair Odżywki Odbudowujący 400ml;VigorHair;Włosy;Odżywki;0;77,88;42,83;400ml;0,23;Active;0;Premium
13575;VitaCore Minerały Forte 60 kaps.;VitaCore;Suplementy i Zdrowie;Minerały;0;93,47;51,41;kaps.;0,08;Active;0;Premium
13576;SilkMane Szampon Odbudowujący 400ml;SilkMane;Włosy;Szampony;0;67,05;36,88;400ml;0,23;Active;1;Premium
13577;NutriMax Witaminy C 1000mg 90 kaps.;NutriMax;Suplementy i Zdrowie;Witaminy;0;25,89;14,24;kaps.;0,08;Active;0;Economy
13578;Aura Signatures Mgiełki Fresh 50ml;Aura Signatures;Perfumy;Mgiełki;1;133,62;20,04;50ml;0,23;Active;0;Economy
13579;VisagePro Twarz Rozświetlający 30ml;VisagePro;Makijaż;Twarz;0;125,78;50,31;30ml;0,23;Active;0;Premium
13580;Aura Care Odżywki Nawilżająca 250ml;Aura Care;Włosy;Odżywki;1;39,76;13,92;250ml;0,23;Phase-Out;1;Mid-Market
13581;SilkMane Odżywki Nawilżająca 500ml;SilkMane;Włosy;Odżywki;0;65,06;35,78;500ml;0,23;Active;0;Premium
13582;Herbix Maski Przeciwłupieżowy 250ml;Herbix;Włosy;Maski;0;25,76;14,17;250ml;0,23;Active;1;Economy
13583;NutriMax Witaminy D3 2000 j.m. 90 kaps.;NutriMax;Suplementy i Zdrowie;Witaminy;0;44,54;24,5;kaps.;0,08;Active;0;Mid-Market
13584;PureCare Płyny i żele Ochronny 20 szt.;PureCare;Higiena intymna;Płyny i żele;0;17,67;11,49;szt.;0,23;Active;1;Mid-Market
13585;PureCare Wkładki Normal 200ml;PureCare;Higiena intymna;Wkładki;0;28,42;18,47;200ml;0,23;Active;1;Premium
13586;GlamTouch Oczy Rozświetlający 15g;GlamTouch;Makijaż;Oczy;0;165,01;66,0;15g;0,23;Active;0;Premium
13587;LumiSkin Sera Z witaminą C 150ml;LumiSkin;Pielęgnacja twarzy;Sera;0;139,01;62,55;150ml;0,23;Active;0;Premium
13588;Aura Care Sera Nawilżający 150ml;Aura Care;Pielęgnacja twarzy;Sera;1;91,89;22,97;150ml;0,23;Active;1;Premium
13589;PureBotanica Krem na noc Matujący 30ml;PureBotanica;Pielęgnacja twarzy;Kremy na noc;0;118,99;53,55;30ml;0,23;Active;1;Premium
13590;GlamTouch Oczy Rozświetlający 8ml;GlamTouch;Makijaż;Oczy;0;110,41;44,16;8ml;0,23;Active;1;Mid-Market
13591;SoftTouch Płyny i żele Normal 200ml;SoftTouch;Higiena intymna;Płyny i żele;0;9,77;6,35;200ml;0,23;Active;0;Economy
13592;BotanicaPro Stylizacja Przeciwłupieżowy 400ml;BotanicaPro;Włosy;Stylizacja;0;61,23;33,68;400ml;0,23;Active;0;Premium
13593;Aura Care Krem na noc Przeciwzmarszczkowy 150ml;Aura Care;Pielęgnacja twarzy;Kremy na noc;1;52,04;13,01;150ml;0,23;Discontinued;1;Economy
13594;LumiSkin Krem na noc Nawilżający 150ml;LumiSkin;Pielęgnacja twarzy;Kremy na noc;0;116,98;52,64;150ml;0,23;Active;1;Premium
13595;PureBotanica Krem na noc Matujący 50ml;PureBotanica;Pielęgnacja twarzy;Kremy na noc;0;42,39;19,08;50ml;0,23;Active;1;Economy
13596;PureCare Podpaski Super 40 szt.;PureCare;Higiena intymna;Podpaski;0;23,47;15,26;szt.;0,23;Active;1;Premium
13597;Herbix Stylizacja Przeciwłupieżowy 400ml;Herbix;Włosy;Stylizacja;0;41,62;22,89;400ml;0,23;Active;1;Mid-Market
13598;LumiSkin Żele do mycia Przeciwzmarszczkowy 30ml;LumiSkin;Pielęgnacja twarzy;Żele do mycia;0;101,21;45,54;30ml;0,23;Active;1;Premium
13599;NutriMax Minerały D3 2000 j.m. 60 kaps.;NutriMax;Suplementy i Zdrowie;Minerały;0;18,85;10,37;kaps.;0,08;Discontinued;0;Economy
13600;Aura Beauty Twarz Rozświetlający 15g;Aura Beauty;Makijaż;Twarz;1;24,38;4,88;15g;0,23;Active;1;Economy
13601;Aura Care Krem na dzień Przeciwzmarszczkowy 50ml;Aura Care;Pielęgnacja twarzy;Kremy na dzień;1;51,72;12,93;50ml;0,23;Active;1;Economy
13602;VitaCore Minerały Magnez + B6 60 kaps.;VitaCore;Suplementy i Zdrowie;Minerały;0;26,97;14,83;kaps.;0,08;Active;0;Economy
13603;Aura Care Maski Przeciwłupieżowy 500ml;Aura Care;Włosy;Maski;1;19,82;6,94;500ml;0,23;Active;1;Economy
13604;Veluria Krem na noc Z witaminą C 30ml;Veluria;Pielęgnacja twarzy;Kremy na noc;0;31,1;13,99;30ml;0,23;Phase-Out;0;Economy
13605;TinyJoy Chusteczki Nawilżane 40 szt.;TinyJoy;Dziecko;Chusteczki;0;81,5;61,12;szt.;0,23;Active;0;Premium
13606;Aura Care Krem na noc Nawilżający 50ml;Aura Care;Pielęgnacja twarzy;Kremy na noc;1;41,33;10,33;50ml;0,23;Phase-Out;1;Economy
13607;Aura Care Krem na dzień Z witaminą C 150ml;Aura Care;Pielęgnacja twarzy;Kremy na dzień;1;64,4;16,1;150ml;0,23;Active;1;Mid-Market
13608;BotanicaPro Szampon Nawilżająca 250ml;BotanicaPro;Włosy;Szampony;0;69,15;38,03;250ml;0,23;Active;0;Premium
13609;SoftTouch Podpaski Super 20 szt.;SoftTouch;Higiena intymna;Podpaski;0;7,02;4,56;szt.;0,23;Active;0;Economy
13610;SoftTouch Podpaski Normal 40 szt.;SoftTouch;Higiena intymna;Podpaski;0;12,47;8,11;szt.;0,23;Active;0;Economy
13611;VitaCore Odporność Magnez + B6 30 kaps.;VitaCore;Suplementy i Zdrowie;Odporność;0;74,87;41,18;kaps.;0,08;Active;0;Premium
13612;BabySoft Pieluchy Rozmiar 3 40 szt.;BabySoft;Dziecko;Pieluchy;0;66,85;50,14;szt.;0,23;Active;0;Premium
13613;VigorHair Maski Do farbowanych 500ml;VigorHair;Włosy;Maski;0;40,58;22,32;500ml;0,23;Active;0;Mid-Market
13614;BotanicaPro Maski Przeciwłupieżowy 400ml;BotanicaPro;Włosy;Maski;0;36,22;19,92;400ml;0,23;Active;0;Mid-Market
13615;Aura Care Szampon Do farbowanych 250ml;Aura Care;Włosy;Szampony;1;34,72;12,15;250ml;0,23;Active;1;Mid-Market
13616;FreshGlow Wkładki Super 20 szt.;FreshGlow;Higiena intymna;Wkładki;0;18,82;12,23;szt.;0,23;Active;0;Mid-Market
13617;SoftTouch Wkładki Kojący 200ml;SoftTouch;Higiena intymna;Wkładki;0;25,92;16,85;200ml;0,23;Active;0;Premium
13618;BotanicaPro Maski Nawilżająca 250ml;BotanicaPro;Włosy;Maski;0;17,83;9,81;250ml;0,23;Active;0;Economy
13619;Veluria Żele do mycia Matujący 150ml;Veluria;Pielęgnacja twarzy;Żele do mycia;0;82,95;37,33;150ml;0,23;Active;0;Mid-Market
13620;PureTots Chusteczki Sensitive 60 szt.;PureTots;Dziecko;Chusteczki;0;36,47;27,35;szt.;0,23;Active;0;Mid-Market
13621;FreshGlow Podpaski Super 200ml;FreshGlow;Higiena intymna;Podpaski;0;9,96;6,47;200ml;0,23;Active;0;Economy
13622;BabySoft Pieluchy Rozmiar 3 40 szt.;BabySoft;Dziecko;Pieluchy;0;37,81;28,36;szt.;0,23;Active;1;Mid-Market
13623;SilkMane Szampon Do farbowanych 250ml;SilkMane;Włosy;Szampony;0;55,46;30,5;250ml;0,23;Active;0;Premium
13624;ScentMaison EDT Pour Femme 50ml;ScentMaison;Perfumy;EDT;0;444,52;155,58;50ml;0,23;Active;0;Premium
13625;Aura Care Odporność Forte 90 kaps.;Aura Care;Suplementy i Zdrowie;Odporność;1;44,2;13,26;kaps.;0,08;Active;1;Mid-Market
13626;GlamTouch Twarz Long-lasting 30ml;GlamTouch;Makijaż;Twarz;0;29,99;12,0;30ml;0,23;Active;0;Economy
13627;Essentia Mgiełki Pour Homme 30ml;Essentia;Perfumy;Mgiełki;0;380,83;133,29;30ml;0,23;Active;0;Premium
13628;VitaCore Odporność C 1000mg 30 kaps.;VitaCore;Suplementy i Zdrowie;Odporność;0;58,01;31,91;kaps.;0,08;Active;0;Mid-Market
13629;SilkMane Maski Nawilżająca 500ml;SilkMane;Włosy;Maski;0;63,85;35,12;500ml;0,23;Active;1;Premium
13630;Aura Care Krem na dzień Z witaminą C 150ml;Aura Care;Pielęgnacja twarzy;Kremy na dzień;1;19,6;4,9;150ml;0,23;Active;1;Economy
13631;TinyJoy Chusteczki Nawilżane 60 szt.;TinyJoy;Dziecko;Chusteczki;0;49,63;37,22;szt.;0,23;Active;0;Mid-Market
13632;Aura Basic Płyny i żele Super 20 szt.;Aura Basic;Higiena intymna;Płyny i żele;1;18,62;8,38;szt.;0,23;Active;1;Mid-Market
13633;DermaGlow Żele do mycia Matujący 150ml;DermaGlow;Pielęgnacja twarzy;Żele do mycia;0;101,7;45,76;150ml;0,23;Discontinued;0;Premium
13634;PureTots Kosmetyki Rozmiar 3 60 szt.;PureTots;Dziecko;Kosmetyki;0;29,62;22,21;szt.;0,23;Discontinued;0;Economy
13635;DermaGlow Żele do mycia Przeciwzmarszczkowy 50ml;DermaGlow;Pielęgnacja twarzy;Żele do mycia;0;119,87;53,94;50ml;0,23;Active;0;Premium
13636;Aura Basic Podpaski Ochronny 200ml;Aura Basic;Higiena intymna;Podpaski;1;16,5;7,42;200ml;0,23;Active;0;Mid-Market
13637;ColorAura Usta Rozświetlający 15g;ColorAura;Makijaż;Usta;0;41,03;16,41;15g;0,23;Active;0;Economy
13638;PureCare Płyny i żele Kojący 20 szt.;PureCare;Higiena intymna;Płyny i żele;0;21,3;13,85;szt.;0,23;Active;1;Premium
13639;Aura Kids Kosmetyki Rozmiar 4 40 szt.;Aura Kids;Dziecko;Kosmetyki;1;51,17;30,7;szt.;0,23;Active;1;Mid-Market
13640;SoftTouch Wkładki Ochronny 20 szt.;SoftTouch;Higiena intymna;Wkładki;0;28,64;18,62;szt.;0,23;Active;0;Premium
13641;VelvetLine Twarz Matujący 15g;VelvetLine;Makijaż;Twarz;0;175,51;70,2;15g;0,23;Active;1;Premium
13642;SoftTouch Płyny i żele Kojący 40 szt.;SoftTouch;Higiena intymna;Płyny i żele;0;16,82;10,93;szt.;0,23;Active;0;Mid-Market
13643;PureTots Pieluchy Rozmiar 3 60 szt.;PureTots;Dziecko;Pieluchy;0;72,49;54,37;szt.;0,23;Active;0;Premium
13644;BabySoft Kosmetyki Rozmiar 3 40 szt.;BabySoft;Dziecko;Kosmetyki;0;15,52;11,64;szt.;0,23;Phase-Out;0;Economy
13645;BabySoft Pieluchy Rozmiar 3 40 szt.;BabySoft;Dziecko;Pieluchy;0;57,39;43,04;szt.;0,23;Active;0;Premium
13646;VitaCore Witaminy Magnez + B6 90 kaps.;VitaCore;Suplementy i Zdrowie;Witaminy;0;17,62;9,69;kaps.;0,08;Active;0;Economy
13647;Veluria Krem na dzień Nawilżający 50ml;Veluria;Pielęgnacja twarzy;Kremy na dzień;0;27,06;12,18;50ml;0,23;Phase-Out;0;Economy
13648;SoftTouch Wkładki Kojący 40 szt.;SoftTouch;Higiena intymna;Wkładki;0;8,23;5,35;szt.;0,23;Active;0;Economy
13649;Aura Care Krem na noc Przeciwzmarszczkowy 150ml;Aura Care;Pielęgnacja twarzy;Kremy na noc;1;99,73;24,93;150ml;0,23;Active;1;Premium
13650;SoftTouch Podpaski Super 20 szt.;SoftTouch;Higiena intymna;Podpaski;0;18,06;11,74;szt.;0,23;Active;0;Mid-Market
13651;VelvetAroma Mgiełki Pour Femme 100ml;VelvetAroma;Perfumy;Mgiełki;0;167,29;58,55;100ml;0,23;Active;0;Economy
13652;Aura Care Sera Nawilżający 150ml;Aura Care;Pielęgnacja twarzy;Sera;1;83,31;20,83;150ml;0,23;Active;1;Mid-Market
13653;VelvetLine Usta Matujący 8ml;VelvetLine;Makijaż;Usta;0;94,42;37,77;8ml;0,23;Active;0;Mid-Market
13654;BabySoft Kosmetyki Rozmiar 4 40 szt.;BabySoft;Dziecko;Kosmetyki;0;45,66;34,24;szt.;0,23;Active;0;Mid-Market
13655;VelvetLine Oczy Rozświetlający 15g;VelvetLine;Makijaż;Oczy;0;154,3;61,72;15g;0,23;Active;0;Premium
13656;SilkMane Szampon Nawilżająca 250ml;SilkMane;Włosy;Szampony;0;20,92;11,51;250ml;0,23;Active;0;Economy
13657;BabySoft Pieluchy Rozmiar 3 40 szt.;BabySoft;Dziecko;Pieluchy;0;78,75;59,06;szt.;0,23;Active;0;Premium
13658;Herbix Odżywki Do farbowanych 500ml;Herbix;Włosy;Odżywki;0;39,64;21,8;500ml;0,23;Active;1;Mid-Market
13659;DermaGlow Krem na noc Nawilżający 50ml;DermaGlow;Pielęgnacja twarzy;Kremy na noc;0;68,39;30,78;50ml;0,23;Active;0;Mid-Market
13660;PureTots Chusteczki Rozmiar 4 60 szt.;PureTots;Dziecko;Chusteczki;0;41,22;30,91;szt.;0,23;Active;0;Mid-Market
13661;SoftTouch Podpaski Normal 200ml;SoftTouch;Higiena intymna;Podpaski;0;9,89;6,43;200ml;0,23;Active;0;Economy
13662;BotanicaPro Szampon Do farbowanych 250ml;BotanicaPro;Włosy;Szampony;0;57,73;31,75;250ml;0,23;Active;1;Premium
13663;Veluria Krem na dzień Nawilżający 150ml;Veluria;Pielęgnacja twarzy;Kremy na dzień;0;56,5;25,42;150ml;0,23;Active;0;Mid-Market
13664;Aura Beauty Twarz Matujący 8ml;Aura Beauty;Makijaż;Twarz;1;114,98;23,0;8ml;0,23;Phase-Out;0;Premium
13665;Herbix Szampon Do farbowanych 500ml;Herbix;Włosy;Szampony;0;14,95;8,22;500ml;0,23;Discontinued;1;Economy
13666;Aura Care Maski Nawilżająca 500ml;Aura Care;Włosy;Maski;1;40,03;14,01;500ml;0,23;Active;1;Mid-Market
13667;LumiSkin Sera Z witaminą C 50ml;LumiSkin;Pielęgnacja twarzy;Sera;0;78,48;35,32;50ml;0,23;Active;0;Mid-Market
13668;DermaGlow Sera Przeciwzmarszczkowy 50ml;DermaGlow;Pielęgnacja twarzy;Sera;0;39,22;17,65;50ml;0,23;Active;0;Economy
13669;Aura Care Sera Z witaminą C 30ml;Aura Care;Pielęgnacja twarzy;Sera;1;55,76;13,94;30ml;0,23;Active;1;Mid-Market
13670;Aura Care Witaminy C 1000mg 60 kaps.;Aura Care;Suplementy i Zdrowie;Witaminy;1;68,02;20,41;kaps.;0,08;Active;1;Mid-Market
13671;Aura Beauty Oczy Matujący 15g;Aura Beauty;Makijaż;Oczy;1;69,64;13,93;15g;0,23;Active;0;Economy
13672;BotanicaPro Maski Przeciwłupieżowy 500ml;BotanicaPro;Włosy;Maski;0;80,89;44,49;500ml;0,23;Active;0;Premium
13673;BotanicaPro Maski Odbudowujący 250ml;BotanicaPro;Włosy;Maski;0;27,02;14,86;250ml;0,23;Active;0;Economy
13674;Aura Care Szampon Do farbowanych 400ml;Aura Care;Włosy;Szampony;1;17,37;6,08;400ml;0,23;Active;1;Economy
13675;Aura Care Maski Przeciwłupieżowy 500ml;Aura Care;Włosy;Maski;1;49,49;17,32;500ml;0,23;Active;1;Mid-Market
13676;LumiSkin Sera Matujący 30ml;LumiSkin;Pielęgnacja twarzy;Sera;0;95,05;42,77;30ml;0,23;Active;0;Premium
13677;Veluria Krem na noc Z witaminą C 30ml;Veluria;Pielęgnacja twarzy;Kremy na noc;0;37,71;16,97;30ml;0,23;Active;0;Economy
13678;ColorAura Twarz Long-lasting 30ml;ColorAura;Makijaż;Twarz;0;94,89;37,96;30ml;0,23;Active;0;Mid-Market
13679;Aura Care Szampon Do farbowanych 400ml;Aura Care;Włosy;Szampony;1;17,14;6,0;400ml;0,23;Active;1;Economy
13680;TinyJoy Chusteczki Nawilżane 500ml;TinyJoy;Dziecko;Chusteczki;0;66,59;49,94;500ml;0,23;Active;0;Premium
13681;NutriMax Minerały Forte 30 kaps.;NutriMax;Suplementy i Zdrowie;Minerały;0;85,08;46,79;kaps.;0,08;Active;0;Premium
13682;Essentia Mgiełki Pour Femme 50ml;Essentia;Perfumy;Mgiełki;0;219,42;76,8;50ml;0,23;Active;0;Mid-Market
13683;VisagePro Usta Matujący 30ml;VisagePro;Makijaż;Usta;0;82,93;33,17;30ml;0,23;Active;0;Mid-Market
13684;LumiSkin Krem na dzień Przeciwzmarszczkowy 50ml;LumiSkin;Pielęgnacja twarzy;Kremy na dzień;0;118,66;53,4;50ml;0,23;Active;0;Premium
13685;Aura Care Odżywki Odbudowujący 250ml;Aura Care;Włosy;Odżywki;1;62,32;21,81;250ml;0,23;Active;1;Premium
13686;PureTots Chusteczki Sensitive 40 szt.;PureTots;Dziecko;Chusteczki;0;22,72;17,04;szt.;0,23;Active;0;Economy
13687;ColorAura Oczy Wodoodporny 30ml;ColorAura;Makijaż;Oczy;0;148,64;59,46;30ml;0,23;Active;0;Premium
13688;PureBotanica Sera Nawilżający 30ml;PureBotanica;Pielęgnacja twarzy;Sera;0;113,59;51,12;30ml;0,23;Active;1;Premium
13689;Aura Care Stylizacja Przeciwłupieżowy 250ml;Aura Care;Włosy;Stylizacja;1;38,69;13,54;250ml;0,23;Active;1;Mid-Market
13690;SilkMane Odżywki Odbudowujący 250ml;SilkMane;Włosy;Odżywki;0;64,53;35,49;250ml;0,23;Active;0;Premium
13691;Veluria Sera Z witaminą C 50ml;Veluria;Pielęgnacja twarzy;Sera;0;41,76;18,79;50ml;0,23;Active;0;Economy
13692;Aura Care Krem na dzień Przeciwzmarszczkowy 50ml;Aura Care;Pielęgnacja twarzy;Kremy na dzień;1;40,6;10,15;50ml;0,23;Active;1;Economy
13693;Veluria Żele do mycia Z witaminą C 30ml;Veluria;Pielęgnacja twarzy;Żele do mycia;0;77,83;35,02;30ml;0,23;Discontinued;0;Mid-Market
13694;Aura Care Krem na dzień Nawilżający 150ml;Aura Care;Pielęgnacja twarzy;Kremy na dzień;1;53,08;13,27;150ml;0,23;Active;1;Mid-Market
13695;NutriMax Witaminy Magnez + B6 90 kaps.;NutriMax;Suplementy i Zdrowie;Witaminy;0;68,84;37,86;kaps.;0,08;Active;0;Mid-Market
13696;PureBotanica Sera Przeciwzmarszczkowy 50ml;PureBotanica;Pielęgnacja twarzy;Sera;0;20,09;9,04;50ml;0,23;Active;1;Economy
13697;PureBotanica Krem na noc Matujący 150ml;PureBotanica;Pielęgnacja twarzy;Kremy na noc;0;23,04;10,37;150ml;0,23;Active;1;Economy
13698;Aura Care Stylizacja Do farbowanych 400ml;Aura Care;Włosy;Stylizacja;1;37,97;13,29;400ml;0,23;Active;1;Mid-Market
13699;BotanicaPro Odżywki Nawilżająca 500ml;BotanicaPro;Włosy;Odżywki;0;55,21;30,37;500ml;0,23;Active;0;Premium
13700;NutriMax Minerały C 1000mg 60 kaps.;NutriMax;Suplementy i Zdrowie;Minerały;0;20,71;11,39;kaps.;0,08;Active;0;Economy
13701;VisagePro Oczy Rozświetlający 15g;VisagePro;Makijaż;Oczy;0;160,62;64,25;15g;0,23;Phase-Out;0;Premium
13702;VisagePro Twarz Rozświetlający 8ml;VisagePro;Makijaż;Twarz;0;141,62;56,65;8ml;0,23;Active;0;Premium
13703;BotanicaPro Szampon Nawilżająca 250ml;BotanicaPro;Włosy;Szampony;0;69,98;38,49;250ml;0,23;Active;0;Premium
13704;SilkMane Szampon Przeciwłupieżowy 400ml;SilkMane;Włosy;Szampony;0;16,4;9,02;400ml;0,23;Active;0;Economy
13705;DermaGlow Sera Przeciwzmarszczkowy 50ml;DermaGlow;Pielęgnacja twarzy;Sera;0;51,84;23,33;50ml;0,23;Active;0;Economy
13706;VitaCore Odporność Forte 90 kaps.;VitaCore;Suplementy i Zdrowie;Odporność;0;52,11;28,66;kaps.;0,08;Active;0;Mid-Market
13707;TinyJoy Pieluchy Rozmiar 4 40 szt.;TinyJoy;Dziecko;Pieluchy;0;42,3;31,72;szt.;0,23;Active;0;Mid-Market
13708;VitaCore Minerały Forte 30 kaps.;VitaCore;Suplementy i Zdrowie;Minerały;0;46,29;25,46;kaps.;0,08;Active;1;Mid-Market
13709;Herbix Stylizacja Nawilżająca 400ml;Herbix;Włosy;Stylizacja;0;17,82;9,8;400ml;0,23;Active;1;Economy
13710;VitaCore Odporność Magnez + B6 90 kaps.;VitaCore;Suplementy i Zdrowie;Odporność;0;77,19;42,45;kaps.;0,08;Active;0;Premium
13711;BotanicaPro Stylizacja Nawilżająca 500ml;BotanicaPro;Włosy;Stylizacja;0;73,14;40,23;500ml;0,23;Active;1;Premium
13712;VisagePro Usta Wodoodporny 30ml;VisagePro;Makijaż;Usta;0;98,94;39,58;30ml;0,23;Phase-Out;0;Mid-Market
13713;PureCare Płyny i żele Ochronny 20 szt.;PureCare;Higiena intymna;Płyny i żele;0;26,16;17,0;szt.;0,23;Active;1;Premium
13714;HealthSpark Witaminy C 1000mg 30 kaps.;HealthSpark;Suplementy i Zdrowie;Witaminy;0;26,8;14,74;kaps.;0,08;Phase-Out;0;Economy
13715;TinyJoy Pieluchy Sensitive 500ml;TinyJoy;Dziecko;Pieluchy;0;28,07;21,05;500ml;0,23;Phase-Out;0;Economy
13716;Aura Care Odżywki Nawilżająca 400ml;Aura Care;Włosy;Odżywki;1;47,25;16,54;400ml;0,23;Active;1;Mid-Market
13717;VigorHair Odżywki Do farbowanych 250ml;VigorHair;Włosy;Odżywki;0;64,78;35,63;250ml;0,23;Active;0;Premium
13718;LumiSkin Żele do mycia Nawilżający 50ml;LumiSkin;Pielęgnacja twarzy;Żele do mycia;0;112,06;50,43;50ml;0,23;Active;0;Premium
13719;SoftTouch Podpaski Normal 200ml;SoftTouch;Higiena intymna;Podpaski;0;19,99;12,99;200ml;0,23;Active;0;Mid-Market
13720;Aura Care Odżywki Nawilżająca 250ml;Aura Care;Włosy;Odżywki;1;19,61;6,86;250ml;0,23;Active;1;Economy
13721;Herbix Szampon Przeciwłupieżowy 250ml;Herbix;Włosy;Szampony;0;75,78;41,68;250ml;0,23;Active;1;Premium
13722;BotanicaPro Szampon Przeciwłupieżowy 400ml;BotanicaPro;Włosy;Szampony;0;51,41;28,28;400ml;0,23;Active;0;Mid-Market
13723;Aura Basic Wkładki Super 20 szt.;Aura Basic;Higiena intymna;Wkładki;1;9,8;4,41;szt.;0,23;Active;0;Economy
13724;Aura Care Stylizacja Odbudowujący 250ml;Aura Care;Włosy;Stylizacja;1;33,74;11,81;250ml;0,23;Phase-Out;1;Mid-Market
13725;Aura Care Szampon Nawilżająca 400ml;Aura Care;Włosy;Szampony;1;44,56;15,6;400ml;0,23;Phase-Out;1;Mid-Market
13726;DermaGlow Sera Z witaminą C 50ml;DermaGlow;Pielęgnacja twarzy;Sera;0;55,74;25,08;50ml;0,23;Discontinued;0;Mid-Market
13727;NutriMax Minerały Forte 60 kaps.;NutriMax;Suplementy i Zdrowie;Minerały;0;82,01;45,11;kaps.;0,08;Phase-Out;0;Premium
13728;Aura Care Żele do mycia Przeciwzmarszczkowy 50ml;Aura Care;Pielęgnacja twarzy;Żele do mycia;1;108,42;27,11;50ml;0,23;Active;1;Premium
13729;PureCare Wkładki Kojący 20 szt.;PureCare;Higiena intymna;Wkładki;0;24,51;15,93;szt.;0,23;Phase-Out;1;Premium
13730;SilkMane Szampon Odbudowujący 250ml;SilkMane;Włosy;Szampony;0;42,59;23,42;250ml;0,23;Active;0;Mid-Market
13731;LumiSkin Krem na dzień Z witaminą C 50ml;LumiSkin;Pielęgnacja twarzy;Kremy na dzień;0;19,91;8,96;50ml;0,23;Active;0;Economy
13732;BotanicaPro Stylizacja Odbudowujący 400ml;BotanicaPro;Włosy;Stylizacja;0;21,27;11,7;400ml;0,23;Active;0;Economy
13733;LumiSkin Krem na dzień Matujący 30ml;LumiSkin;Pielęgnacja twarzy;Kremy na dzień;0;22,85;10,28;30ml;0,23;Active;0;Economy
13734;HealthSpark Odporność C 1000mg 60 kaps.;HealthSpark;Suplementy i Zdrowie;Odporność;0;105,84;58,21;kaps.;0,08;Active;0;Premium
13735;VisagePro Usta Wodoodporny 15g;VisagePro;Makijaż;Usta;0;133,0;53,2;15g;0,23;Phase-Out;0;Premium
13736;DermaGlow Sera Z witaminą C 50ml;DermaGlow;Pielęgnacja twarzy;Sera;0;27,16;12,22;50ml;0,23;Phase-Out;0;Economy
13737;DermaGlow Krem na dzień Przeciwzmarszczkowy 50ml;DermaGlow;Pielęgnacja twarzy;Kremy na dzień;0;80,39;36,18;50ml;0,23;Active;1;Mid-Market
13738;PureBotanica Krem na noc Nawilżający 150ml;PureBotanica;Pielęgnacja twarzy;Kremy na noc;0;23,03;10,36;150ml;0,23;Phase-Out;1;Economy
13739;VitaCore Minerały Magnez + B6 30 kaps.;VitaCore;Suplementy i Zdrowie;Minerały;0;54,19;29,8;kaps.;0,08;Discontinued;0;Mid-Market
13740;FreshGlow Płyny i żele Ochronny 40 szt.;FreshGlow;Higiena intymna;Płyny i żele;0;25,44;16,54;szt.;0,23;Active;0;Premium
13741;Aura Kids Kosmetyki Sensitive 60 szt.;Aura Kids;Dziecko;Kosmetyki;1;59,18;35,51;szt.;0,23;Active;0;Premium
13742;Aura Beauty Oczy Rozświetlający 15g;Aura Beauty;Makijaż;Oczy;1;64,32;12,86;15g;0,23;Active;0;Economy
13743;SoftTouch Wkładki Normal 20 szt.;SoftTouch;Higiena intymna;Wkładki;0;21,83;14,19;szt.;0,23;Active;0;Premium
13744;PureBotanica Sera Matujący 30ml;PureBotanica;Pielęgnacja twarzy;Sera;0;21,56;9,7;30ml;0,23;Active;1;Economy
13745;Aura Care Żele do mycia Z witaminą C 150ml;Aura Care;Pielęgnacja twarzy;Żele do mycia;1;31,6;7,9;150ml;0,23;Discontinued;1;Economy
13746;SilkMane Stylizacja Przeciwłupieżowy 400ml;SilkMane;Włosy;Stylizacja;0;23,26;12,79;400ml;0,23;Active;0;Economy
13747;Aura Care Odżywki Przeciwłupieżowy 400ml;Aura Care;Włosy;Odżywki;1;38,08;13,33;400ml;0,23;Discontinued;1;Mid-Market
13748;VigorHair Odżywki Przeciwłupieżowy 400ml;VigorHair;Włosy;Odżywki;0;29,19;16,05;400ml;0,23;Active;0;Economy
13749;Aura Care Witaminy Magnez + B6 90 kaps.;Aura Care;Suplementy i Zdrowie;Witaminy;1;41,26;12,38;kaps.;0,08;Active;1;Economy
13750;Veluria Żele do mycia Przeciwzmarszczkowy 50ml;Veluria;Pielęgnacja twarzy;Żele do mycia;0;66,39;29,88;50ml;0,23;Active;0;Mid-Market
13751;HealthSpark Witaminy D3 2000 j.m. 90 kaps.;HealthSpark;Suplementy i Zdrowie;Witaminy;0;50,04;27,52;kaps.;0,08;Active;1;Mid-Market
13752;LumiSkin Żele do mycia Matujący 150ml;LumiSkin;Pielęgnacja twarzy;Żele do mycia;0;84,07;37,83;150ml;0,23;Phase-Out;0;Mid-Market
13753;FreshGlow Podpaski Kojący 40 szt.;FreshGlow;Higiena intymna;Podpaski;0;24,07;15,65;szt.;0,23;Active;0;Premium
13754;VelvetAroma Mgiełki Pour Homme 50ml;VelvetAroma;Perfumy;Mgiełki;0;151,73;53,11;50ml;0,23;Active;0;Economy
13755;Essentia EDP Fresh 30ml;Essentia;Perfumy;EDP;0;164,56;57,6;30ml;0,23;Active;1;Economy
13756;LumiSkin Krem na noc Z witaminą C 50ml;LumiSkin;Pielęgnacja twarzy;Kremy na noc;0;129,94;58,47;50ml;0,23;Active;0;Premium
13757;Aura Care Krem na dzień Matujący 150ml;Aura Care;Pielęgnacja twarzy;Kremy na dzień;1;41,08;10,27;150ml;0,23;Active;1;Economy
13758;ColorAura Usta Matujący 30ml;ColorAura;Makijaż;Usta;0;23,36;9,34;30ml;0,23;Active;1;Economy
13759;VitaCore Minerały D3 2000 j.m. 30 kaps.;VitaCore;Suplementy i Zdrowie;Minerały;0;44,41;24,43;kaps.;0,08;Phase-Out;0;Mid-Market
13760;TinyJoy Kosmetyki Sensitive 500ml;TinyJoy;Dziecko;Kosmetyki;0;39,31;29,48;500ml;0,23;Active;0;Mid-Market
13761;Aura Care Maski Odbudowujący 250ml;Aura Care;Włosy;Maski;1;35,79;12,53;250ml;0,23;Active;1;Mid-Market
13762;SilkMane Szampon Odbudowujący 500ml;SilkMane;Włosy;Szampony;0;68,82;37,85;500ml;0,23;Active;0;Premium
13763;SoftTouch Wkładki Super 40 szt.;SoftTouch;Higiena intymna;Wkładki;0;14,82;9,63;szt.;0,23;Active;1;Mid-Market
13764;FreshGlow Płyny i żele Ochronny 20 szt.;FreshGlow;Higiena intymna;Płyny i żele;0;25,34;16,47;szt.;0,23;Active;0;Premium
13765;PureTots Chusteczki Nawilżane 40 szt.;PureTots;Dziecko;Chusteczki;0;20,72;15,54;szt.;0,23;Active;0;Economy
13766;Aura Care Żele do mycia Nawilżający 150ml;Aura Care;Pielęgnacja twarzy;Żele do mycia;1;71,33;17,83;150ml;0,23;Active;1;Mid-Market
13767;VelvetAroma Mgiełki Intense 30ml;VelvetAroma;Perfumy;Mgiełki;0;150,9;52,81;30ml;0,23;Active;1;Economy
13768;Aura Care Maski Do farbowanych 500ml;Aura Care;Włosy;Maski;1;30,59;10,71;500ml;0,23;Active;1;Economy
13769;PureCare Płyny i żele Kojący 200ml;PureCare;Higiena intymna;Płyny i żele;0;25,3;16,45;200ml;0,23;Active;1;Premium
13770;DermaGlow Sera Z witaminą C 50ml;DermaGlow;Pielęgnacja twarzy;Sera;0;90,41;40,68;50ml;0,23;Active;0;Mid-Market
13771;LumiSkin Sera Nawilżający 50ml;LumiSkin;Pielęgnacja twarzy;Sera;0;66,08;29,74;50ml;0,23;Active;0;Mid-Market
13772;VisagePro Oczy Matujący 15g;VisagePro;Makijaż;Oczy;0;111,06;44,42;15g;0,23;Active;0;Mid-Market
13773;SoftTouch Podpaski Normal 40 szt.;SoftTouch;Higiena intymna;Podpaski;0;8,66;5,63;szt.;0,23;Active;0;Economy
13774;SilkMane Odżywki Odbudowujący 400ml;SilkMane;Włosy;Odżywki;0;64,15;35,28;400ml;0,23;Active;0;Premium
13775;NutriMax Odporność C 1000mg 90 kaps.;NutriMax;Suplementy i Zdrowie;Odporność;0;96,36;53,0;kaps.;0,08;Active;0;Premium
13776;ColorAura Usta Wodoodporny 30ml;ColorAura;Makijaż;Usta;0;125,73;50,29;30ml;0,23;Active;0;Premium
13777;Veluria Żele do mycia Przeciwzmarszczkowy 50ml;Veluria;Pielęgnacja twarzy;Żele do mycia;0;96,35;43,36;50ml;0,23;Active;0;Premium
13778;ColorAura Oczy Matujący 8ml;ColorAura;Makijaż;Oczy;0;128,61;51,44;8ml;0,23;Active;0;Premium
13779;Aura Care Odporność Forte 90 kaps.;Aura Care;Suplementy i Zdrowie;Odporność;1;50,13;15,04;kaps.;0,08;Active;1;Mid-Market
13780;DermaGlow Sera Nawilżający 30ml;DermaGlow;Pielęgnacja twarzy;Sera;0;85,64;38,54;30ml;0,23;Active;0;Mid-Market
13781;FreshGlow Podpaski Super 200ml;FreshGlow;Higiena intymna;Podpaski;0;13,07;8,5;200ml;0,23;Active;0;Mid-Market
13782;SoftTouch Wkładki Super 20 szt.;SoftTouch;Higiena intymna;Wkładki;0;23,31;15,15;szt.;0,23;Active;0;Premium
13783;PureCare Wkładki Normal 20 szt.;PureCare;Higiena intymna;Wkładki;0;25,73;16,72;szt.;0,23;Active;1;Premium
13784;PureCare Płyny i żele Ochronny 200ml;PureCare;Higiena intymna;Płyny i żele;0;14,23;9,25;200ml;0,23;Active;1;Mid-Market
13785;Aura Kids Pieluchy Nawilżane 60 szt.;Aura Kids;Dziecko;Pieluchy;1;16,99;10,19;szt.;0,23;Active;0;Economy
13786;Veluria Krem na noc Nawilżający 150ml;Veluria;Pielęgnacja twarzy;Kremy na noc;0;100,35;45,16;150ml;0,23;Active;0;Premium
13787;SoftTouch Płyny i żele Ochronny 40 szt.;SoftTouch;Higiena intymna;Płyny i żele;0;20,95;13,62;szt.;0,23;Active;0;Premium
13788;Aura Care Krem na noc Przeciwzmarszczkowy 30ml;Aura Care;Pielęgnacja twarzy;Kremy na noc;1;71,97;17,99;30ml;0,23;Active;1;Mid-Market
13789;Veluria Krem na noc Z witaminą C 50ml;Veluria;Pielęgnacja twarzy;Kremy na noc;0;94,09;42,34;50ml;0,23;Active;0;Premium
13790;PureTots Chusteczki Sensitive 500ml;PureTots;Dziecko;Chusteczki;0;53,4;40,05;500ml;0,23;Active;0;Mid-Market
13791;SilkMane Stylizacja Przeciwłupieżowy 250ml;SilkMane;Włosy;Stylizacja;0;33,18;18,25;250ml;0,23;Phase-Out;0;Mid-Market
13792;VelvetLine Twarz Wodoodporny 15g;VelvetLine;Makijaż;Twarz;0;57,01;22,8;15g;0,23;Active;0;Economy
13793;SoftTouch Płyny i żele Kojący 40 szt.;SoftTouch;Higiena intymna;Płyny i żele;0;26,59;17,28;szt.;0,23;Discontinued;0;Premium
13794;PureTots Pieluchy Sensitive 500ml;PureTots;Dziecko;Pieluchy;0;13,86;10,39;500ml;0,23;Active;0;Economy
13795;SilkMane Stylizacja Do farbowanych 250ml;SilkMane;Włosy;Stylizacja;0;28,45;15,65;250ml;0,23;Phase-Out;0;Economy
13796;Veluria Krem na dzień Matujący 150ml;Veluria;Pielęgnacja twarzy;Kremy na dzień;0;54,45;24,5;150ml;0,23;Active;0;Mid-Market
13797;PureCare Płyny i żele Normal 20 szt.;PureCare;Higiena intymna;Płyny i żele;0;23,66;15,38;szt.;0,23;Active;1;Premium
13798;ColorAura Oczy Wodoodporny 15g;ColorAura;Makijaż;Oczy;0;68,07;27,23;15g;0,23;Active;0;Economy
13799;Aura Signatures Mgiełki Pour Femme 100ml;Aura Signatures;Perfumy;Mgiełki;1;164,82;24,72;100ml;0,23;Active;0;Economy
13800;Aura Care Sera Matujący 50ml;Aura Care;Pielęgnacja twarzy;Sera;1;96,6;24,15;50ml;0,23;Active;1;Premium
13801;HealthSpark Witaminy C 1000mg 60 kaps.;HealthSpark;Suplementy i Zdrowie;Witaminy;0;96,08;52,84;kaps.;0,08;Active;0;Premium
13802;PureBotanica Krem na dzień Z witaminą C 150ml;PureBotanica;Pielęgnacja twarzy;Kremy na dzień;0;84,75;38,14;150ml;0,23;Active;1;Mid-Market
13803;BotanicaPro Stylizacja Odbudowujący 500ml;BotanicaPro;Włosy;Stylizacja;0;59,87;32,93;500ml;0,23;Active;0;Premium
13804;VigorHair Odżywki Odbudowujący 250ml;VigorHair;Włosy;Odżywki;0;18,47;10,16;250ml;0,23;Phase-Out;0;Economy
13805;Aura Care Krem na noc Matujący 30ml;Aura Care;Pielęgnacja twarzy;Kremy na noc;1;57,23;14,31;30ml;0,23;Active;1;Mid-Market
13806;VigorHair Szampon Nawilżająca 250ml;VigorHair;Włosy;Szampony;0;66,18;36,4;250ml;0,23;Discontinued;0;Premium
13807;Herbix Odżywki Odbudowujący 400ml;Herbix;Włosy;Odżywki;0;73,62;40,49;400ml;0,23;Phase-Out;1;Premium
13808;VisagePro Twarz Long-lasting 15g;VisagePro;Makijaż;Twarz;0;127,67;51,07;15g;0,23;Active;0;Premium
13809;Aura Basic Płyny i żele Normal 200ml;Aura Basic;Higiena intymna;Płyny i żele;1;20,06;9,03;200ml;0,23;Active;0;Mid-Market
13810;DermaGlow Krem na noc Przeciwzmarszczkowy 150ml;DermaGlow;Pielęgnacja twarzy;Kremy na noc;0;102,43;46,09;150ml;0,23;Discontinued;0;Premium
13811;NutriMax Odporność C 1000mg 30 kaps.;NutriMax;Suplementy i Zdrowie;Odporność;0;54,78;30,13;kaps.;0,08;Active;1;Mid-Market
13812;Veluria Krem na dzień Z witaminą C 50ml;Veluria;Pielęgnacja twarzy;Kremy na dzień;0;93,09;41,89;50ml;0,23;Phase-Out;0;Premium
13813;Aura Care Maski Do farbowanych 400ml;Aura Care;Włosy;Maski;1;48,41;16,94;400ml;0,23;Active;1;Mid-Market
13814;Aura Care Sera Nawilżający 150ml;Aura Care;Pielęgnacja twarzy;Sera;1;57,84;14,46;150ml;0,23;Active;1;Mid-Market
13815;Veluria Sera Z witaminą C 30ml;Veluria;Pielęgnacja twarzy;Sera;0;133,74;60,18;30ml;0,23;Active;0;Premium
13816;FreshGlow Płyny i żele Ochronny 40 szt.;FreshGlow;Higiena intymna;Płyny i żele;0;22,35;14,53;szt.;0,23;Active;0;Premium
13817;Herbix Odżywki Przeciwłupieżowy 400ml;Herbix;Włosy;Odżywki;0;16,6;9,13;400ml;0,23;Active;1;Economy
13818;PureTots Pieluchy Nawilżane 500ml;PureTots;Dziecko;Pieluchy;0;59,72;44,79;500ml;0,23;Active;0;Premium
13819;BotanicaPro Stylizacja Odbudowujący 500ml;BotanicaPro;Włosy;Stylizacja;0;13,99;7,69;500ml;0,23;Active;0;Economy
13820;Aura Care Sera Nawilżający 50ml;Aura Care;Pielęgnacja twarzy;Sera;1;73,82;18,45;50ml;0,23;Active;1;Mid-Market
13821;Aura Care Szampon Do farbowanych 500ml;Aura Care;Włosy;Szampony;1;60,47;21,16;500ml;0,23;Active;1;Premium
13822;GlamTouch Twarz Matujący 30ml;GlamTouch;Makijaż;Twarz;0;163,23;65,29;30ml;0,23;Discontinued;0;Premium
13823;ColorAura Twarz Wodoodporny 15g;ColorAura;Makijaż;Twarz;0;39,87;15,95;15g;0,23;Active;0;Economy
13824;ColorAura Oczy Matujący 30ml;ColorAura;Makijaż;Oczy;0;136,68;54,67;30ml;0,23;Active;0;Premium
13825;BotanicaPro Odżywki Nawilżająca 250ml;BotanicaPro;Włosy;Odżywki;0;63,6;34,98;250ml;0,23;Active;0;Premium
13826;PureBotanica Krem na dzień Przeciwzmarszczkowy 50ml;PureBotanica;Pielęgnacja twarzy;Kremy na dzień;0;88,52;39,83;50ml;0,23;Active;1;Mid-Market
13827;Aura Basic Wkładki Super 20 szt.;Aura Basic;Higiena intymna;Wkładki;1;7,11;3,2;szt.;0,23;Active;1;Economy
13828;Aura Care Krem na noc Z witaminą C 50ml;Aura Care;Pielęgnacja twarzy;Kremy na noc;1;83,63;20,91;50ml;0,23;Active;1;Mid-Market
13829;Aura Care Odporność D3 2000 j.m. 90 kaps.;Aura Care;Suplementy i Zdrowie;Odporność;1;76,3;22,89;kaps.;0,08;Active;1;Premium
13830;VelvetLine Twarz Matujący 30ml;VelvetLine;Makijaż;Twarz;0;127,05;50,82;30ml;0,23;Active;0;Premium
13831;HealthSpark Minerały D3 2000 j.m. 90 kaps.;HealthSpark;Suplementy i Zdrowie;Minerały;0;22,61;12,44;kaps.;0,08;Active;0;Economy
13832;LumiSkin Żele do mycia Matujący 30ml;LumiSkin;Pielęgnacja twarzy;Żele do mycia;0;18,18;8,18;30ml;0,23;Active;0;Economy
13833;GlamTouch Oczy Rozświetlający 30ml;GlamTouch;Makijaż;Oczy;0;139,44;55,78;30ml;0,23;Active;1;Premium
13834;PureCare Podpaski Super 20 szt.;PureCare;Higiena intymna;Podpaski;0;22,59;14,68;szt.;0,23;Active;1;Premium
13835;PureCare Płyny i żele Ochronny 20 szt.;PureCare;Higiena intymna;Płyny i żele;0;20,44;13,29;szt.;0,23;Discontinued;1;Premium
13836;BabySoft Pieluchy Rozmiar 3 40 szt.;BabySoft;Dziecko;Pieluchy;0;67,13;50,35;szt.;0,23;Active;0;Premium
13837;Aura Care Witaminy C 1000mg 30 kaps.;Aura Care;Suplementy i Zdrowie;Witaminy;1;43,64;13,09;kaps.;0,08;Active;1;Mid-Market
13838;LumiSkin Krem na dzień Z witaminą C 150ml;LumiSkin;Pielęgnacja twarzy;Kremy na dzień;0;65,05;29,27;150ml;0,23;Phase-Out;0;Mid-Market
13839;DermaGlow Krem na noc Przeciwzmarszczkowy 150ml;DermaGlow;Pielęgnacja twarzy;Kremy na noc;0;110,69;49,81;150ml;0,23;Active;0;Premium
13840;LumiSkin Sera Z witaminą C 50ml;LumiSkin;Pielęgnacja twarzy;Sera;0;94,61;42,57;50ml;0,23;Active;0;Premium
13841;ColorAura Usta Rozświetlający 30ml;ColorAura;Makijaż;Usta;0;33,58;13,43;30ml;0,23;Active;0;Economy
13842;FreshGlow Wkładki Super 40 szt.;FreshGlow;Higiena intymna;Wkładki;0;15,7;10,21;szt.;0,23;Active;0;Mid-Market
13843;PureCare Wkładki Super 40 szt.;PureCare;Higiena intymna;Wkładki;0;13,86;9,01;szt.;0,23;Active;1;Mid-Market
13844;VigorHair Odżywki Przeciwłupieżowy 400ml;VigorHair;Włosy;Odżywki;0;58,03;31,92;400ml;0,23;Phase-Out;0;Premium
13845;VitaCore Odporność C 1000mg 90 kaps.;VitaCore;Suplementy i Zdrowie;Odporność;0;46,19;25,4;kaps.;0,08;Discontinued;0;Mid-Market
13846;VelvetLine Usta Long-lasting 15g;VelvetLine;Makijaż;Usta;0;101,83;40,73;15g;0,23;Active;0;Mid-Market
13847;BabySoft Pieluchy Nawilżane 40 szt.;BabySoft;Dziecko;Pieluchy;0;32,01;24,01;szt.;0,23;Discontinued;0;Economy
13848;LumiSkin Krem na noc Z witaminą C 150ml;LumiSkin;Pielęgnacja twarzy;Kremy na noc;0;41,09;18,49;150ml;0,23;Active;0;Economy
13849;Aura Care Krem na noc Nawilżający 150ml;Aura Care;Pielęgnacja twarzy;Kremy na noc;1;99,25;24,81;150ml;0,23;Active;1;Premium
13850;DermaGlow Żele do mycia Z witaminą C 150ml;DermaGlow;Pielęgnacja twarzy;Żele do mycia;0;92,75;41,74;150ml;0,23;Active;1;Premium
13851;DermaGlow Krem na noc Nawilżający 30ml;DermaGlow;Pielęgnacja twarzy;Kremy na noc;0;42,77;19,25;30ml;0,23;Active;0;Economy
13852;Aura Care Sera Matujący 150ml;Aura Care;Pielęgnacja twarzy;Sera;1;51,71;12,93;150ml;0,23;Active;1;Economy
13853;VitaCore Odporność D3 2000 j.m. 60 kaps.;VitaCore;Suplementy i Zdrowie;Odporność;0;39,81;21,9;kaps.;0,08;Active;0;Economy
13854;VitaCore Witaminy D3 2000 j.m. 60 kaps.;VitaCore;Suplementy i Zdrowie;Witaminy;0;49,38;27,16;kaps.;0,08;Active;0;Mid-Market
13855;Aura Care Odżywki Nawilżająca 500ml;Aura Care;Włosy;Odżywki;1;48,27;16,89;500ml;0,23;Active;1;Mid-Market
13856;BotanicaPro Maski Do farbowanych 400ml;BotanicaPro;Włosy;Maski;0;71,47;39,31;400ml;0,23;Phase-Out;0;Premium
13857;Aura Care Szampon Przeciwłupieżowy 250ml;Aura Care;Włosy;Szampony;1;59,4;20,79;250ml;0,23;Active;1;Premium
13858;Aura Care Minerały C 1000mg 30 kaps.;Aura Care;Suplementy i Zdrowie;Minerały;1;75,48;22,64;kaps.;0,08;Phase-Out;1;Premium
13859;SilkMane Maski Odbudowujący 500ml;SilkMane;Włosy;Maski;0;71,44;39,29;500ml;0,23;Active;1;Premium
13860;Aura Beauty Twarz Matujący 30ml;Aura Beauty;Makijaż;Twarz;1;99,26;19,85;30ml;0,23;Active;0;Mid-Market
13861;BotanicaPro Szampon Do farbowanych 500ml;BotanicaPro;Włosy;Szampony;0;58,64;32,25;500ml;0,23;Active;0;Premium
13862;PureTots Kosmetyki Rozmiar 3 60 szt.;PureTots;Dziecko;Kosmetyki;0;41,34;31,01;szt.;0,23;Phase-Out;0;Mid-Market
13863;LumiSkin Sera Z witaminą C 30ml;LumiSkin;Pielęgnacja twarzy;Sera;0;141,9;63,85;30ml;0,23;Active;0;Premium
13864;PureTots Chusteczki Nawilżane 60 szt.;PureTots;Dziecko;Chusteczki;0;62,51;46,88;szt.;0,23;Active;0;Premium
13865;Herbix Maski Nawilżająca 500ml;Herbix;Włosy;Maski;0;66,27;36,45;500ml;0,23;Active;1;Premium
13866;Aura Care Witaminy Magnez + B6 30 kaps.;Aura Care;Suplementy i Zdrowie;Witaminy;1;60,41;18,12;kaps.;0,08;Active;1;Mid-Market
13867;Veluria Żele do mycia Nawilżający 30ml;Veluria;Pielęgnacja twarzy;Żele do mycia;0;118,37;53,27;30ml;0,23;Active;0;Premium
13868;HealthSpark Witaminy Forte 90 kaps.;HealthSpark;Suplementy i Zdrowie;Witaminy;0;54,82;30,15;kaps.;0,08;Active;0;Mid-Market
13869;Aura Beauty Usta Matujący 30ml;Aura Beauty;Makijaż;Usta;1;115,0;23,0;30ml;0,23;Phase-Out;0;Premium
13870;Aura Care Odporność D3 2000 j.m. 90 kaps.;Aura Care;Suplementy i Zdrowie;Odporność;1;75,22;22,57;kaps.;0,08;Active;1;Premium
13871;Herbix Szampon Odbudowujący 400ml;Herbix;Włosy;Szampony;0;47,32;26,03;400ml;0,23;Active;1;Mid-Market
13872;Aura Care Szampon Odbudowujący 400ml;Aura Care;Włosy;Szampony;1;37,47;13,11;400ml;0,23;Discontinued;1;Mid-Market
13873;SoftTouch Podpaski Super 200ml;SoftTouch;Higiena intymna;Podpaski;0;20,99;13,64;200ml;0,23;Active;0;Premium
13874;DermaGlow Krem na dzień Przeciwzmarszczkowy 30ml;DermaGlow;Pielęgnacja twarzy;Kremy na dzień;0;86,36;38,86;30ml;0,23;Active;0;Mid-Market
13875;Aura Kids Kosmetyki Rozmiar 4 500ml;Aura Kids;Dziecko;Kosmetyki;1;57,97;34,78;500ml;0,23;Active;0;Premium
13876;LumiSkin Krem na dzień Przeciwzmarszczkowy 30ml;LumiSkin;Pielęgnacja twarzy;Kremy na dzień;0;73,94;33,27;30ml;0,23;Active;0;Mid-Market
13877;HealthSpark Witaminy Forte 90 kaps.;HealthSpark;Suplementy i Zdrowie;Witaminy;0;30,95;17,02;kaps.;0,08;Active;1;Economy
13878;FreshGlow Wkładki Kojący 20 szt.;FreshGlow;Higiena intymna;Wkładki;0;17,42;11,32;szt.;0,23;Active;1;Mid-Market
13879;SilkMane Szampon Przeciwłupieżowy 250ml;SilkMane;Włosy;Szampony;0;46,42;25,53;250ml;0,23;Active;1;Mid-Market
13880;PureBotanica Sera Matujący 50ml;PureBotanica;Pielęgnacja twarzy;Sera;0;118,16;53,17;50ml;0,23;Active;1;Premium
13881;LumiSkin Sera Z witaminą C 30ml;LumiSkin;Pielęgnacja twarzy;Sera;0;40,57;18,26;30ml;0,23;Active;0;Economy
13882;PureBotanica Krem na noc Przeciwzmarszczkowy 150ml;PureBotanica;Pielęgnacja twarzy;Kremy na noc;0;113,21;50,94;150ml;0,23;Active;1;Premium
13883;NutriMax Odporność Magnez + B6 30 kaps.;NutriMax;Suplementy i Zdrowie;Odporność;0;67,2;36,96;kaps.;0,08;Active;0;Mid-Market
13884;GlamTouch Twarz Long-lasting 30ml;GlamTouch;Makijaż;Twarz;0;106,0;42,4;30ml;0,23;Active;0;Mid-Market
13885;FreshGlow Wkładki Super 40 szt.;FreshGlow;Higiena intymna;Wkładki;0;13,65;8,87;szt.;0,23;Active;1;Mid-Market
13886;VelvetLine Usta Matujący 30ml;VelvetLine;Makijaż;Usta;0;52,98;21,19;30ml;0,23;Active;0;Economy
13887;Aura Care Krem na dzień Matujący 50ml;Aura Care;Pielęgnacja twarzy;Kremy na dzień;1;21,52;5,38;50ml;0,23;Active;1;Economy
13888;Aura Basic Płyny i żele Normal 20 szt.;Aura Basic;Higiena intymna;Płyny i żele;1;6,91;3,11;szt.;0,23;Active;0;Economy
13889;Veluria Krem na noc Z witaminą C 50ml;Veluria;Pielęgnacja twarzy;Kremy na noc;0;125,62;56,53;50ml;0,23;Active;1;Premium
13890;Aura Beauty Usta Rozświetlający 8ml;Aura Beauty;Makijaż;Usta;1;129,87;25,97;8ml;0,23;Active;0;Premium
13891;PureBotanica Krem na dzień Matujący 30ml;PureBotanica;Pielęgnacja twarzy;Kremy na dzień;0;85,17;38,33;30ml;0,23;Active;1;Mid-Market
13892;VisagePro Oczy Long-lasting 8ml;VisagePro;Makijaż;Oczy;0;44,11;17,64;8ml;0,23;Active;0;Economy
13893;Essentia Mgiełki Fresh 50ml;Essentia;Perfumy;Mgiełki;0;405,13;141,8;50ml;0,23;Active;0;Premium
13894;ScentMaison EDT Pour Femme 50ml;ScentMaison;Perfumy;EDT;0;416,78;145,87;50ml;0,23;Active;0;Premium
13895;Herbix Szampon Przeciwłupieżowy 500ml;Herbix;Włosy;Szampony;0;54,11;29,76;500ml;0,23;Active;1;Mid-Market
13896;NutriMax Minerały Forte 30 kaps.;NutriMax;Suplementy i Zdrowie;Minerały;0;93,73;51,55;kaps.;0,08;Active;0;Premium
13897;VelvetLine Twarz Rozświetlający 30ml;VelvetLine;Makijaż;Twarz;0;122,45;48,98;30ml;0,23;Active;0;Premium
13898;Aura Care Maski Przeciwłupieżowy 400ml;Aura Care;Włosy;Maski;1;38,31;13,41;400ml;0,23;Active;1;Mid-Market
13899;Aura Care Maski Nawilżająca 500ml;Aura Care;Włosy;Maski;1;58,09;20,33;500ml;0,23;Active;1;Premium
13900;Herbix Szampon Odbudowujący 250ml;Herbix;Włosy;Szampony;0;19,32;10,63;250ml;0,23;Active;1;Economy
13901;TinyJoy Kosmetyki Sensitive 60 szt.;TinyJoy;Dziecko;Kosmetyki;0;15,0;11,25;szt.;0,23;Phase-Out;0;Economy
13902;TinyJoy Kosmetyki Sensitive 40 szt.;TinyJoy;Dziecko;Kosmetyki;0;37,67;28,25;szt.;0,23;Active;0;Mid-Market
13903;Veluria Sera Przeciwzmarszczkowy 150ml;Veluria;Pielęgnacja twarzy;Sera;0;127,47;57,36;150ml;0,23;Phase-Out;0;Premium
13904;DermaGlow Krem na noc Nawilżający 30ml;DermaGlow;Pielęgnacja twarzy;Kremy na noc;0;17,7;7,96;30ml;0,23;Active;0;Economy
13905;Aura Beauty Usta Long-lasting 30ml;Aura Beauty;Makijaż;Usta;1;88,08;17,62;30ml;0,23;Active;0;Mid-Market
13906;PureBotanica Żele do mycia Nawilżający 30ml;PureBotanica;Pielęgnacja twarzy;Żele do mycia;0;49,61;22,32;30ml;0,23;Active;1;Economy
13907;Aura Basic Wkładki Normal 40 szt.;Aura Basic;Higiena intymna;Wkładki;1;16,48;7,42;szt.;0,23;Active;0;Mid-Market
13908;LumiSkin Żele do mycia Z witaminą C 50ml;LumiSkin;Pielęgnacja twarzy;Żele do mycia;0;92,35;41,56;50ml;0,23;Active;0;Premium
13909;Herbix Maski Przeciwłupieżowy 400ml;Herbix;Włosy;Maski;0;69,39;38,16;400ml;0,23;Active;1;Premium
13910;Aura Kids Kosmetyki Rozmiar 4 500ml;Aura Kids;Dziecko;Kosmetyki;1;58,54;35,12;500ml;0,23;Active;0;Premium
13911;DermaGlow Krem na noc Przeciwzmarszczkowy 50ml;DermaGlow;Pielęgnacja twarzy;Kremy na noc;0;70,53;31,74;50ml;0,23;Phase-Out;0;Mid-Market
13912;Aura Care Witaminy D3 2000 j.m. 90 kaps.;Aura Care;Suplementy i Zdrowie;Witaminy;1;57,83;17,35;kaps.;0,08;Active;1;Mid-Market
13913;GlamTouch Twarz Matujący 30ml;GlamTouch;Makijaż;Twarz;0;114,47;45,79;30ml;0,23;Active;0;Mid-Market
13914;BabySoft Pieluchy Rozmiar 3 40 szt.;BabySoft;Dziecko;Pieluchy;0;29,45;22,09;szt.;0,23;Active;0;Economy
13915;ScentMaison EDP Intense 50ml;ScentMaison;Perfumy;EDP;0;342,06;119,72;50ml;0,23;Active;0;Premium
13916;NoirElegance EDT Pour Femme 100ml;NoirElegance;Perfumy;EDT;0;197,34;69,07;100ml;0,23;Active;0;Mid-Market
13917;VisagePro Twarz Long-lasting 30ml;VisagePro;Makijaż;Twarz;0;150,91;60,36;30ml;0,23;Active;0;Premium
13918;VisagePro Usta Long-lasting 8ml;VisagePro;Makijaż;Usta;0;145,18;58,07;8ml;0,23;Active;0;Premium
13919;HealthSpark Minerały C 1000mg 90 kaps.;HealthSpark;Suplementy i Zdrowie;Minerały;0;44,86;24,67;kaps.;0,08;Active;0;Mid-Market
13920;PureBotanica Krem na noc Matujący 150ml;PureBotanica;Pielęgnacja twarzy;Kremy na noc;0;55,49;24,97;150ml;0,23;Discontinued;1;Mid-Market
13921;Aura Basic Płyny i żele Normal 20 szt.;Aura Basic;Higiena intymna;Płyny i żele;1;20,27;9,12;szt.;0,23;Phase-Out;0;Premium
13922;VisagePro Oczy Matujący 8ml;VisagePro;Makijaż;Oczy;0;30,95;12,38;8ml;0,23;Active;1;Economy
13923;Aura Care Odporność Magnez + B6 60 kaps.;Aura Care;Suplementy i Zdrowie;Odporność;1;76,01;22,8;kaps.;0,08;Active;1;Premium
13924;Aura Beauty Usta Long-lasting 8ml;Aura Beauty;Makijaż;Usta;1;39,45;7,89;8ml;0,23;Active;0;Economy
13925;PureBotanica Sera Z witaminą C 50ml;PureBotanica;Pielęgnacja twarzy;Sera;0;105,2;47,34;50ml;0,23;Active;1;Premium
13926;LumiSkin Żele do mycia Przeciwzmarszczkowy 150ml;LumiSkin;Pielęgnacja twarzy;Żele do mycia;0;123,79;55,71;150ml;0,23;Active;0;Premium
13927;Aura Care Szampon Nawilżająca 400ml;Aura Care;Włosy;Szampony;1;60,87;21,3;400ml;0,23;Active;1;Premium
13928;BabySoft Chusteczki Rozmiar 4 500ml;BabySoft;Dziecko;Chusteczki;0;76,3;57,22;500ml;0,23;Active;0;Premium
13929;FreshGlow Podpaski Normal 40 szt.;FreshGlow;Higiena intymna;Podpaski;0;22,86;14,86;szt.;0,23;Active;0;Premium
13930;BabySoft Pieluchy Nawilżane 500ml;BabySoft;Dziecko;Pieluchy;0;14,72;11,04;500ml;0,23;Active;1;Economy
13931;PureCare Podpaski Super 40 szt.;PureCare;Higiena intymna;Podpaski;0;11,6;7,54;szt.;0,23;Phase-Out;1;Economy
13932;Veluria Krem na noc Przeciwzmarszczkowy 150ml;Veluria;Pielęgnacja twarzy;Kremy na noc;0;59,61;26,82;150ml;0,23;Active;0;Mid-Market
13933;DermaGlow Krem na noc Nawilżający 150ml;DermaGlow;Pielęgnacja twarzy;Kremy na noc;0;88,0;39,6;150ml;0,23;Active;0;Mid-Market
13934;DermaGlow Sera Nawilżający 30ml;DermaGlow;Pielęgnacja twarzy;Sera;0;27,22;12,25;30ml;0,23;Active;0;Economy
13935;Veluria Żele do mycia Nawilżający 50ml;Veluria;Pielęgnacja twarzy;Żele do mycia;0;41,65;18,74;50ml;0,23;Active;1;Economy
13936;PureTots Chusteczki Rozmiar 4 40 szt.;PureTots;Dziecko;Chusteczki;0;30,45;22,84;szt.;0,23;Active;0;Economy
13937;Aura Beauty Usta Rozświetlający 30ml;Aura Beauty;Makijaż;Usta;1;109,64;21,93;30ml;0,23;Active;1;Mid-Market
13938;VigorHair Maski Nawilżająca 250ml;VigorHair;Włosy;Maski;0;30,3;16,67;250ml;0,23;Active;0;Economy
13939;Veluria Krem na dzień Przeciwzmarszczkowy 30ml;Veluria;Pielęgnacja twarzy;Kremy na dzień;0;93,12;41,9;30ml;0,23;Active;0;Premium
13940;Herbix Szampon Przeciwłupieżowy 400ml;Herbix;Włosy;Szampony;0;55,63;30,6;400ml;0,23;Active;1;Premium
13941;Aura Care Żele do mycia Przeciwzmarszczkowy 50ml;Aura Care;Pielęgnacja twarzy;Żele do mycia;1;54,86;13,71;50ml;0,23;Active;1;Mid-Market
13942;Aura Basic Płyny i żele Ochronny 200ml;Aura Basic;Higiena intymna;Płyny i żele;1;14,0;6,3;200ml;0,23;Active;0;Mid-Market
13943;DermaGlow Sera Matujący 50ml;DermaGlow;Pielęgnacja twarzy;Sera;0;83,69;37,66;50ml;0,23;Active;1;Mid-Market
13944;Aura Care Minerały C 1000mg 60 kaps.;Aura Care;Suplementy i Zdrowie;Minerały;1;34,33;10,3;kaps.;0,08;Active;1;Economy
13945;FreshGlow Płyny i żele Ochronny 40 szt.;FreshGlow;Higiena intymna;Płyny i żele;0;27,43;17,83;szt.;0,23;Active;0;Premium
13946;SoftTouch Płyny i żele Kojący 40 szt.;SoftTouch;Higiena intymna;Płyny i żele;0;10,96;7,12;szt.;0,23;Active;0;Economy
13947;SilkMane Maski Odbudowujący 250ml;SilkMane;Włosy;Maski;0;59,75;32,86;250ml;0,23;Active;0;Premium
13948;Aura Care Sera Z witaminą C 50ml;Aura Care;Pielęgnacja twarzy;Sera;1;47,14;11,79;50ml;0,23;Active;1;Economy
13949;Aura Care Sera Z witaminą C 50ml;Aura Care;Pielęgnacja twarzy;Sera;1;54,38;13,6;50ml;0,23;Active;1;Mid-Market
13950;ColorAura Oczy Wodoodporny 8ml;ColorAura;Makijaż;Oczy;0;30,68;12,27;8ml;0,23;Active;0;Economy
13951;LumiSkin Krem na dzień Z witaminą C 150ml;LumiSkin;Pielęgnacja twarzy;Kremy na dzień;0;123,83;55,72;150ml;0,23;Active;0;Premium
13952;Aura Kids Chusteczki Rozmiar 3 40 szt.;Aura Kids;Dziecko;Chusteczki;1;14,71;8,83;szt.;0,23;Active;1;Economy
13953;PureBotanica Żele do mycia Nawilżający 50ml;PureBotanica;Pielęgnacja twarzy;Żele do mycia;0;105,85;47,63;50ml;0,23;Active;1;Premium
13954;LumiSkin Żele do mycia Z witaminą C 30ml;LumiSkin;Pielęgnacja twarzy;Żele do mycia;0;48,94;22,02;30ml;0,23;Active;0;Economy
13955;BotanicaPro Stylizacja Przeciwłupieżowy 400ml;BotanicaPro;Włosy;Stylizacja;0;21,65;11,91;400ml;0,23;Active;1;Economy
13956;ColorAura Oczy Long-lasting 30ml;ColorAura;Makijaż;Oczy;0;34,2;13,68;30ml;0,23;Active;0;Economy
13957;HealthSpark Witaminy D3 2000 j.m. 90 kaps.;HealthSpark;Suplementy i Zdrowie;Witaminy;0;53,19;29,25;kaps.;0,08;Active;1;Mid-Market
13958;BabySoft Chusteczki Rozmiar 3 60 szt.;BabySoft;Dziecko;Chusteczki;0;37,56;28,17;szt.;0,23;Phase-Out;0;Mid-Market
13959;Aura Care Krem na dzień Matujący 150ml;Aura Care;Pielęgnacja twarzy;Kremy na dzień;1;16,36;4,09;150ml;0,23;Active;1;Economy
13960;LumiSkin Sera Z witaminą C 150ml;LumiSkin;Pielęgnacja twarzy;Sera;0;103,65;46,64;150ml;0,23;Active;1;Premium
13961;SoftTouch Podpaski Ochronny 40 szt.;SoftTouch;Higiena intymna;Podpaski;0;8,81;5,73;szt.;0,23;Active;0;Economy
13962;SoftTouch Wkładki Ochronny 40 szt.;SoftTouch;Higiena intymna;Wkładki;0;8,22;5,34;szt.;0,23;Active;0;Economy
13963;Aura Kids Pieluchy Sensitive 40 szt.;Aura Kids;Dziecko;Pieluchy;1;10,11;6,07;szt.;0,23;Active;0;Economy
13964;FreshGlow Płyny i żele Normal 20 szt.;FreshGlow;Higiena intymna;Płyny i żele;0;15,41;10,02;szt.;0,23;Active;0;Mid-Market
13965;BotanicaPro Szampon Odbudowujący 500ml;BotanicaPro;Włosy;Szampony;0;26,77;14,72;500ml;0,23;Active;0;Economy
13966;VigorHair Stylizacja Do farbowanych 250ml;VigorHair;Włosy;Stylizacja;0;36,01;19,81;250ml;0,23;Active;0;Mid-Market
13967;SilkMane Stylizacja Do farbowanych 250ml;SilkMane;Włosy;Stylizacja;0;82,0;45,1;250ml;0,23;Active;0;Premium
13968;SoftTouch Podpaski Normal 200ml;SoftTouch;Higiena intymna;Podpaski;0;19,71;12,81;200ml;0,23;Discontinued;0;Mid-Market
13969;Aura Care Żele do mycia Z witaminą C 50ml;Aura Care;Pielęgnacja twarzy;Żele do mycia;1;51,57;12,89;50ml;0,23;Active;1;Economy
13970;LumiSkin Krem na noc Z witaminą C 150ml;LumiSkin;Pielęgnacja twarzy;Kremy na noc;0;140,01;63,0;150ml;0,23;Discontinued;0;Premium
13971;LumiSkin Krem na noc Matujący 30ml;LumiSkin;Pielęgnacja twarzy;Kremy na noc;0;31,2;14,04;30ml;0,23;Active;0;Economy
13972;Aura Care Krem na noc Nawilżający 30ml;Aura Care;Pielęgnacja twarzy;Kremy na noc;1;49,96;12,49;30ml;0,23;Active;1;Economy
13973;SoftTouch Podpaski Super 200ml;SoftTouch;Higiena intymna;Podpaski;0;28,95;18,82;200ml;0,23;Active;0;Premium
13974;Aura Care Odżywki Nawilżająca 500ml;Aura Care;Włosy;Odżywki;1;30,22;10,58;500ml;0,23;Active;1;Economy
13975;VigorHair Stylizacja Nawilżająca 250ml;VigorHair;Włosy;Stylizacja;0;64,33;35,38;250ml;0,23;Discontinued;0;Premium
13976;LumiSkin Krem na dzień Matujący 150ml;LumiSkin;Pielęgnacja twarzy;Kremy na dzień;0;83,69;37,66;150ml;0,23;Active;0;Mid-Market
13977;Veluria Krem na noc Nawilżający 30ml;Veluria;Pielęgnacja twarzy;Kremy na noc;0;105,7;47,56;30ml;0,23;Active;0;Premium
13978;VelvetLine Twarz Long-lasting 15g;VelvetLine;Makijaż;Twarz;0;169,2;67,68;15g;0,23;Active;0;Premium
13979;PureTots Kosmetyki Rozmiar 4 40 szt.;PureTots;Dziecko;Kosmetyki;0;14,83;11,12;szt.;0,23;Active;0;Economy
13980;Aura Beauty Usta Wodoodporny 15g;Aura Beauty;Makijaż;Usta;1;52,52;10,5;15g;0,23;Active;0;Economy
13981;LumiSkin Krem na dzień Nawilżający 150ml;LumiSkin;Pielęgnacja twarzy;Kremy na dzień;0;39,02;17,56;150ml;0,23;Active;0;Economy
13982;Aura Basic Płyny i żele Normal 20 szt.;Aura Basic;Higiena intymna;Płyny i żele;1;17,13;7,71;szt.;0,23;Active;0;Mid-Market
13983;VigorHair Maski Do farbowanych 500ml;VigorHair;Włosy;Maski;0;77,75;42,76;500ml;0,23;Active;0;Premium
13984;SilkMane Stylizacja Przeciwłupieżowy 400ml;SilkMane;Włosy;Stylizacja;0;29,89;16,44;400ml;0,23;Phase-Out;0;Economy
13985;SilkMane Stylizacja Nawilżająca 400ml;SilkMane;Włosy;Stylizacja;0;75,46;41,5;400ml;0,23;Active;0;Premium
13986;Aura Care Maski Nawilżająca 250ml;Aura Care;Włosy;Maski;1;26,81;9,38;250ml;0,23;Active;1;Economy
13987;Veluria Krem na noc Przeciwzmarszczkowy 30ml;Veluria;Pielęgnacja twarzy;Kremy na noc;0;130,79;58,86;30ml;0,23;Active;0;Premium
13988;DermaGlow Sera Nawilżający 30ml;DermaGlow;Pielęgnacja twarzy;Sera;0;17,94;8,07;30ml;0,23;Phase-Out;0;Economy
13989;Aura Kids Chusteczki Sensitive 40 szt.;Aura Kids;Dziecko;Chusteczki;1;41,13;24,68;szt.;0,23;Active;0;Mid-Market
13990;FreshGlow Podpaski Normal 200ml;FreshGlow;Higiena intymna;Podpaski;0;27,12;17,63;200ml;0,23;Active;0;Premium
13991;DermaGlow Krem na dzień Przeciwzmarszczkowy 150ml;DermaGlow;Pielęgnacja twarzy;Kremy na dzień;0;35,91;16,16;150ml;0,23;Phase-Out;0;Economy
13992;PureBotanica Krem na noc Przeciwzmarszczkowy 150ml;PureBotanica;Pielęgnacja twarzy;Kremy na noc;0;75,97;34,19;150ml;0,23;Active;1;Mid-Market
13993;GlamTouch Usta Rozświetlający 15g;GlamTouch;Makijaż;Usta;0;32,46;12,98;15g;0,23;Active;0;Economy
13994;Aura Care Żele do mycia Z witaminą C 50ml;Aura Care;Pielęgnacja twarzy;Żele do mycia;1;76,87;19,22;50ml;0,23;Active;1;Mid-Market
13995;VitaCore Minerały D3 2000 j.m. 60 kaps.;VitaCore;Suplementy i Zdrowie;Minerały;0;98,02;53,91;kaps.;0,08;Active;0;Premium
13996;SilkMane Stylizacja Przeciwłupieżowy 500ml;SilkMane;Włosy;Stylizacja;0;32,5;17,88;500ml;0,23;Active;0;Economy
13997;Aura Beauty Usta Wodoodporny 15g;Aura Beauty;Makijaż;Usta;1;130,58;26,12;15g;0,23;Active;0;Premium
13998;Veluria Krem na noc Matujący 50ml;Veluria;Pielęgnacja twarzy;Kremy na noc;0;70,36;31,66;50ml;0,23;Active;0;Mid-Market
13999;Veluria Żele do mycia Matujący 150ml;Veluria;Pielęgnacja twarzy;Żele do mycia;0;120,96;54,43;150ml;0,23;Active;0;Premium
14000;VigorHair Szampon Nawilżająca 250ml;VigorHair;Włosy;Szampony;0;18,37;10,1;250ml;0,23;Phase-Out;0;Economy
14001;VigorHair Maski Do farbowanych 500ml;VigorHair;Włosy;Maski;0;45,93;25,26;500ml;0,23;Active;0;Mid-Market
14002;Aura Care Szampon Do farbowanych 250ml;Aura Care;Włosy;Szampony;1;48,1;16,84;250ml;0,23;Active;1;Mid-Market
14003;DermaGlow Sera Z witaminą C 150ml;DermaGlow;Pielęgnacja twarzy;Sera;0;109,03;49,06;150ml;0,23;Active;0;Premium
14004;PureBotanica Sera Nawilżający 50ml;PureBotanica;Pielęgnacja twarzy;Sera;0;63,27;28,47;50ml;0,23;Active;1;Mid-Market
14005;Aura Care Odżywki Nawilżająca 500ml;Aura Care;Włosy;Odżywki;1;50,39;17,64;500ml;0,23;Active;1;Mid-Market
14006;PureCare Wkładki Ochronny 20 szt.;PureCare;Higiena intymna;Wkładki;0;27,82;18,08;szt.;0,23;Active;1;Premium
14007;Veluria Sera Przeciwzmarszczkowy 30ml;Veluria;Pielęgnacja twarzy;Sera;0;133,05;59,87;30ml;0,23;Active;1;Premium
14008;LumiSkin Sera Przeciwzmarszczkowy 150ml;LumiSkin;Pielęgnacja twarzy;Sera;0;117,49;52,87;150ml;0,23;Active;1;Premium
14009;DermaGlow Sera Przeciwzmarszczkowy 50ml;DermaGlow;Pielęgnacja twarzy;Sera;0;115,93;52,17;50ml;0,23;Discontinued;0;Premium
14010;Aura Care Maski Do farbowanych 250ml;Aura Care;Włosy;Maski;1;50,74;17,76;250ml;0,23;Active;1;Mid-Market
14011;VisagePro Oczy Matujący 8ml;VisagePro;Makijaż;Oczy;0;51,36;20,54;8ml;0,23;Phase-Out;0;Economy
14012;DermaGlow Sera Matujący 50ml;DermaGlow;Pielęgnacja twarzy;Sera;0;128,21;57,69;50ml;0,23;Active;1;Premium
14013;VelvetLine Usta Wodoodporny 8ml;VelvetLine;Makijaż;Usta;0;98,3;39,32;8ml;0,23;Discontinued;1;Mid-Market
14014;Herbix Maski Przeciwłupieżowy 250ml;Herbix;Włosy;Maski;0;56,52;31,09;250ml;0,23;Active;1;Premium
14015;GlamTouch Twarz Long-lasting 15g;GlamTouch;Makijaż;Twarz;0;116,67;46,67;15g;0,23;Active;0;Premium
14016;FreshGlow Płyny i żele Kojący 40 szt.;FreshGlow;Higiena intymna;Płyny i żele;0;7,25;4,71;szt.;0,23;Active;0;Economy
14017;VelvetLine Twarz Long-lasting 15g;VelvetLine;Makijaż;Twarz;0;39,83;15,93;15g;0,23;Active;0;Economy
14018;LumiSkin Żele do mycia Matujący 50ml;LumiSkin;Pielęgnacja twarzy;Żele do mycia;0;62,64;28,19;50ml;0,23;Active;0;Mid-Market
14019;HealthSpark Odporność D3 2000 j.m. 90 kaps.;HealthSpark;Suplementy i Zdrowie;Odporność;0;81,86;45,02;kaps.;0,08;Active;0;Premium
14020;DermaGlow Sera Przeciwzmarszczkowy 30ml;DermaGlow;Pielęgnacja twarzy;Sera;0;129,99;58,5;30ml;0,23;Active;0;Premium
14021;DermaGlow Sera Przeciwzmarszczkowy 50ml;DermaGlow;Pielęgnacja twarzy;Sera;0;126,8;57,06;50ml;0,23;Active;0;Premium
14022;TinyJoy Chusteczki Sensitive 60 szt.;TinyJoy;Dziecko;Chusteczki;0;29,14;21,86;szt.;0,23;Active;1;Economy
14023;Aura Care Żele do mycia Przeciwzmarszczkowy 150ml;Aura Care;Pielęgnacja twarzy;Żele do mycia;1;25,22;6,3;150ml;0,23;Discontinued;1;Economy
14024;Aura Beauty Twarz Wodoodporny 8ml;Aura Beauty;Makijaż;Twarz;1;104,33;20,87;8ml;0,23;Active;0;Mid-Market
14025;DermaGlow Sera Matujący 50ml;DermaGlow;Pielęgnacja twarzy;Sera;0;23,76;10,69;50ml;0,23;Active;0;Economy
14026;PureCare Podpaski Normal 40 szt.;PureCare;Higiena intymna;Podpaski;0;11,23;7,3;szt.;0,23;Active;1;Economy
14027;VigorHair Maski Przeciwłupieżowy 250ml;VigorHair;Włosy;Maski;0;67,14;36,93;250ml;0,23;Phase-Out;0;Premium
14028;Veluria Krem na noc Matujący 50ml;Veluria;Pielęgnacja twarzy;Kremy na noc;0;53,1;23,89;50ml;0,23;Active;0;Mid-Market
14029;HealthSpark Minerały D3 2000 j.m. 30 kaps.;HealthSpark;Suplementy i Zdrowie;Minerały;0;20,2;11,11;kaps.;0,08;Active;0;Economy
14030;Aura Care Krem na noc Przeciwzmarszczkowy 30ml;Aura Care;Pielęgnacja twarzy;Kremy na noc;1;30,68;7,67;30ml;0,23;Active;1;Economy
14031;VelvetLine Usta Long-lasting 15g;VelvetLine;Makijaż;Usta;0;108,37;43,35;15g;0,23;Active;0;Mid-Market
14032;HealthSpark Odporność Forte 90 kaps.;HealthSpark;Suplementy i Zdrowie;Odporność;0;26,82;14,75;kaps.;0,08;Active;0;Economy
14033;SilkMane Odżywki Do farbowanych 250ml;SilkMane;Włosy;Odżywki;0;26,0;14,3;250ml;0,23;Active;0;Economy
14034;VisagePro Twarz Wodoodporny 8ml;VisagePro;Makijaż;Twarz;0;128,39;51,36;8ml;0,23;Active;0;Premium
14035;Aura Care Krem na dzień Nawilżający 30ml;Aura Care;Pielęgnacja twarzy;Kremy na dzień;1;77,6;19,4;30ml;0,23;Phase-Out;1;Mid-Market
14036;PureCare Podpaski Ochronny 20 szt.;PureCare;Higiena intymna;Podpaski;0;9,61;6,25;szt.;0,23;Phase-Out;1;Economy
14037;DermaGlow Krem na noc Z witaminą C 150ml;DermaGlow;Pielęgnacja twarzy;Kremy na noc;0;129,38;58,22;150ml;0,23;Active;0;Premium
14038;PureCare Podpaski Kojący 20 szt.;PureCare;Higiena intymna;Podpaski;0;21,92;14,25;szt.;0,23;Active;1;Premium
14039;SilkMane Maski Odbudowujący 400ml;SilkMane;Włosy;Maski;0;22,86;12,57;400ml;0,23;Active;1;Economy
14040;PureBotanica Żele do mycia Matujący 30ml;PureBotanica;Pielęgnacja twarzy;Żele do mycia;0;59,92;26,96;30ml;0,23;Active;1;Mid-Market
14041;BotanicaPro Odżywki Nawilżająca 400ml;BotanicaPro;Włosy;Odżywki;0;26,78;14,73;400ml;0,23;Active;0;Economy
14042;Veluria Krem na noc Matujący 150ml;Veluria;Pielęgnacja twarzy;Kremy na noc;0;90,4;40,68;150ml;0,23;Active;0;Mid-Market
14043;Aura Basic Wkładki Ochronny 20 szt.;Aura Basic;Higiena intymna;Wkładki;1;6,02;2,71;szt.;0,23;Active;1;Economy
14044;VigorHair Stylizacja Przeciwłupieżowy 250ml;VigorHair;Włosy;Stylizacja;0;29,71;16,34;250ml;0,23;Active;1;Economy
14045;LumiSkin Sera Przeciwzmarszczkowy 150ml;LumiSkin;Pielęgnacja twarzy;Sera;0;54,71;24,62;150ml;0,23;Active;0;Mid-Market
14046;Aura Care Odporność Magnez + B6 60 kaps.;Aura Care;Suplementy i Zdrowie;Odporność;1;77,74;23,32;kaps.;0,08;Active;1;Premium
14047;FreshGlow Podpaski Ochronny 20 szt.;FreshGlow;Higiena intymna;Podpaski;0;9,23;6,0;szt.;0,23;Active;0;Economy
14048;Aura Basic Płyny i żele Super 200ml;Aura Basic;Higiena intymna;Płyny i żele;1;9,46;4,26;200ml;0,23;Active;1;Economy
14049;SilkMane Odżywki Nawilżająca 400ml;SilkMane;Włosy;Odżywki;0;43,86;24,12;400ml;0,23;Active;1;Mid-Market
14050;LumiSkin Żele do mycia Nawilżający 50ml;LumiSkin;Pielęgnacja twarzy;Żele do mycia;0;53,48;24,07;50ml;0,23;Active;0;Mid-Market
14051;DermaGlow Krem na noc Matujący 50ml;DermaGlow;Pielęgnacja twarzy;Kremy na noc;0;62,8;28,26;50ml;0,23;Active;1;Mid-Market
14052;SilkMane Maski Do farbowanych 500ml;SilkMane;Włosy;Maski;0;37,24;20,48;500ml;0,23;Active;0;Mid-Market
14053;VigorHair Maski Odbudowujący 250ml;VigorHair;Włosy;Maski;0;48,97;26,93;250ml;0,23;Phase-Out;0;Mid-Market
14054;Veluria Żele do mycia Nawilżający 150ml;Veluria;Pielęgnacja twarzy;Żele do mycia;0;22,09;9,94;150ml;0,23;Phase-Out;0;Economy
14055;Aura Care Krem na dzień Przeciwzmarszczkowy 50ml;Aura Care;Pielęgnacja twarzy;Kremy na dzień;1;72,41;18,1;50ml;0,23;Discontinued;1;Mid-Market
14056;VigorHair Maski Do farbowanych 250ml;VigorHair;Włosy;Maski;0;38,75;21,31;250ml;0,23;Active;0;Mid-Market
14057;BotanicaPro Szampon Nawilżająca 400ml;BotanicaPro;Włosy;Szampony;0;75,89;41,74;400ml;0,23;Active;0;Premium
14058;Aura Care Szampon Odbudowujący 250ml;Aura Care;Włosy;Szampony;1;51,05;17,87;250ml;0,23;Active;1;Mid-Market
14059;PureCare Podpaski Kojący 40 szt.;PureCare;Higiena intymna;Podpaski;0;17,65;11,47;szt.;0,23;Active;1;Mid-Market
14060;DermaGlow Krem na noc Nawilżający 50ml;DermaGlow;Pielęgnacja twarzy;Kremy na noc;0;86,93;39,12;50ml;0,23;Active;0;Mid-Market
14061;ColorAura Usta Wodoodporny 30ml;ColorAura;Makijaż;Usta;0;155,1;62,04;30ml;0,23;Active;0;Premium
14062;Aura Care Witaminy C 1000mg 90 kaps.;Aura Care;Suplementy i Zdrowie;Witaminy;1;28,62;8,59;kaps.;0,08;Active;1;Economy
14063;BotanicaPro Stylizacja Odbudowujący 500ml;BotanicaPro;Włosy;Stylizacja;0;79,56;43,76;500ml;0,23;Active;0;Premium
14064;Aura Beauty Twarz Rozświetlający 8ml;Aura Beauty;Makijaż;Twarz;1;132,55;26,51;8ml;0,23;Phase-Out;0;Premium
14065;FreshGlow Wkładki Ochronny 40 szt.;FreshGlow;Higiena intymna;Wkładki;0;24,78;16,11;szt.;0,23;Active;0;Premium
14066;Veluria Krem na noc Przeciwzmarszczkowy 150ml;Veluria;Pielęgnacja twarzy;Kremy na noc;0;96,14;43,26;150ml;0,23;Active;0;Premium
14067;Herbix Stylizacja Nawilżająca 500ml;Herbix;Włosy;Stylizacja;0;47,26;25,99;500ml;0,23;Active;1;Mid-Market
14068;VisagePro Usta Wodoodporny 8ml;VisagePro;Makijaż;Usta;0;76,96;30,78;8ml;0,23;Active;0;Mid-Market
14069;Aura Care Sera Przeciwzmarszczkowy 50ml;Aura Care;Pielęgnacja twarzy;Sera;1;40,17;10,04;50ml;0,23;Active;1;Economy
14070;SoftTouch Podpaski Normal 20 szt.;SoftTouch;Higiena intymna;Podpaski;0;10,21;6,64;szt.;0,23;Active;0;Economy
14071;LumiSkin Krem na noc Nawilżający 50ml;LumiSkin;Pielęgnacja twarzy;Kremy na noc;0;120,63;54,28;50ml;0,23;Active;0;Premium
14072;SilkMane Odżywki Do farbowanych 500ml;SilkMane;Włosy;Odżywki;0;44,67;24,57;500ml;0,23;Active;0;Mid-Market
14073;Aura Care Żele do mycia Matujący 30ml;Aura Care;Pielęgnacja twarzy;Żele do mycia;1;27,66;6,92;30ml;0,23;Active;1;Economy
14074;SilkMane Odżywki Odbudowujący 250ml;SilkMane;Włosy;Odżywki;0;23,36;12,85;250ml;0,23;Active;0;Economy
14075;ColorAura Oczy Wodoodporny 30ml;ColorAura;Makijaż;Oczy;0;65,74;26,3;30ml;0,23;Phase-Out;0;Economy
14076;GlamTouch Oczy Wodoodporny 15g;GlamTouch;Makijaż;Oczy;0;93,61;37,44;15g;0,23;Active;0;Mid-Market
14077;LumiSkin Krem na dzień Matujący 50ml;LumiSkin;Pielęgnacja twarzy;Kremy na dzień;0;60,5;27,22;50ml;0,23;Active;0;Mid-Market
14078;BabySoft Pieluchy Rozmiar 4 60 szt.;BabySoft;Dziecko;Pieluchy;0;63,62;47,71;szt.;0,23;Active;0;Premium
14079;Aura Care Stylizacja Nawilżająca 400ml;Aura Care;Włosy;Stylizacja;1;25,87;9,05;400ml;0,23;Active;1;Economy
14080;Aura Care Szampon Do farbowanych 250ml;Aura Care;Włosy;Szampony;1;22,87;8,0;250ml;0,23;Active;1;Economy
14081;LumiSkin Krem na noc Przeciwzmarszczkowy 30ml;LumiSkin;Pielęgnacja twarzy;Kremy na noc;0;86,52;38,93;30ml;0,23;Active;0;Mid-Market
14082;HealthSpark Minerały Magnez + B6 60 kaps.;HealthSpark;Suplementy i Zdrowie;Minerały;0;93,32;51,33;kaps.;0,08;Phase-Out;0;Premium
14083;ColorAura Usta Matujący 8ml;ColorAura;Makijaż;Usta;0;51,17;20,47;8ml;0,23;Active;0;Economy
14084;HealthSpark Odporność Magnez + B6 30 kaps.;HealthSpark;Suplementy i Zdrowie;Odporność;0;44,9;24,7;kaps.;0,08;Active;0;Mid-Market
14085;BotanicaPro Szampon Przeciwłupieżowy 500ml;BotanicaPro;Włosy;Szampony;0;21,39;11,76;500ml;0,23;Phase-Out;0;Economy
14086;Aura Care Stylizacja Do farbowanych 500ml;Aura Care;Włosy;Stylizacja;1;39,0;13,65;500ml;0,23;Active;1;Mid-Market
14087;VitaCore Minerały C 1000mg 60 kaps.;VitaCore;Suplementy i Zdrowie;Minerały;0;85,25;46,89;kaps.;0,08;Active;0;Premium
14088;DermaGlow Krem na dzień Matujący 150ml;DermaGlow;Pielęgnacja twarzy;Kremy na dzień;0;39,49;17,77;150ml;0,23;Active;1;Economy
14089;Aura Kids Chusteczki Nawilżane 40 szt.;Aura Kids;Dziecko;Chusteczki;1;46,87;28,12;szt.;0,23;Active;0;Mid-Market
14090;Aura Care Odżywki Odbudowujący 250ml;Aura Care;Włosy;Odżywki;1;13,7;4,79;250ml;0,23;Active;1;Economy
14091;NoirElegance Mgiełki Intense 50ml;NoirElegance;Perfumy;Mgiełki;0;273,3;95,66;50ml;0,23;Active;0;Mid-Market
14092;Veluria Żele do mycia Matujący 150ml;Veluria;Pielęgnacja twarzy;Żele do mycia;0;48,74;21,93;150ml;0,23;Active;0;Economy
14093;BotanicaPro Stylizacja Do farbowanych 500ml;BotanicaPro;Włosy;Stylizacja;0;27,2;14,96;500ml;0,23;Active;1;Economy
14094;VigorHair Stylizacja Przeciwłupieżowy 250ml;VigorHair;Włosy;Stylizacja;0;47,76;26,27;250ml;0,23;Discontinued;0;Mid-Market
14095;BotanicaPro Odżywki Odbudowujący 400ml;BotanicaPro;Włosy;Odżywki;0;34,38;18,91;400ml;0,23;Discontinued;0;Mid-Market
14096;VisagePro Twarz Matujący 8ml;VisagePro;Makijaż;Twarz;0;146,52;58,61;8ml;0,23;Active;0;Premium
14097;Herbix Maski Do farbowanych 500ml;Herbix;Włosy;Maski;0;44,98;24,74;500ml;0,23;Active;1;Mid-Market
14098;Aura Kids Chusteczki Sensitive 500ml;Aura Kids;Dziecko;Chusteczki;1;32,11;19,27;500ml;0,23;Phase-Out;0;Economy
14099;Herbix Maski Odbudowujący 250ml;Herbix;Włosy;Maski;0;35,29;19,41;250ml;0,23;Active;1;Mid-Market
14100;Aura Care Żele do mycia Przeciwzmarszczkowy 30ml;Aura Care;Pielęgnacja twarzy;Żele do mycia;1;18,33;4,58;30ml;0,23;Active;1;Economy
14101;PureBotanica Sera Przeciwzmarszczkowy 30ml;PureBotanica;Pielęgnacja twarzy;Sera;0;92,37;41,57;30ml;0,23;Active;1;Premium
14102;TinyJoy Chusteczki Sensitive 500ml;TinyJoy;Dziecko;Chusteczki;0;31,59;23,69;500ml;0,23;Active;0;Economy
14103;LumiSkin Żele do mycia Matujący 50ml;LumiSkin;Pielęgnacja twarzy;Żele do mycia;0;91,44;41,15;50ml;0,23;Active;0;Mid-Market
14104;BabySoft Pieluchy Rozmiar 4 60 szt.;BabySoft;Dziecko;Pieluchy;0;55,76;41,82;szt.;0,23;Active;0;Premium
14105;Aura Kids Pieluchy Rozmiar 4 40 szt.;Aura Kids;Dziecko;Pieluchy;1;45,11;27,07;szt.;0,23;Active;1;Mid-Market
14106;PureCare Płyny i żele Normal 200ml;PureCare;Higiena intymna;Płyny i żele;0;10,24;6,66;200ml;0,23;Active;1;Economy
14107;TinyJoy Pieluchy Rozmiar 3 500ml;TinyJoy;Dziecko;Pieluchy;0;35,17;26,38;500ml;0,23;Active;0;Economy
14108;LumiSkin Sera Z witaminą C 30ml;LumiSkin;Pielęgnacja twarzy;Sera;0;54,68;24,61;30ml;0,23;Active;0;Mid-Market
14109;Herbix Szampon Do farbowanych 250ml;Herbix;Włosy;Szampony;0;70,89;38,99;250ml;0,23;Discontinued;1;Premium
14110;LumiSkin Krem na noc Matujący 150ml;LumiSkin;Pielęgnacja twarzy;Kremy na noc;0;25,81;11,61;150ml;0,23;Active;0;Economy
14111;FreshGlow Płyny i żele Normal 200ml;FreshGlow;Higiena intymna;Płyny i żele;0;22,12;14,38;200ml;0,23;Active;1;Premium
14112;DermaGlow Sera Nawilżający 50ml;DermaGlow;Pielęgnacja twarzy;Sera;0;93,69;42,16;50ml;0,23;Discontinued;0;Premium
14113;VigorHair Maski Do farbowanych 500ml;VigorHair;Włosy;Maski;0;77,43;42,59;500ml;0,23;Active;0;Premium
14114;SilkMane Odżywki Do farbowanych 500ml;SilkMane;Włosy;Odżywki;0;39,26;21,59;500ml;0,23;Active;0;Mid-Market
14115;Aura Kids Kosmetyki Rozmiar 4 500ml;Aura Kids;Dziecko;Kosmetyki;1;28,33;17,0;500ml;0,23;Active;0;Economy
14116;Aura Care Sera Matujący 30ml;Aura Care;Pielęgnacja twarzy;Sera;1;78,61;19,65;30ml;0,23;Active;1;Mid-Market
14117;Aura Basic Podpaski Super 20 szt.;Aura Basic;Higiena intymna;Podpaski;1;12,47;5,61;szt.;0,23;Active;0;Economy
14118;HealthSpark Odporność D3 2000 j.m. 90 kaps.;HealthSpark;Suplementy i Zdrowie;Odporność;0;18,66;10,26;kaps.;0,08;Active;0;Economy
14119;Veluria Sera Nawilżający 30ml;Veluria;Pielęgnacja twarzy;Sera;0;25,33;11,4;30ml;0,23;Active;0;Economy
14120;Herbix Maski Do farbowanych 250ml;Herbix;Włosy;Maski;0;65,98;36,29;250ml;0,23;Active;1;Premium
14121;Aura Care Krem na noc Matujący 30ml;Aura Care;Pielęgnacja twarzy;Kremy na noc;1;25,99;6,5;30ml;0,23;Active;1;Economy
14122;PureTots Chusteczki Rozmiar 4 60 szt.;PureTots;Dziecko;Chusteczki;0;50,77;38,08;szt.;0,23;Active;0;Mid-Market
14123;Veluria Krem na dzień Z witaminą C 150ml;Veluria;Pielęgnacja twarzy;Kremy na dzień;0;120,91;54,41;150ml;0,23;Phase-Out;0;Premium
14124;Veluria Żele do mycia Z witaminą C 30ml;Veluria;Pielęgnacja twarzy;Żele do mycia;0;93,47;42,06;30ml;0,23;Active;0;Premium
14125;DermaGlow Żele do mycia Przeciwzmarszczkowy 50ml;DermaGlow;Pielęgnacja twarzy;Żele do mycia;0;22,34;10,05;50ml;0,23;Active;0;Economy
14126;Aura Care Stylizacja Do farbowanych 250ml;Aura Care;Włosy;Stylizacja;1;46,67;16,33;250ml;0,23;Active;1;Mid-Market
14127;Aura Beauty Usta Long-lasting 8ml;Aura Beauty;Makijaż;Usta;1;48,31;9,66;8ml;0,23;Active;0;Economy
14128;Aura Care Odporność Forte 30 kaps.;Aura Care;Suplementy i Zdrowie;Odporność;1;81,76;24,53;kaps.;0,08;Active;1;Premium
14129;SoftTouch Płyny i żele Kojący 200ml;SoftTouch;Higiena intymna;Płyny i żele;0;7,95;5,17;200ml;0,23;Active;0;Economy
14130;Veluria Krem na noc Przeciwzmarszczkowy 150ml;Veluria;Pielęgnacja twarzy;Kremy na noc;0;55,65;25,04;150ml;0,23;Active;0;Mid-Market
14131;BotanicaPro Maski Odbudowujący 250ml;BotanicaPro;Włosy;Maski;0;74,47;40,96;250ml;0,23;Active;0;Premium
14132;Herbix Szampon Odbudowujący 500ml;Herbix;Włosy;Szampony;0;21,94;12,07;500ml;0,23;Active;1;Economy
14133;SoftTouch Wkładki Super 200ml;SoftTouch;Higiena intymna;Wkładki;0;15,75;10,24;200ml;0,23;Active;0;Mid-Market
14134;ColorAura Twarz Rozświetlający 15g;ColorAura;Makijaż;Twarz;0;160,74;64,3;15g;0,23;Active;0;Premium
14135;Aura Care Maski Nawilżająca 400ml;Aura Care;Włosy;Maski;1;34,88;12,21;400ml;0,23;Active;1;Mid-Market
14136;DermaGlow Żele do mycia Przeciwzmarszczkowy 30ml;DermaGlow;Pielęgnacja twarzy;Żele do mycia;0;102,26;46,02;30ml;0,23;Active;0;Premium
14137;SilkMane Stylizacja Przeciwłupieżowy 250ml;SilkMane;Włosy;Stylizacja;0;39,53;21,74;250ml;0,23;Discontinued;0;Mid-Market
14138;DermaGlow Krem na noc Matujący 50ml;DermaGlow;Pielęgnacja twarzy;Kremy na noc;0;50,72;22,82;50ml;0,23;Active;0;Economy
14139;DermaGlow Krem na dzień Przeciwzmarszczkowy 150ml;DermaGlow;Pielęgnacja twarzy;Kremy na dzień;0;69,05;31,07;150ml;0,23;Active;0;Mid-Market
14140;FreshGlow Płyny i żele Ochronny 40 szt.;FreshGlow;Higiena intymna;Płyny i żele;0;25,9;16,84;szt.;0,23;Active;0;Premium
14141;Aura Care Odporność Magnez + B6 30 kaps.;Aura Care;Suplementy i Zdrowie;Odporność;1;67,18;20,15;kaps.;0,08;Active;1;Mid-Market
14142;DermaGlow Żele do mycia Nawilżający 150ml;DermaGlow;Pielęgnacja twarzy;Żele do mycia;0;83,66;37,65;150ml;0,23;Active;0;Mid-Market
14143;BotanicaPro Maski Nawilżająca 500ml;BotanicaPro;Włosy;Maski;0;66,66;36,66;500ml;0,23;Active;0;Premium
14144;Aura Care Witaminy D3 2000 j.m. 30 kaps.;Aura Care;Suplementy i Zdrowie;Witaminy;1;46,35;13,91;kaps.;0,08;Active;1;Mid-Market
14145;LumiSkin Żele do mycia Z witaminą C 50ml;LumiSkin;Pielęgnacja twarzy;Żele do mycia;0;46,77;21,05;50ml;0,23;Active;0;Economy
14146;VisagePro Oczy Rozświetlający 8ml;VisagePro;Makijaż;Oczy;0;76,36;30,54;8ml;0,23;Active;0;Mid-Market
14147;ColorAura Twarz Wodoodporny 15g;ColorAura;Makijaż;Twarz;0;68,81;27,52;15g;0,23;Active;0;Economy
14148;VigorHair Stylizacja Przeciwłupieżowy 500ml;VigorHair;Włosy;Stylizacja;0;38,62;21,24;500ml;0,23;Active;0;Mid-Market
14149;Aura Care Sera Przeciwzmarszczkowy 50ml;Aura Care;Pielęgnacja twarzy;Sera;1;39,72;9,93;50ml;0,23;Active;1;Economy
14150;SoftTouch Płyny i żele Super 20 szt.;SoftTouch;Higiena intymna;Płyny i żele;0;9,66;6,28;szt.;0,23;Active;0;Economy
14151;LumiSkin Żele do mycia Z witaminą C 30ml;LumiSkin;Pielęgnacja twarzy;Żele do mycia;0;118,85;53,48;30ml;0,23;Active;0;Premium
14152;Veluria Krem na dzień Nawilżający 30ml;Veluria;Pielęgnacja twarzy;Kremy na dzień;0;125,58;56,51;30ml;0,23;Active;0;Premium
14153;VigorHair Maski Nawilżająca 400ml;VigorHair;Włosy;Maski;0;19,18;10,55;400ml;0,23;Phase-Out;0;Economy
14154;GlamTouch Twarz Rozświetlający 30ml;GlamTouch;Makijaż;Twarz;0;27,44;10,98;30ml;0,23;Active;0;Economy
14155;DermaGlow Sera Matujący 30ml;DermaGlow;Pielęgnacja twarzy;Sera;0;78,49;35,32;30ml;0,23;Active;0;Mid-Market
14156;HealthSpark Minerały D3 2000 j.m. 30 kaps.;HealthSpark;Suplementy i Zdrowie;Minerały;0;24,35;13,39;kaps.;0,08;Active;0;Economy
14157;HealthSpark Witaminy D3 2000 j.m. 90 kaps.;HealthSpark;Suplementy i Zdrowie;Witaminy;0;97,69;53,73;kaps.;0,08;Active;0;Premium
14158;HealthSpark Minerały Forte 60 kaps.;HealthSpark;Suplementy i Zdrowie;Minerały;0;69,93;38,46;kaps.;0,08;Phase-Out;0;Premium
14159;ColorAura Oczy Matujący 15g;ColorAura;Makijaż;Oczy;0;106,14;42,46;15g;0,23;Discontinued;0;Mid-Market
14160;ColorAura Usta Wodoodporny 15g;ColorAura;Makijaż;Usta;0;140,33;56,13;15g;0,23;Active;1;Premium
14161;BotanicaPro Szampon Nawilżająca 400ml;BotanicaPro;Włosy;Szampony;0;26,14;14,38;400ml;0,23;Active;0;Economy
14162;Aura Beauty Usta Rozświetlający 8ml;Aura Beauty;Makijaż;Usta;1;141,54;28,31;8ml;0,23;Active;0;Premium
14163;SoftTouch Płyny i żele Super 200ml;SoftTouch;Higiena intymna;Płyny i żele;0;8,42;5,47;200ml;0,23;Active;0;Economy
14164;PureBotanica Krem na noc Z witaminą C 50ml;PureBotanica;Pielęgnacja twarzy;Kremy na noc;0;42,37;19,07;50ml;0,23;Active;1;Economy
14165;Herbix Maski Nawilżająca 500ml;Herbix;Włosy;Maski;0;26,45;14,55;500ml;0,23;Active;1;Economy
14166;NutriMax Odporność C 1000mg 90 kaps.;NutriMax;Suplementy i Zdrowie;Odporność;0;59,45;32,7;kaps.;0,08;Active;0;Mid-Market
14167;Herbix Stylizacja Do farbowanych 250ml;Herbix;Włosy;Stylizacja;0;45,15;24,83;250ml;0,23;Active;1;Mid-Market
14168;Herbix Stylizacja Przeciwłupieżowy 250ml;Herbix;Włosy;Stylizacja;0;43,53;23,94;250ml;0,23;Active;1;Mid-Market
14169;ColorAura Twarz Matujący 30ml;ColorAura;Makijaż;Twarz;0;128,89;51,56;30ml;0,23;Active;0;Premium
14170;Aura Care Odżywki Przeciwłupieżowy 250ml;Aura Care;Włosy;Odżywki;1;58,71;20,55;250ml;0,23;Active;1;Premium
14171;Veluria Krem na noc Nawilżający 50ml;Veluria;Pielęgnacja twarzy;Kremy na noc;0;110,61;49,77;50ml;0,23;Active;0;Premium
14172;DermaGlow Krem na noc Nawilżający 30ml;DermaGlow;Pielęgnacja twarzy;Kremy na noc;0;83,1;37,39;30ml;0,23;Active;0;Mid-Market
14173;NutriMax Odporność Magnez + B6 30 kaps.;NutriMax;Suplementy i Zdrowie;Odporność;0;92,19;50,7;kaps.;0,08;Active;0;Premium
14174;BotanicaPro Stylizacja Nawilżająca 500ml;BotanicaPro;Włosy;Stylizacja;0;34,73;19,1;500ml;0,23;Active;0;Mid-Market
14175;SoftTouch Podpaski Normal 200ml;SoftTouch;Higiena intymna;Podpaski;0;11,18;7,27;200ml;0,23;Active;0;Economy
14176;VigorHair Szampon Odbudowujący 400ml;VigorHair;Włosy;Szampony;0;16,44;9,04;400ml;0,23;Phase-Out;0;Economy
14177;Aura Beauty Oczy Wodoodporny 15g;Aura Beauty;Makijaż;Oczy;1;25,09;5,02;15g;0,23;Active;0;Economy
14178;VisagePro Twarz Matujący 30ml;VisagePro;Makijaż;Twarz;0;137,21;54,88;30ml;0,23;Active;0;Premium
14179;Herbix Stylizacja Przeciwłupieżowy 250ml;Herbix;Włosy;Stylizacja;0;14,2;7,81;250ml;0,23;Active;1;Economy
14180;VigorHair Odżywki Do farbowanych 500ml;VigorHair;Włosy;Odżywki;0;52,53;28,89;500ml;0,23;Active;0;Mid-Market
14181;NutriMax Witaminy C 1000mg 30 kaps.;NutriMax;Suplementy i Zdrowie;Witaminy;0;92,55;50,9;kaps.;0,08;Active;0;Premium
14182;ColorAura Twarz Rozświetlający 8ml;ColorAura;Makijaż;Twarz;0;128,06;51,22;8ml;0,23;Active;0;Premium
14183;FreshGlow Płyny i żele Ochronny 200ml;FreshGlow;Higiena intymna;Płyny i żele;0;9,64;6,27;200ml;0,23;Active;0;Economy
14184;PureBotanica Sera Nawilżający 150ml;PureBotanica;Pielęgnacja twarzy;Sera;0;49,11;22,1;150ml;0,23;Active;1;Economy
14185;VigorHair Szampon Odbudowujący 250ml;VigorHair;Włosy;Szampony;0;22,34;12,29;250ml;0,23;Active;0;Economy
14186;FreshGlow Płyny i żele Normal 20 szt.;FreshGlow;Higiena intymna;Płyny i żele;0;12,29;7,99;szt.;0,23;Active;0;Economy
14187;Aura Care Szampon Do farbowanych 250ml;Aura Care;Włosy;Szampony;1;36,62;12,82;250ml;0,23;Active;1;Mid-Market
14188;LumiSkin Krem na dzień Przeciwzmarszczkowy 50ml;LumiSkin;Pielęgnacja twarzy;Kremy na dzień;0;79,05;35,57;50ml;0,23;Active;0;Mid-Market
14189;Aura Care Szampon Do farbowanych 500ml;Aura Care;Włosy;Szampony;1;13,95;4,88;500ml;0,23;Active;1;Economy
14190;BotanicaPro Odżywki Nawilżająca 400ml;BotanicaPro;Włosy;Odżywki;0;22,08;12,14;400ml;0,23;Active;0;Economy
14191;FreshGlow Wkładki Normal 40 szt.;FreshGlow;Higiena intymna;Wkładki;0;20,25;13,16;szt.;0,23;Active;0;Premium
14192;GlamTouch Oczy Matujący 15g;GlamTouch;Makijaż;Oczy;0;93,86;37,54;15g;0,23;Active;0;Mid-Market
14193;BotanicaPro Maski Przeciwłupieżowy 500ml;BotanicaPro;Włosy;Maski;0;55,98;30,79;500ml;0,23;Discontinued;0;Premium
14194;HealthSpark Witaminy Forte 90 kaps.;HealthSpark;Suplementy i Zdrowie;Witaminy;0;80,58;44,32;kaps.;0,08;Active;0;Premium
14195;VelvetLine Usta Wodoodporny 8ml;VelvetLine;Makijaż;Usta;0;123,74;49,5;8ml;0,23;Active;1;Premium
14196;BabySoft Pieluchy Rozmiar 4 60 szt.;BabySoft;Dziecko;Pieluchy;0;57,27;42,95;szt.;0,23;Active;0;Premium
14197;SoftTouch Płyny i żele Kojący 40 szt.;SoftTouch;Higiena intymna;Płyny i żele;0;28,06;18,24;szt.;0,23;Active;0;Premium
14198;NutriMax Witaminy Magnez + B6 30 kaps.;NutriMax;Suplementy i Zdrowie;Witaminy;0;56,02;30,81;kaps.;0,08;Active;0;Mid-Market
14199;Herbix Maski Odbudowujący 400ml;Herbix;Włosy;Maski;0;17,62;9,69;400ml;0,23;Active;1;Economy
14200;Aura Care Odżywki Przeciwłupieżowy 500ml;Aura Care;Włosy;Odżywki;1;28,04;9,81;500ml;0,23;Phase-Out;1;Economy
14201;FreshGlow Podpaski Super 40 szt.;FreshGlow;Higiena intymna;Podpaski;0;26,33;17,11;szt.;0,23;Active;0;Premium
14202;Aura Basic Płyny i żele Normal 40 szt.;Aura Basic;Higiena intymna;Płyny i żele;1;22,45;10,1;szt.;0,23;Active;0;Premium
14203;Aura Care Żele do mycia Z witaminą C 50ml;Aura Care;Pielęgnacja twarzy;Żele do mycia;1;110,95;27,74;50ml;0,23;Active;1;Premium
14204;DermaGlow Krem na dzień Nawilżający 150ml;DermaGlow;Pielęgnacja twarzy;Kremy na dzień;0;29,59;13,32;150ml;0,23;Active;0;Economy
14205;Aura Care Witaminy D3 2000 j.m. 90 kaps.;Aura Care;Suplementy i Zdrowie;Witaminy;1;27,99;8,4;kaps.;0,08;Active;1;Economy
14206;HealthSpark Minerały Forte 30 kaps.;HealthSpark;Suplementy i Zdrowie;Minerały;0;73,54;40,45;kaps.;0,08;Active;0;Premium
14207;BotanicaPro Odżywki Nawilżająca 500ml;BotanicaPro;Włosy;Odżywki;0;35,8;19,69;500ml;0,23;Active;0;Mid-Market
14208;LumiSkin Krem na dzień Matujący 150ml;LumiSkin;Pielęgnacja twarzy;Kremy na dzień;0;127,39;57,33;150ml;0,23;Active;0;Premium
14209;PureCare Wkładki Super 40 szt.;PureCare;Higiena intymna;Wkładki;0;12,46;8,1;szt.;0,23;Active;1;Economy
14210;NutriMax Witaminy C 1000mg 30 kaps.;NutriMax;Suplementy i Zdrowie;Witaminy;0;72,5;39,88;kaps.;0,08;Active;0;Premium
14211;SoftTouch Wkładki Normal 40 szt.;SoftTouch;Higiena intymna;Wkładki;0;26,94;17,51;szt.;0,23;Active;0;Premium
14212;Aura Care Żele do mycia Przeciwzmarszczkowy 50ml;Aura Care;Pielęgnacja twarzy;Żele do mycia;1;22,97;5,74;50ml;0,23;Active;1;Economy
14213;PureBotanica Krem na noc Matujący 150ml;PureBotanica;Pielęgnacja twarzy;Kremy na noc;0;83,06;37,38;150ml;0,23;Active;1;Mid-Market
14214;Herbix Szampon Przeciwłupieżowy 500ml;Herbix;Włosy;Szampony;0;76,89;42,29;500ml;0,23;Active;1;Premium
14215;Aura Basic Podpaski Super 200ml;Aura Basic;Higiena intymna;Podpaski;1;16,48;7,42;200ml;0,23;Active;0;Mid-Market
14216;Veluria Krem na dzień Nawilżający 30ml;Veluria;Pielęgnacja twarzy;Kremy na dzień;0;129,46;58,26;30ml;0,23;Active;0;Premium
14217;PureCare Płyny i żele Kojący 40 szt.;PureCare;Higiena intymna;Płyny i żele;0;23,32;15,16;szt.;0,23;Active;1;Premium
14218;PureCare Płyny i żele Normal 40 szt.;PureCare;Higiena intymna;Płyny i żele;0;28,77;18,7;szt.;0,23;Active;1;Premium
14219;Herbix Maski Przeciwłupieżowy 500ml;Herbix;Włosy;Maski;0;21,3;11,72;500ml;0,23;Active;1;Economy
14220;Aura Care Krem na noc Z witaminą C 50ml;Aura Care;Pielęgnacja twarzy;Kremy na noc;1;103,64;25,91;50ml;0,23;Active;1;Premium
14221;PureCare Płyny i żele Kojący 200ml;PureCare;Higiena intymna;Płyny i żele;0;29,12;18,93;200ml;0,23;Active;1;Premium
14222;BotanicaPro Maski Do farbowanych 250ml;BotanicaPro;Włosy;Maski;0;71,16;39,14;250ml;0,23;Active;1;Premium
14223;Aura Care Krem na noc Matujący 30ml;Aura Care;Pielęgnacja twarzy;Kremy na noc;1;18,11;4,53;30ml;0,23;Active;1;Economy
14224;LumiSkin Krem na noc Przeciwzmarszczkowy 30ml;LumiSkin;Pielęgnacja twarzy;Kremy na noc;0;100,9;45,41;30ml;0,23;Phase-Out;1;Premium
14225;GlamTouch Oczy Wodoodporny 8ml;GlamTouch;Makijaż;Oczy;0;61,05;24,42;8ml;0,23;Active;0;Economy
14226;TinyJoy Kosmetyki Rozmiar 4 40 szt.;TinyJoy;Dziecko;Kosmetyki;0;74,03;55,52;szt.;0,23;Active;0;Premium
14227;Aura Care Witaminy Magnez + B6 90 kaps.;Aura Care;Suplementy i Zdrowie;Witaminy;1;16,89;5,07;kaps.;0,08;Active;1;Economy
14228;PureTots Kosmetyki Sensitive 500ml;PureTots;Dziecko;Kosmetyki;0;46,0;34,5;500ml;0,23;Active;0;Mid-Market
14229;Aura Basic Podpaski Ochronny 200ml;Aura Basic;Higiena intymna;Podpaski;1;14,16;6,37;200ml;0,23;Active;0;Mid-Market
14230;BotanicaPro Szampon Nawilżająca 500ml;BotanicaPro;Włosy;Szampony;0;56,67;31,17;500ml;0,23;Active;1;Premium
14231;DermaGlow Sera Przeciwzmarszczkowy 150ml;DermaGlow;Pielęgnacja twarzy;Sera;0;85,81;38,61;150ml;0,23;Active;0;Mid-Market
14232;LumiSkin Krem na dzień Z witaminą C 30ml;LumiSkin;Pielęgnacja twarzy;Kremy na dzień;0;109,0;49,05;30ml;0,23;Active;0;Premium
14233;BabySoft Chusteczki Sensitive 40 szt.;BabySoft;Dziecko;Chusteczki;0;77,29;57,97;szt.;0,23;Active;0;Premium
14234;GlamTouch Oczy Wodoodporny 30ml;GlamTouch;Makijaż;Oczy;0;102,57;41,03;30ml;0,23;Active;0;Mid-Market
14235;LumiSkin Sera Nawilżający 30ml;LumiSkin;Pielęgnacja twarzy;Sera;0;65,39;29,43;30ml;0,23;Active;0;Mid-Market
14236;FreshGlow Płyny i żele Kojący 20 szt.;FreshGlow;Higiena intymna;Płyny i żele;0;24,86;16,16;szt.;0,23;Active;0;Premium
14237;SoftTouch Podpaski Ochronny 200ml;SoftTouch;Higiena intymna;Podpaski;0;17,5;11,38;200ml;0,23;Active;1;Mid-Market
14238;Veluria Krem na noc Z witaminą C 30ml;Veluria;Pielęgnacja twarzy;Kremy na noc;0;64,2;28,89;30ml;0,23;Active;1;Mid-Market
14239;Essentia EDT Fresh 30ml;Essentia;Perfumy;EDT;0;154,13;53,95;30ml;0,23;Active;0;Economy
14240;Aura Care Szampon Do farbowanych 500ml;Aura Care;Włosy;Szampony;1;22,92;8,02;500ml;0,23;Active;1;Economy
14241;Herbix Stylizacja Odbudowujący 400ml;Herbix;Włosy;Stylizacja;0;73,52;40,44;400ml;0,23;Active;1;Premium
14242;BabySoft Pieluchy Sensitive 500ml;BabySoft;Dziecko;Pieluchy;0;21,52;16,14;500ml;0,23;Active;0;Economy
14243;PureBotanica Krem na dzień Z witaminą C 150ml;PureBotanica;Pielęgnacja twarzy;Kremy na dzień;0;80,91;36,41;150ml;0,23;Active;1;Mid-Market
14244;Veluria Sera Nawilżający 50ml;Veluria;Pielęgnacja twarzy;Sera;0;39,54;17,79;50ml;0,23;Active;0;Economy
14245;Aura Basic Podpaski Normal 200ml;Aura Basic;Higiena intymna;Podpaski;1;14,47;6,51;200ml;0,23;Active;0;Mid-Market
14246;BotanicaPro Szampon Nawilżająca 400ml;BotanicaPro;Włosy;Szampony;0;68,73;37,8;400ml;0,23;Active;0;Premium
14247;LumiSkin Krem na dzień Przeciwzmarszczkowy 150ml;LumiSkin;Pielęgnacja twarzy;Kremy na dzień;0;117,25;52,76;150ml;0,23;Active;0;Premium
14248;Aura Care Krem na dzień Z witaminą C 150ml;Aura Care;Pielęgnacja twarzy;Kremy na dzień;1;113,88;28,47;150ml;0,23;Discontinued;1;Premium
14249;VisagePro Twarz Long-lasting 8ml;VisagePro;Makijaż;Twarz;0;62,08;24,83;8ml;0,23;Active;0;Economy
14250;Veluria Żele do mycia Matujący 30ml;Veluria;Pielęgnacja twarzy;Żele do mycia;0;42,8;19,26;30ml;0,23;Phase-Out;0;Economy
14251;Aura Care Maski Przeciwłupieżowy 250ml;Aura Care;Włosy;Maski;1;52,63;18,42;250ml;0,23;Active;1;Mid-Market
14252;Aura Care Maski Do farbowanych 400ml;Aura Care;Włosy;Maski;1;27,99;9,8;400ml;0,23;Active;1;Economy
14253;Aura Kids Pieluchy Sensitive 500ml;Aura Kids;Dziecko;Pieluchy;1;55,46;33,28;500ml;0,23;Active;1;Premium
14254;Aura Care Sera Matujący 50ml;Aura Care;Pielęgnacja twarzy;Sera;1;69,37;17,34;50ml;0,23;Active;1;Mid-Market
14255;BotanicaPro Odżywki Nawilżająca 400ml;BotanicaPro;Włosy;Odżywki;0;24,79;13,63;400ml;0,23;Active;1;Economy
14256;PureCare Podpaski Super 20 szt.;PureCare;Higiena intymna;Podpaski;0;14,8;9,62;szt.;0,23;Phase-Out;1;Mid-Market
14257;PureBotanica Krem na noc Przeciwzmarszczkowy 150ml;PureBotanica;Pielęgnacja twarzy;Kremy na noc;0;113,97;51,29;150ml;0,23;Active;1;Premium
14258;NutriMax Witaminy C 1000mg 90 kaps.;NutriMax;Suplementy i Zdrowie;Witaminy;0;64,35;35,39;kaps.;0,08;Active;0;Mid-Market
14259;Aura Care Odżywki Przeciwłupieżowy 500ml;Aura Care;Włosy;Odżywki;1;60,64;21,22;500ml;0,23;Active;1;Premium
14260;PureTots Chusteczki Rozmiar 4 500ml;PureTots;Dziecko;Chusteczki;0;63,04;47,28;500ml;0,23;Active;0;Premium
14261;Veluria Żele do mycia Z witaminą C 50ml;Veluria;Pielęgnacja twarzy;Żele do mycia;0;84,98;38,24;50ml;0,23;Active;1;Mid-Market
14262;Aura Basic Wkładki Kojący 20 szt.;Aura Basic;Higiena intymna;Wkładki;1;20,25;9,11;szt.;0,23;Active;0;Premium
14263;FreshGlow Płyny i żele Normal 200ml;FreshGlow;Higiena intymna;Płyny i żele;0;15,17;9,86;200ml;0,23;Active;0;Mid-Market
14264;GlamTouch Twarz Matujący 30ml;GlamTouch;Makijaż;Twarz;0;158,46;63,38;30ml;0,23;Active;1;Premium
14265;SoftTouch Podpaski Normal 200ml;SoftTouch;Higiena intymna;Podpaski;0;27,84;18,1;200ml;0,23;Active;0;Premium
14266;Herbix Maski Do farbowanych 400ml;Herbix;Włosy;Maski;0;29,79;16,38;400ml;0,23;Active;1;Economy
14267;VigorHair Szampon Odbudowujący 500ml;VigorHair;Włosy;Szampony;0;68,05;37,43;500ml;0,23;Active;0;Premium
14268;VisagePro Twarz Wodoodporny 15g;VisagePro;Makijaż;Twarz;0;58,38;23,35;15g;0,23;Active;0;Economy
14269;PureCare Płyny i żele Super 40 szt.;PureCare;Higiena intymna;Płyny i żele;0;28,72;18,67;szt.;0,23;Active;1;Premium
14270;Veluria Żele do mycia Nawilżający 150ml;Veluria;Pielęgnacja twarzy;Żele do mycia;0;75,52;33,98;150ml;0,23;Active;0;Mid-Market
14271;Aura Care Sera Przeciwzmarszczkowy 50ml;Aura Care;Pielęgnacja twarzy;Sera;1;14,48;3,62;50ml;0,23;Active;1;Economy
14272;VitaCore Odporność Forte 90 kaps.;VitaCore;Suplementy i Zdrowie;Odporność;0;71,61;39,39;kaps.;0,08;Discontinued;1;Premium
14273;Aura Care Żele do mycia Przeciwzmarszczkowy 150ml;Aura Care;Pielęgnacja twarzy;Żele do mycia;1;89,74;22,43;150ml;0,23;Discontinued;1;Mid-Market
14274;DermaGlow Krem na noc Z witaminą C 50ml;DermaGlow;Pielęgnacja twarzy;Kremy na noc;0;122,28;55,03;50ml;0,23;Active;0;Premium
14275;PureCare Wkładki Ochronny 20 szt.;PureCare;Higiena intymna;Wkładki;0;26,13;16,98;szt.;0,23;Active;1;Premium
14276;PureCare Płyny i żele Kojący 20 szt.;PureCare;Higiena intymna;Płyny i żele;0;16,03;10,42;szt.;0,23;Active;1;Mid-Market
14277;Aura Care Sera Nawilżający 30ml;Aura Care;Pielęgnacja twarzy;Sera;1;41,83;10,46;30ml;0,23;Active;1;Economy
14278;ColorAura Usta Matujący 30ml;ColorAura;Makijaż;Usta;0;57,02;22,81;30ml;0,23;Active;0;Economy
14279;FreshGlow Podpaski Super 40 szt.;FreshGlow;Higiena intymna;Podpaski;0;17,78;11,56;szt.;0,23;Active;0;Mid-Market
14280;Herbix Maski Przeciwłupieżowy 250ml;Herbix;Włosy;Maski;0;37,49;20,62;250ml;0,23;Active;1;Mid-Market
14281;FreshGlow Podpaski Super 200ml;FreshGlow;Higiena intymna;Podpaski;0;7,46;4,85;200ml;0,23;Phase-Out;0;Economy
14282;DermaGlow Żele do mycia Matujący 150ml;DermaGlow;Pielęgnacja twarzy;Żele do mycia;0;52,19;23,49;150ml;0,23;Active;0;Economy
14283;Herbix Odżywki Do farbowanych 250ml;Herbix;Włosy;Odżywki;0;20,92;11,51;250ml;0,23;Active;1;Economy
14284;SilkMane Maski Odbudowujący 250ml;SilkMane;Włosy;Maski;0;42,43;23,34;250ml;0,23;Active;0;Mid-Market
14285;SoftTouch Wkładki Normal 20 szt.;SoftTouch;Higiena intymna;Wkładki;0;19,76;12,84;szt.;0,23;Active;0;Mid-Market
14286;Aura Care Odżywki Nawilżająca 500ml;Aura Care;Włosy;Odżywki;1;54,18;18,96;500ml;0,23;Phase-Out;1;Mid-Market
14287;NutriMax Minerały C 1000mg 60 kaps.;NutriMax;Suplementy i Zdrowie;Minerały;0;61,2;33,66;kaps.;0,08;Active;0;Mid-Market
14288;SilkMane Szampon Odbudowujący 250ml;SilkMane;Włosy;Szampony;0;47,3;26,02;250ml;0,23;Discontinued;0;Mid-Market
14289;SilkMane Odżywki Nawilżająca 400ml;SilkMane;Włosy;Odżywki;0;26,87;14,78;400ml;0,23;Active;0;Economy
14290;VigorHair Maski Przeciwłupieżowy 500ml;VigorHair;Włosy;Maski;0;59,42;32,68;500ml;0,23;Active;0;Premium
14291;Aura Beauty Usta Wodoodporny 15g;Aura Beauty;Makijaż;Usta;1;118,75;23,75;15g;0,23;Active;0;Premium
14292;VisagePro Usta Matujący 15g;VisagePro;Makijaż;Usta;0;163,8;65,52;15g;0,23;Active;0;Premium
14293;VitaCore Odporność Magnez + B6 90 kaps.;VitaCore;Suplementy i Zdrowie;Odporność;0;57,74;31,76;kaps.;0,08;Active;0;Mid-Market
14294;FreshGlow Podpaski Ochronny 20 szt.;FreshGlow;Higiena intymna;Podpaski;0;22,05;14,33;szt.;0,23;Active;0;Premium
14295;SilkMane Szampon Do farbowanych 250ml;SilkMane;Włosy;Szampony;0;30,06;16,53;250ml;0,23;Active;0;Economy
14296;PureCare Wkładki Normal 20 szt.;PureCare;Higiena intymna;Wkładki;0;23,5;15,28;szt.;0,23;Active;1;Premium
14297;LumiSkin Krem na dzień Nawilżający 50ml;LumiSkin;Pielęgnacja twarzy;Kremy na dzień;0;37,35;16,81;50ml;0,23;Active;0;Economy
14298;PureCare Płyny i żele Normal 40 szt.;PureCare;Higiena intymna;Płyny i żele;0;10,26;6,67;szt.;0,23;Discontinued;1;Economy
14299;PureBotanica Krem na dzień Matujący 150ml;PureBotanica;Pielęgnacja twarzy;Kremy na dzień;0;105,19;47,34;150ml;0,23;Active;1;Premium
14300;VisagePro Twarz Long-lasting 15g;VisagePro;Makijaż;Twarz;0;65,66;26,26;15g;0,23;Active;0;Economy
14301;BotanicaPro Szampon Nawilżająca 250ml;BotanicaPro;Włosy;Szampony;0;46,52;25,59;250ml;0,23;Active;0;Mid-Market
14302;BabySoft Kosmetyki Sensitive 40 szt.;BabySoft;Dziecko;Kosmetyki;0;44,37;33,28;szt.;0,23;Active;0;Mid-Market
14303;Herbix Szampon Do farbowanych 400ml;Herbix;Włosy;Szampony;0;39,94;21,97;400ml;0,23;Active;1;Mid-Market
14304;ColorAura Usta Long-lasting 30ml;ColorAura;Makijaż;Usta;0;84,18;33,67;30ml;0,23;Active;0;Mid-Market
14305;Aura Care Odżywki Przeciwłupieżowy 250ml;Aura Care;Włosy;Odżywki;1;59,21;20,72;250ml;0,23;Active;1;Premium
14306;SoftTouch Płyny i żele Ochronny 20 szt.;SoftTouch;Higiena intymna;Płyny i żele;0;18,73;12,17;szt.;0,23;Active;0;Mid-Market
14307;TinyJoy Pieluchy Nawilżane 40 szt.;TinyJoy;Dziecko;Pieluchy;0;66,37;49,78;szt.;0,23;Phase-Out;0;Premium
14308;Herbix Szampon Do farbowanych 500ml;Herbix;Włosy;Szampony;0;34,72;19,1;500ml;0,23;Active;1;Mid-Market
14309;Aura Beauty Oczy Rozświetlający 8ml;Aura Beauty;Makijaż;Oczy;1;97,43;19,49;8ml;0,23;Active;0;Mid-Market
14310;BotanicaPro Stylizacja Do farbowanych 500ml;BotanicaPro;Włosy;Stylizacja;0;69,45;38,2;500ml;0,23;Active;0;Premium
14311;ColorAura Oczy Wodoodporny 8ml;ColorAura;Makijaż;Oczy;0;91,71;36,68;8ml;0,23;Active;0;Mid-Market
14312;VigorHair Stylizacja Przeciwłupieżowy 400ml;VigorHair;Włosy;Stylizacja;0;28,33;15,58;400ml;0,23;Active;0;Economy
14313;Aura Kids Chusteczki Rozmiar 3 40 szt.;Aura Kids;Dziecko;Chusteczki;1;58,23;34,94;szt.;0,23;Active;0;Premium
14314;FreshGlow Podpaski Normal 20 szt.;FreshGlow;Higiena intymna;Podpaski;0;27,01;17,56;szt.;0,23;Active;1;Premium
14315;VisagePro Usta Rozświetlający 30ml;VisagePro;Makijaż;Usta;0;112,64;45,06;30ml;0,23;Active;0;Mid-Market
14316;Aura Kids Chusteczki Nawilżane 40 szt.;Aura Kids;Dziecko;Chusteczki;1;49,9;29,94;szt.;0,23;Active;0;Mid-Market
14317;Aura Basic Wkładki Ochronny 200ml;Aura Basic;Higiena intymna;Wkładki;1;19,3;8,68;200ml;0,23;Active;0;Mid-Market
14318;SoftTouch Płyny i żele Super 40 szt.;SoftTouch;Higiena intymna;Płyny i żele;0;11,56;7,51;szt.;0,23;Phase-Out;1;Economy
14319;GlamTouch Twarz Matujący 8ml;GlamTouch;Makijaż;Twarz;0;171,75;68,7;8ml;0,23;Active;0;Premium
14320;PureCare Płyny i żele Super 20 szt.;PureCare;Higiena intymna;Płyny i żele;0;25,38;16,5;szt.;0,23;Active;1;Premium
14321;Aura Care Maski Do farbowanych 400ml;Aura Care;Włosy;Maski;1;30,09;10,53;400ml;0,23;Active;1;Economy
14322;FreshGlow Wkładki Kojący 40 szt.;FreshGlow;Higiena intymna;Wkładki;0;26,47;17,21;szt.;0,23;Active;0;Premium
14323;Veluria Sera Matujący 150ml;Veluria;Pielęgnacja twarzy;Sera;0;17,36;7,81;150ml;0,23;Active;0;Economy
14324;Aura Care Szampon Odbudowujący 500ml;Aura Care;Włosy;Szampony;1;24,08;8,43;500ml;0,23;Active;1;Economy
14325;Herbix Maski Nawilżająca 250ml;Herbix;Włosy;Maski;0;15,56;8,56;250ml;0,23;Active;1;Economy
14326;VigorHair Stylizacja Przeciwłupieżowy 250ml;VigorHair;Włosy;Stylizacja;0;54,91;30,2;250ml;0,23;Active;1;Mid-Market
14327;Aura Care Szampon Do farbowanych 400ml;Aura Care;Włosy;Szampony;1;14,81;5,18;400ml;0,23;Active;1;Economy
14328;BotanicaPro Szampon Przeciwłupieżowy 250ml;BotanicaPro;Włosy;Szampony;0;22,18;12,2;250ml;0,23;Active;0;Economy
14329;NutriMax Minerały Magnez + B6 90 kaps.;NutriMax;Suplementy i Zdrowie;Minerały;0;43,39;23,86;kaps.;0,08;Phase-Out;0;Mid-Market
14330;PureTots Chusteczki Rozmiar 4 40 szt.;PureTots;Dziecko;Chusteczki;0;13,32;9,99;szt.;0,23;Phase-Out;1;Economy
14331;Aura Beauty Oczy Matujący 30ml;Aura Beauty;Makijaż;Oczy;1;29,86;5,97;30ml;0,23;Active;0;Economy
14332;DermaGlow Żele do mycia Z witaminą C 30ml;DermaGlow;Pielęgnacja twarzy;Żele do mycia;0;112,78;50,75;30ml;0,23;Active;0;Premium
14333;PureBotanica Krem na noc Przeciwzmarszczkowy 30ml;PureBotanica;Pielęgnacja twarzy;Kremy na noc;0;51,27;23,07;30ml;0,23;Active;1;Economy
14334;SoftTouch Podpaski Kojący 20 szt.;SoftTouch;Higiena intymna;Podpaski;0;8,68;5,64;szt.;0,23;Active;0;Economy
14335;Aura Care Maski Odbudowujący 400ml;Aura Care;Włosy;Maski;1;51,99;18,2;400ml;0,23;Active;1;Mid-Market
14336;Aura Care Krem na dzień Przeciwzmarszczkowy 30ml;Aura Care;Pielęgnacja twarzy;Kremy na dzień;1;42,8;10,7;30ml;0,23;Phase-Out;1;Economy
14337;PureTots Kosmetyki Rozmiar 4 60 szt.;PureTots;Dziecko;Kosmetyki;0;75,05;56,29;szt.;0,23;Active;0;Premium
14338;FreshGlow Płyny i żele Kojący 20 szt.;FreshGlow;Higiena intymna;Płyny i żele;0;24,13;15,68;szt.;0,23;Active;0;Premium
14339;VitaCore Witaminy Magnez + B6 30 kaps.;VitaCore;Suplementy i Zdrowie;Witaminy;0;97,67;53,72;kaps.;0,08;Discontinued;0;Premium
14340;SilkMane Maski Odbudowujący 250ml;SilkMane;Włosy;Maski;0;44,05;24,23;250ml;0,23;Active;1;Mid-Market
14341;LumiSkin Sera Z witaminą C 30ml;LumiSkin;Pielęgnacja twarzy;Sera;0;129,22;58,15;30ml;0,23;Active;0;Premium
14342;Aura Care Odporność C 1000mg 30 kaps.;Aura Care;Suplementy i Zdrowie;Odporność;1;25,14;7,54;kaps.;0,08;Active;1;Economy
14343;Aura Beauty Twarz Matujący 15g;Aura Beauty;Makijaż;Twarz;1;108,32;21,66;15g;0,23;Discontinued;1;Mid-Market
14344;PureBotanica Krem na dzień Przeciwzmarszczkowy 150ml;PureBotanica;Pielęgnacja twarzy;Kremy na dzień;0;25,56;11,5;150ml;0,23;Phase-Out;1;Economy
14345;PureCare Podpaski Kojący 20 szt.;PureCare;Higiena intymna;Podpaski;0;8,77;5,7;szt.;0,23;Phase-Out;1;Economy
14346;GlamTouch Oczy Long-lasting 8ml;GlamTouch;Makijaż;Oczy;0;102,93;41,17;8ml;0,23;Active;0;Mid-Market
14347;VelvetLine Oczy Rozświetlający 15g;VelvetLine;Makijaż;Oczy;0;135,78;54,31;15g;0,23;Active;0;Premium
14348;Aura Basic Podpaski Super 20 szt.;Aura Basic;Higiena intymna;Podpaski;1;23,1;10,39;szt.;0,23;Active;1;Premium
14349;SoftTouch Wkładki Kojący 200ml;SoftTouch;Higiena intymna;Wkładki;0;19,65;12,77;200ml;0,23;Active;1;Mid-Market
14350;Veluria Krem na dzień Nawilżający 30ml;Veluria;Pielęgnacja twarzy;Kremy na dzień;0;56,6;25,47;30ml;0,23;Phase-Out;0;Mid-Market
14351;Veluria Sera Nawilżający 30ml;Veluria;Pielęgnacja twarzy;Sera;0;53,89;24,25;30ml;0,23;Active;0;Mid-Market
14352;Aura Kids Chusteczki Rozmiar 4 500ml;Aura Kids;Dziecko;Chusteczki;1;60,65;36,39;500ml;0,23;Active;0;Premium
14353;PureBotanica Żele do mycia Nawilżający 30ml;PureBotanica;Pielęgnacja twarzy;Żele do mycia;0;26,3;11,83;30ml;0,23;Active;1;Economy
14354;Veluria Krem na dzień Przeciwzmarszczkowy 150ml;Veluria;Pielęgnacja twarzy;Kremy na dzień;0;26,58;11,96;150ml;0,23;Active;0;Economy
14355;VisagePro Oczy Matujący 15g;VisagePro;Makijaż;Oczy;0;41,16;16,46;15g;0,23;Active;0;Economy
14356;Herbix Szampon Przeciwłupieżowy 250ml;Herbix;Włosy;Szampony;0;16,11;8,86;250ml;0,23;Active;1;Economy
14357;VelvetLine Twarz Wodoodporny 8ml;VelvetLine;Makijaż;Twarz;0;118,63;47,45;8ml;0,23;Active;0;Premium
14358;VigorHair Odżywki Do farbowanych 400ml;VigorHair;Włosy;Odżywki;0;47,75;26,26;400ml;0,23;Active;0;Mid-Market
14359;VitaCore Witaminy C 1000mg 60 kaps.;VitaCore;Suplementy i Zdrowie;Witaminy;0;73,98;40,69;kaps.;0,08;Active;0;Premium
14360;Aura Beauty Twarz Long-lasting 15g;Aura Beauty;Makijaż;Twarz;1;83,97;16,79;15g;0,23;Active;0;Mid-Market
14361;PureTots Pieluchy Nawilżane 40 szt.;PureTots;Dziecko;Pieluchy;0;40,36;30,27;szt.;0,23;Active;0;Mid-Market
14362;ColorAura Oczy Matujący 8ml;ColorAura;Makijaż;Oczy;0;45,73;18,29;8ml;0,23;Active;0;Economy
14363;Aura Beauty Usta Matujący 15g;Aura Beauty;Makijaż;Usta;1;118,63;23,73;15g;0,23;Active;0;Premium
14364;Aura Kids Kosmetyki Nawilżane 60 szt.;Aura Kids;Dziecko;Kosmetyki;1;32,33;19,4;szt.;0,23;Active;0;Economy
14365;Herbix Maski Nawilżająca 500ml;Herbix;Włosy;Maski;0;32,39;17,81;500ml;0,23;Phase-Out;1;Economy
14366;Aura Kids Chusteczki Sensitive 500ml;Aura Kids;Dziecko;Chusteczki;1;18,3;10,98;500ml;0,23;Active;0;Economy
14367;FreshGlow Płyny i żele Normal 200ml;FreshGlow;Higiena intymna;Płyny i żele;0;7,28;4,73;200ml;0,23;Active;0;Economy
14368;FreshGlow Podpaski Ochronny 40 szt.;FreshGlow;Higiena intymna;Podpaski;0;23,02;14,96;szt.;0,23;Active;0;Premium
14369;VigorHair Odżywki Do farbowanych 250ml;VigorHair;Włosy;Odżywki;0;29,43;16,19;250ml;0,23;Active;0;Economy
14370;ColorAura Oczy Long-lasting 8ml;ColorAura;Makijaż;Oczy;0;147,58;59,03;8ml;0,23;Active;0;Premium
14371;DermaGlow Krem na dzień Z witaminą C 150ml;DermaGlow;Pielęgnacja twarzy;Kremy na dzień;0;128,23;57,7;150ml;0,23;Active;0;Premium
14372;Aura Kids Pieluchy Nawilżane 500ml;Aura Kids;Dziecko;Pieluchy;1;47,92;28,75;500ml;0,23;Active;0;Mid-Market
14373;Aura Beauty Twarz Wodoodporny 30ml;Aura Beauty;Makijaż;Twarz;1;80,81;16,16;30ml;0,23;Active;0;Mid-Market
14374;DermaGlow Krem na dzień Przeciwzmarszczkowy 30ml;DermaGlow;Pielęgnacja twarzy;Kremy na dzień;0;29,55;13,3;30ml;0,23;Active;0;Economy
14375;TinyJoy Chusteczki Rozmiar 3 60 szt.;TinyJoy;Dziecko;Chusteczki;0;80,31;60,23;szt.;0,23;Phase-Out;0;Premium
14376;VitaCore Odporność C 1000mg 90 kaps.;VitaCore;Suplementy i Zdrowie;Odporność;0;97,35;53,54;kaps.;0,08;Active;0;Premium
14377;VisagePro Twarz Wodoodporny 8ml;VisagePro;Makijaż;Twarz;0;28,58;11,43;8ml;0,23;Discontinued;1;Economy
14378;SilkMane Stylizacja Odbudowujący 400ml;SilkMane;Włosy;Stylizacja;0;22,26;12,24;400ml;0,23;Active;0;Economy
14379;HealthSpark Witaminy Magnez + B6 90 kaps.;HealthSpark;Suplementy i Zdrowie;Witaminy;0;39,28;21,6;kaps.;0,08;Active;0;Economy
14380;VelvetLine Usta Rozświetlający 30ml;VelvetLine;Makijaż;Usta;0;68,37;27,35;30ml;0,23;Active;0;Economy
14381;FreshGlow Wkładki Super 40 szt.;FreshGlow;Higiena intymna;Wkładki;0;10,19;6,62;szt.;0,23;Active;0;Economy
14382;Aura Kids Chusteczki Rozmiar 4 500ml;Aura Kids;Dziecko;Chusteczki;1;45,51;27,31;500ml;0,23;Active;0;Mid-Market
14383;VisagePro Usta Wodoodporny 15g;VisagePro;Makijaż;Usta;0;122,75;49,1;15g;0,23;Active;0;Premium
14384;Aura Care Krem na noc Przeciwzmarszczkowy 30ml;Aura Care;Pielęgnacja twarzy;Kremy na noc;1;80,31;20,08;30ml;0,23;Active;1;Mid-Market
14385;LumiSkin Sera Matujący 150ml;LumiSkin;Pielęgnacja twarzy;Sera;0;25,75;11,59;150ml;0,23;Active;0;Economy
14386;VigorHair Odżywki Nawilżająca 400ml;VigorHair;Włosy;Odżywki;0;33,25;18,29;400ml;0,23;Phase-Out;0;Mid-Market
14387;BotanicaPro Odżywki Nawilżająca 500ml;BotanicaPro;Włosy;Odżywki;0;50,15;27,58;500ml;0,23;Active;0;Mid-Market
14388;GlamTouch Oczy Rozświetlający 8ml;GlamTouch;Makijaż;Oczy;0;60,39;24,16;8ml;0,23;Active;0;Economy
14389;Aura Care Maski Odbudowujący 500ml;Aura Care;Włosy;Maski;1;35,48;12,42;500ml;0,23;Discontinued;1;Mid-Market
14390;Aura Care Odżywki Nawilżająca 400ml;Aura Care;Włosy;Odżywki;1;49,39;17,29;400ml;0,23;Active;1;Mid-Market
14391;Veluria Żele do mycia Z witaminą C 30ml;Veluria;Pielęgnacja twarzy;Żele do mycia;0;93,85;42,23;30ml;0,23;Active;0;Premium
14392;BotanicaPro Odżywki Odbudowujący 250ml;BotanicaPro;Włosy;Odżywki;0;19,92;10,96;250ml;0,23;Active;0;Economy
14393;VitaCore Witaminy Magnez + B6 30 kaps.;VitaCore;Suplementy i Zdrowie;Witaminy;0;90,95;50,02;kaps.;0,08;Active;0;Premium
14394;Veluria Sera Nawilżający 150ml;Veluria;Pielęgnacja twarzy;Sera;0;59,26;26,67;150ml;0,23;Active;0;Mid-Market
14395;GlamTouch Oczy Wodoodporny 15g;GlamTouch;Makijaż;Oczy;0;121,67;48,67;15g;0,23;Active;0;Premium
14396;SilkMane Maski Nawilżająca 250ml;SilkMane;Włosy;Maski;0;54,06;29,73;250ml;0,23;Active;0;Mid-Market
14397;GlamTouch Usta Matujący 15g;GlamTouch;Makijaż;Usta;0;84,69;33,88;15g;0,23;Active;0;Mid-Market
14398;PureBotanica Żele do mycia Przeciwzmarszczkowy 30ml;PureBotanica;Pielęgnacja twarzy;Żele do mycia;0;51,5;23,17;30ml;0,23;Phase-Out;1;Economy
14399;PureCare Wkładki Kojący 200ml;PureCare;Higiena intymna;Wkładki;0;20,56;13,36;200ml;0,23;Active;1;Premium
14400;Aura Care Żele do mycia Przeciwzmarszczkowy 50ml;Aura Care;Pielęgnacja twarzy;Żele do mycia;1;27,28;6,82;50ml;0,23;Active;1;Economy
14401;FreshGlow Podpaski Normal 20 szt.;FreshGlow;Higiena intymna;Podpaski;0;9,22;5,99;szt.;0,23;Active;0;Economy
14402;FreshGlow Podpaski Normal 20 szt.;FreshGlow;Higiena intymna;Podpaski;0;23,27;15,13;szt.;0,23;Active;0;Premium
14403;PureCare Podpaski Normal 40 szt.;PureCare;Higiena intymna;Podpaski;0;27,08;17,6;szt.;0,23;Active;1;Premium
14404;LumiSkin Sera Przeciwzmarszczkowy 30ml;LumiSkin;Pielęgnacja twarzy;Sera;0;17,22;7,75;30ml;0,23;Active;0;Economy
14405;HealthSpark Minerały Magnez + B6 90 kaps.;HealthSpark;Suplementy i Zdrowie;Minerały;0;71,65;39,41;kaps.;0,08;Active;0;Premium
14406;PureBotanica Żele do mycia Nawilżający 30ml;PureBotanica;Pielęgnacja twarzy;Żele do mycia;0;86,03;38,71;30ml;0,23;Active;1;Mid-Market
14407;Aura Kids Kosmetyki Rozmiar 3 60 szt.;Aura Kids;Dziecko;Kosmetyki;1;46,81;28,09;szt.;0,23;Phase-Out;0;Mid-Market
14408;Aura Basic Wkładki Kojący 40 szt.;Aura Basic;Higiena intymna;Wkładki;1;10,78;4,85;szt.;0,23;Active;1;Economy
14409;ColorAura Twarz Matujący 8ml;ColorAura;Makijaż;Twarz;0;143,68;57,47;8ml;0,23;Active;0;Premium
14410;Aura Care Odporność C 1000mg 90 kaps.;Aura Care;Suplementy i Zdrowie;Odporność;1;72,73;21,82;kaps.;0,08;Active;1;Premium
14411;NutriMax Minerały Forte 30 kaps.;NutriMax;Suplementy i Zdrowie;Minerały;0;70,18;38,6;kaps.;0,08;Active;0;Premium
14412;SoftTouch Płyny i żele Kojący 20 szt.;SoftTouch;Higiena intymna;Płyny i żele;0;12,38;8,05;szt.;0,23;Active;0;Economy
14413;Aura Care Stylizacja Nawilżająca 500ml;Aura Care;Włosy;Stylizacja;1;42,08;14,73;500ml;0,23;Active;1;Mid-Market
14414;LumiSkin Żele do mycia Z witaminą C 30ml;LumiSkin;Pielęgnacja twarzy;Żele do mycia;0;79,13;35,61;30ml;0,23;Active;1;Mid-Market
14415;Aura Care Stylizacja Do farbowanych 400ml;Aura Care;Włosy;Stylizacja;1;61,88;21,66;400ml;0,23;Active;1;Premium
14416;Herbix Szampon Do farbowanych 500ml;Herbix;Włosy;Szampony;0;24,23;13,33;500ml;0,23;Active;1;Economy
14417;PureCare Wkładki Normal 200ml;PureCare;Higiena intymna;Wkładki;0;13,5;8,78;200ml;0,23;Active;1;Mid-Market
14418;VisagePro Twarz Wodoodporny 30ml;VisagePro;Makijaż;Twarz;0;100,22;40,09;30ml;0,23;Phase-Out;0;Mid-Market
14419;VigorHair Odżywki Nawilżająca 500ml;VigorHair;Włosy;Odżywki;0;70,88;38,98;500ml;0,23;Active;0;Premium
14420;Aura Basic Wkładki Normal 20 szt.;Aura Basic;Higiena intymna;Wkładki;1;21,13;9,51;szt.;0,23;Active;0;Premium
14421;Aura Care Stylizacja Do farbowanych 500ml;Aura Care;Włosy;Stylizacja;1;20,09;7,03;500ml;0,23;Phase-Out;1;Economy
14422;GlamTouch Oczy Rozświetlający 30ml;GlamTouch;Makijaż;Oczy;0;154,67;61,87;30ml;0,23;Active;0;Premium
14423;NutriMax Odporność D3 2000 j.m. 90 kaps.;NutriMax;Suplementy i Zdrowie;Odporność;0;64,42;35,43;kaps.;0,08;Active;0;Mid-Market
14424;GlamTouch Usta Wodoodporny 15g;GlamTouch;Makijaż;Usta;0;58,57;23,43;15g;0,23;Phase-Out;0;Economy
14425;PureCare Wkładki Ochronny 40 szt.;PureCare;Higiena intymna;Wkładki;0;20,5;13,33;szt.;0,23;Active;1;Premium
14426;Aura Care Maski Nawilżająca 500ml;Aura Care;Włosy;Maski;1;33,39;11,69;500ml;0,23;Active;1;Mid-Market
14427;NutriMax Witaminy C 1000mg 60 kaps.;NutriMax;Suplementy i Zdrowie;Witaminy;0;94,65;52,06;kaps.;0,08;Active;1;Premium
14428;BabySoft Pieluchy Sensitive 500ml;BabySoft;Dziecko;Pieluchy;0;42,34;31,76;500ml;0,23;Active;0;Mid-Market
14429;LumiSkin Sera Nawilżający 150ml;LumiSkin;Pielęgnacja twarzy;Sera;0;59,27;26,67;150ml;0,23;Active;0;Mid-Market
14430;SoftTouch Płyny i żele Super 20 szt.;SoftTouch;Higiena intymna;Płyny i żele;0;19,67;12,79;szt.;0,23;Phase-Out;0;Mid-Market
14431;FreshGlow Wkładki Ochronny 200ml;FreshGlow;Higiena intymna;Wkładki;0;20,52;13,34;200ml;0,23;Phase-Out;0;Premium
14432;Aura Care Szampon Do farbowanych 400ml;Aura Care;Włosy;Szampony;1;23,64;8,27;400ml;0,23;Active;1;Economy
14433;SoftTouch Wkładki Super 40 szt.;SoftTouch;Higiena intymna;Wkładki;0;10,25;6,66;szt.;0,23;Active;0;Economy
14434;ColorAura Twarz Rozświetlający 15g;ColorAura;Makijaż;Twarz;0;97,96;39,18;15g;0,23;Discontinued;0;Mid-Market
14435;FreshGlow Podpaski Normal 200ml;FreshGlow;Higiena intymna;Podpaski;0;25,22;16,39;200ml;0,23;Active;0;Premium
14436;ColorAura Usta Rozświetlający 30ml;ColorAura;Makijaż;Usta;0;157,58;63,03;30ml;0,23;Discontinued;0;Premium
14437;Veluria Krem na noc Przeciwzmarszczkowy 150ml;Veluria;Pielęgnacja twarzy;Kremy na noc;0;84,94;38,22;150ml;0,23;Active;0;Mid-Market
14438;DermaGlow Krem na dzień Nawilżający 150ml;DermaGlow;Pielęgnacja twarzy;Kremy na dzień;0;46,95;21,13;150ml;0,23;Active;0;Economy
14439;Aura Beauty Twarz Long-lasting 15g;Aura Beauty;Makijaż;Twarz;1;55,72;11,14;15g;0,23;Active;1;Economy
14440;PureBotanica Sera Nawilżający 50ml;PureBotanica;Pielęgnacja twarzy;Sera;0;105,0;47,25;50ml;0,23;Active;1;Premium
14441;SoftTouch Wkładki Kojący 200ml;SoftTouch;Higiena intymna;Wkładki;0;7,89;5,13;200ml;0,23;Active;1;Economy
14442;Aura Care Krem na noc Z witaminą C 50ml;Aura Care;Pielęgnacja twarzy;Kremy na noc;1;20,15;5,04;50ml;0,23;Active;1;Economy
14443;SilkMane Stylizacja Przeciwłupieżowy 400ml;SilkMane;Włosy;Stylizacja;0;42,37;23,3;400ml;0,23;Active;0;Mid-Market
14444;FreshGlow Podpaski Super 200ml;FreshGlow;Higiena intymna;Podpaski;0;13,3;8,65;200ml;0,23;Active;0;Mid-Market
14445;Aura Care Odporność C 1000mg 90 kaps.;Aura Care;Suplementy i Zdrowie;Odporność;1;72,05;21,62;kaps.;0,08;Active;1;Premium
14446;LumiSkin Sera Matujący 50ml;LumiSkin;Pielęgnacja twarzy;Sera;0;93,17;41,93;50ml;0,23;Active;0;Premium
14447;PureBotanica Krem na dzień Matujący 50ml;PureBotanica;Pielęgnacja twarzy;Kremy na dzień;0;19,17;8,63;50ml;0,23;Active;1;Economy
14448;Veluria Sera Matujący 150ml;Veluria;Pielęgnacja twarzy;Sera;0;97,25;43,76;150ml;0,23;Active;0;Premium
14449;VelvetLine Oczy Matujący 8ml;VelvetLine;Makijaż;Oczy;0;35,76;14,3;8ml;0,23;Active;0;Economy
14450;BotanicaPro Odżywki Odbudowujący 250ml;BotanicaPro;Włosy;Odżywki;0;32,58;17,92;250ml;0,23;Active;0;Economy
14451;Aura Care Witaminy D3 2000 j.m. 30 kaps.;Aura Care;Suplementy i Zdrowie;Witaminy;1;65,1;19,53;kaps.;0,08;Active;1;Mid-Market
14452;Aura Care Odżywki Nawilżająca 400ml;Aura Care;Włosy;Odżywki;1;40,12;14,04;400ml;0,23;Active;1;Mid-Market
14453;DermaGlow Krem na noc Matujący 30ml;DermaGlow;Pielęgnacja twarzy;Kremy na noc;0;60,92;27,41;30ml;0,23;Phase-Out;0;Mid-Market
14454;PureCare Podpaski Normal 20 szt.;PureCare;Higiena intymna;Podpaski;0;14,71;9,56;szt.;0,23;Discontinued;1;Mid-Market
14455;VelvetLine Usta Long-lasting 30ml;VelvetLine;Makijaż;Usta;0;142,32;56,93;30ml;0,23;Active;0;Premium
14456;FreshGlow Wkładki Ochronny 200ml;FreshGlow;Higiena intymna;Wkładki;0;16,96;11,02;200ml;0,23;Active;0;Mid-Market
14457;GlamTouch Oczy Matujący 15g;GlamTouch;Makijaż;Oczy;0;152,47;60,99;15g;0,23;Active;0;Premium
14458;Aura Beauty Usta Wodoodporny 15g;Aura Beauty;Makijaż;Usta;1;111,93;22,39;15g;0,23;Active;0;Mid-Market
14459;Aura Care Witaminy Magnez + B6 30 kaps.;Aura Care;Suplementy i Zdrowie;Witaminy;1;33,25;9,98;kaps.;0,08;Active;1;Economy
14460;Aura Basic Podpaski Kojący 200ml;Aura Basic;Higiena intymna;Podpaski;1;17,78;8,0;200ml;0,23;Active;0;Mid-Market
14461;PureBotanica Żele do mycia Matujący 50ml;PureBotanica;Pielęgnacja twarzy;Żele do mycia;0;105,61;47,52;50ml;0,23;Active;1;Premium
14462;HealthSpark Witaminy Forte 60 kaps.;HealthSpark;Suplementy i Zdrowie;Witaminy;0;77,83;42,81;kaps.;0,08;Phase-Out;0;Premium
14463;VisagePro Twarz Matujący 30ml;VisagePro;Makijaż;Twarz;0;92,47;36,99;30ml;0,23;Active;0;Mid-Market
14464;HealthSpark Odporność Magnez + B6 90 kaps.;HealthSpark;Suplementy i Zdrowie;Odporność;0;30,33;16,68;kaps.;0,08;Active;0;Economy
14465;ColorAura Twarz Long-lasting 15g;ColorAura;Makijaż;Twarz;0;82,13;32,85;15g;0,23;Active;0;Mid-Market
14466;Veluria Żele do mycia Z witaminą C 50ml;Veluria;Pielęgnacja twarzy;Żele do mycia;0;22,21;9,99;50ml;0,23;Active;0;Economy
14467;VigorHair Odżywki Nawilżająca 250ml;VigorHair;Włosy;Odżywki;0;69,51;38,23;250ml;0,23;Active;0;Premium
14468;DermaGlow Żele do mycia Z witaminą C 150ml;DermaGlow;Pielęgnacja twarzy;Żele do mycia;0;37,12;16,7;150ml;0,23;Active;0;Economy
14469;VisagePro Twarz Rozświetlający 15g;VisagePro;Makijaż;Twarz;0;129,03;51,61;15g;0,23;Active;0;Premium
14470;VitaCore Minerały D3 2000 j.m. 30 kaps.;VitaCore;Suplementy i Zdrowie;Minerały;0;85,23;46,88;kaps.;0,08;Active;1;Premium
14471;DermaGlow Żele do mycia Przeciwzmarszczkowy 50ml;DermaGlow;Pielęgnacja twarzy;Żele do mycia;0;38,49;17,32;50ml;0,23;Active;0;Economy
14472;DermaGlow Żele do mycia Matujący 50ml;DermaGlow;Pielęgnacja twarzy;Żele do mycia;0;35,1;15,79;50ml;0,23;Active;0;Economy
14473;Aura Care Odżywki Do farbowanych 400ml;Aura Care;Włosy;Odżywki;1;57,78;20,22;400ml;0,23;Active;1;Premium
14474;NutriMax Witaminy D3 2000 j.m. 30 kaps.;NutriMax;Suplementy i Zdrowie;Witaminy;0;22,2;12,21;kaps.;0,08;Active;0;Economy
14475;BabySoft Pieluchy Nawilżane 60 szt.;BabySoft;Dziecko;Pieluchy;0;42,25;31,69;szt.;0,23;Active;0;Mid-Market
14476;Aura Kids Chusteczki Rozmiar 3 500ml;Aura Kids;Dziecko;Chusteczki;1;44,26;26,56;500ml;0,23;Active;0;Mid-Market
14477;DermaGlow Krem na dzień Nawilżający 50ml;DermaGlow;Pielęgnacja twarzy;Kremy na dzień;0;80,21;36,09;50ml;0,23;Discontinued;1;Mid-Market
14478;BabySoft Pieluchy Rozmiar 3 40 szt.;BabySoft;Dziecko;Pieluchy;0;24,25;18,19;szt.;0,23;Active;0;Economy
14479;SilkMane Stylizacja Odbudowujący 400ml;SilkMane;Włosy;Stylizacja;0;24,38;13,41;400ml;0,23;Active;0;Economy
14480;Herbix Stylizacja Odbudowujący 500ml;Herbix;Włosy;Stylizacja;0;61,82;34,0;500ml;0,23;Active;1;Premium
14481;SoftTouch Wkładki Super 20 szt.;SoftTouch;Higiena intymna;Wkładki;0;10,34;6,72;szt.;0,23;Active;0;Economy
14482;Veluria Krem na dzień Z witaminą C 150ml;Veluria;Pielęgnacja twarzy;Kremy na dzień;0;85,07;38,28;150ml;0,23;Active;0;Mid-Market
14483;Aura Basic Wkładki Ochronny 40 szt.;Aura Basic;Higiena intymna;Wkładki;1;6,13;2,76;szt.;0,23;Active;0;Economy
14484;VelvetLine Usta Long-lasting 15g;VelvetLine;Makijaż;Usta;0;169,84;67,94;15g;0,23;Discontinued;0;Premium
14485;Aura Basic Podpaski Super 200ml;Aura Basic;Higiena intymna;Podpaski;1;17,68;7,96;200ml;0,23;Active;0;Mid-Market
14486;VigorHair Maski Przeciwłupieżowy 500ml;VigorHair;Włosy;Maski;0;65,24;35,88;500ml;0,23;Active;0;Premium
14487;VelvetLine Twarz Long-lasting 8ml;VelvetLine;Makijaż;Twarz;0;37,66;15,06;8ml;0,23;Active;0;Economy
14488;Aura Basic Podpaski Normal 40 szt.;Aura Basic;Higiena intymna;Podpaski;1;22,36;10,06;szt.;0,23;Active;0;Premium
14489;VitaCore Witaminy Forte 90 kaps.;VitaCore;Suplementy i Zdrowie;Witaminy;0;36,26;19,94;kaps.;0,08;Active;1;Economy
14490;BabySoft Kosmetyki Nawilżane 60 szt.;BabySoft;Dziecko;Kosmetyki;0;57,5;43,12;szt.;0,23;Active;1;Premium
14491;Aura Care Stylizacja Przeciwłupieżowy 250ml;Aura Care;Włosy;Stylizacja;1;32,41;11,34;250ml;0,23;Active;1;Economy
14492;Aura Care Krem na noc Nawilżający 50ml;Aura Care;Pielęgnacja twarzy;Kremy na noc;1;36,01;9,0;50ml;0,23;Active;1;Economy
14493;Aura Care Stylizacja Nawilżająca 400ml;Aura Care;Włosy;Stylizacja;1;21,58;7,55;400ml;0,23;Active;1;Economy
14494;GlamTouch Oczy Long-lasting 8ml;GlamTouch;Makijaż;Oczy;0;136,1;54,44;8ml;0,23;Discontinued;0;Premium
14495;DermaGlow Żele do mycia Przeciwzmarszczkowy 30ml;DermaGlow;Pielęgnacja twarzy;Żele do mycia;0;103,12;46,4;30ml;0,23;Active;0;Premium
14496;Aura Kids Chusteczki Rozmiar 4 60 szt.;Aura Kids;Dziecko;Chusteczki;1;37,95;22,77;szt.;0,23;Active;0;Mid-Market
14497;PureTots Chusteczki Nawilżane 500ml;PureTots;Dziecko;Chusteczki;0;18,69;14,02;500ml;0,23;Phase-Out;0;Economy
14498;PureCare Wkładki Kojący 200ml;PureCare;Higiena intymna;Wkładki;0;17,42;11,32;200ml;0,23;Active;1;Mid-Market
14499;BotanicaPro Maski Odbudowujący 400ml;BotanicaPro;Włosy;Maski;0;62,68;34,47;400ml;0,23;Active;1;Premium
14500;VelvetAroma EDP Fresh 50ml;VelvetAroma;Perfumy;EDP;0;103,02;36,06;50ml;0,23;Active;0;Economy
14501;ColorAura Usta Wodoodporny 8ml;ColorAura;Makijaż;Usta;0;31,6;12,64;8ml;0,23;Active;0;Economy
14502;Aura Kids Pieluchy Rozmiar 4 60 szt.;Aura Kids;Dziecko;Pieluchy;1;62,26;37,36;szt.;0,23;Active;0;Premium
14503;Aura Care Sera Z witaminą C 50ml;Aura Care;Pielęgnacja twarzy;Sera;1;65,11;16,28;50ml;0,23;Active;1;Mid-Market
14504;BabySoft Chusteczki Nawilżane 40 szt.;BabySoft;Dziecko;Chusteczki;0;24,89;18,67;szt.;0,23;Active;0;Economy
14505;FreshGlow Podpaski Super 20 szt.;FreshGlow;Higiena intymna;Podpaski;0;14,51;9,43;szt.;0,23;Discontinued;0;Mid-Market
14506;BotanicaPro Odżywki Przeciwłupieżowy 400ml;BotanicaPro;Włosy;Odżywki;0;14,03;7,72;400ml;0,23;Active;0;Economy
14507;DermaGlow Krem na dzień Nawilżający 50ml;DermaGlow;Pielęgnacja twarzy;Kremy na dzień;0;64,11;28,85;50ml;0,23;Active;0;Mid-Market
14508;HealthSpark Witaminy Magnez + B6 30 kaps.;HealthSpark;Suplementy i Zdrowie;Witaminy;0;73,02;40,16;kaps.;0,08;Active;0;Premium
14509;ColorAura Usta Long-lasting 15g;ColorAura;Makijaż;Usta;0;141,88;56,75;15g;0,23;Active;0;Premium
14510;SilkMane Odżywki Do farbowanych 400ml;SilkMane;Włosy;Odżywki;0;45,72;25,15;400ml;0,23;Active;0;Mid-Market
14511;BabySoft Pieluchy Rozmiar 3 500ml;BabySoft;Dziecko;Pieluchy;0;32,25;24,19;500ml;0,23;Active;0;Economy
14512;Aura Basic Wkładki Normal 200ml;Aura Basic;Higiena intymna;Wkładki;1;10,36;4,66;200ml;0,23;Active;0;Economy
14513;SilkMane Maski Przeciwłupieżowy 500ml;SilkMane;Włosy;Maski;0;52,99;29,14;500ml;0,23;Active;0;Mid-Market
14514;BotanicaPro Odżywki Nawilżająca 500ml;BotanicaPro;Włosy;Odżywki;0;81,77;44,97;500ml;0,23;Active;1;Premium
14515;Aura Care Szampon Nawilżająca 500ml;Aura Care;Włosy;Szampony;1;14,56;5,1;500ml;0,23;Phase-Out;1;Economy
14516;Aura Care Maski Nawilżająca 500ml;Aura Care;Włosy;Maski;1;46,8;16,38;500ml;0,23;Phase-Out;1;Mid-Market
14517;Aura Care Odżywki Do farbowanych 400ml;Aura Care;Włosy;Odżywki;1;27,76;9,72;400ml;0,23;Active;1;Economy
14518;PureCare Płyny i żele Ochronny 200ml;PureCare;Higiena intymna;Płyny i żele;0;15,44;10,04;200ml;0,23;Active;1;Mid-Market
14519;BabySoft Kosmetyki Sensitive 500ml;BabySoft;Dziecko;Kosmetyki;0;63,84;47,88;500ml;0,23;Active;0;Premium
14520;SoftTouch Wkładki Ochronny 40 szt.;SoftTouch;Higiena intymna;Wkładki;0;14,89;9,68;szt.;0,23;Active;0;Mid-Market
14521;Aura Care Odporność Magnez + B6 90 kaps.;Aura Care;Suplementy i Zdrowie;Odporność;1;38,21;11,46;kaps.;0,08;Active;1;Economy
14522;GlamTouch Twarz Long-lasting 30ml;GlamTouch;Makijaż;Twarz;0;93,72;37,49;30ml;0,23;Active;0;Mid-Market
14523;LumiSkin Krem na dzień Przeciwzmarszczkowy 50ml;LumiSkin;Pielęgnacja twarzy;Kremy na dzień;0;39,09;17,59;50ml;0,23;Active;1;Economy
14524;Aura Care Krem na noc Matujący 30ml;Aura Care;Pielęgnacja twarzy;Kremy na noc;1;27,32;6,83;30ml;0,23;Active;1;Economy
14525;FreshGlow Podpaski Ochronny 40 szt.;FreshGlow;Higiena intymna;Podpaski;0;14,56;9,46;szt.;0,23;Active;0;Mid-Market
14526;NoirElegance Mgiełki Pour Homme 50ml;NoirElegance;Perfumy;Mgiełki;0;137,52;48,13;50ml;0,23;Active;0;Economy
14527;FreshGlow Podpaski Super 200ml;FreshGlow;Higiena intymna;Podpaski;0;19,64;12,77;200ml;0,23;Active;0;Mid-Market
14528;PureBotanica Krem na noc Matujący 150ml;PureBotanica;Pielęgnacja twarzy;Kremy na noc;0;77,05;34,67;150ml;0,23;Active;1;Mid-Market
14529;Aura Kids Chusteczki Nawilżane 500ml;Aura Kids;Dziecko;Chusteczki;1;33,74;20,24;500ml;0,23;Active;0;Economy
14530;Aura Signatures Mgiełki Intense 100ml;Aura Signatures;Perfumy;Mgiełki;1;147,91;22,19;100ml;0,23;Active;0;Economy
14531;PureTots Chusteczki Sensitive 40 szt.;PureTots;Dziecko;Chusteczki;0;64,34;48,26;szt.;0,23;Active;1;Premium
14532;BabySoft Pieluchy Rozmiar 4 60 szt.;BabySoft;Dziecko;Pieluchy;0;24,18;18,13;szt.;0,23;Active;0;Economy
14533;VitaCore Minerały D3 2000 j.m. 60 kaps.;VitaCore;Suplementy i Zdrowie;Minerały;0;102,33;56,28;kaps.;0,08;Active;0;Premium
14534;Aura Beauty Usta Matujący 15g;Aura Beauty;Makijaż;Usta;1;99,86;19,97;15g;0,23;Active;0;Mid-Market
14535;Aura Care Krem na noc Nawilżający 150ml;Aura Care;Pielęgnacja twarzy;Kremy na noc;1;105,92;26,48;150ml;0,23;Active;1;Premium
14536;SoftTouch Podpaski Normal 20 szt.;SoftTouch;Higiena intymna;Podpaski;0;15,37;9,99;szt.;0,23;Active;0;Mid-Market
14537;Aura Care Odporność D3 2000 j.m. 60 kaps.;Aura Care;Suplementy i Zdrowie;Odporność;1;36,24;10,87;kaps.;0,08;Active;1;Economy
14538;DermaGlow Krem na noc Matujący 30ml;DermaGlow;Pielęgnacja twarzy;Kremy na noc;0;87,81;39,51;30ml;0,23;Active;0;Mid-Market
14539;BotanicaPro Stylizacja Odbudowujący 250ml;BotanicaPro;Włosy;Stylizacja;0;51,63;28,4;250ml;0,23;Active;0;Mid-Market
14540;VitaCore Witaminy C 1000mg 60 kaps.;VitaCore;Suplementy i Zdrowie;Witaminy;0;68,96;37,93;kaps.;0,08;Active;0;Premium
14541;Aura Kids Chusteczki Sensitive 60 szt.;Aura Kids;Dziecko;Chusteczki;1;34,04;20,42;szt.;0,23;Active;0;Economy
14542;Aura Care Odżywki Do farbowanych 500ml;Aura Care;Włosy;Odżywki;1;53,8;18,83;500ml;0,23;Active;1;Mid-Market
14543;Aura Care Krem na noc Matujący 150ml;Aura Care;Pielęgnacja twarzy;Kremy na noc;1;97,19;24,3;150ml;0,23;Active;1;Premium
14544;SoftTouch Podpaski Super 40 szt.;SoftTouch;Higiena intymna;Podpaski;0;22,06;14,34;szt.;0,23;Active;0;Premium
14545;Aura Care Maski Przeciwłupieżowy 250ml;Aura Care;Włosy;Maski;1;13,83;4,84;250ml;0,23;Phase-Out;1;Economy
14546;Veluria Krem na dzień Przeciwzmarszczkowy 30ml;Veluria;Pielęgnacja twarzy;Kremy na dzień;0;132,67;59,7;30ml;0,23;Phase-Out;1;Premium
14547;Aura Care Maski Odbudowujący 250ml;Aura Care;Włosy;Maski;1;47,21;16,52;250ml;0,23;Active;1;Mid-Market
14548;Herbix Odżywki Nawilżająca 250ml;Herbix;Włosy;Odżywki;0;16,34;8,99;250ml;0,23;Active;1;Economy
14549;Veluria Żele do mycia Przeciwzmarszczkowy 150ml;Veluria;Pielęgnacja twarzy;Żele do mycia;0;72,66;32,7;150ml;0,23;Active;0;Mid-Market
14550;VigorHair Maski Odbudowujący 250ml;VigorHair;Włosy;Maski;0;22,8;12,54;250ml;0,23;Active;0;Economy
14551;PureCare Wkładki Normal 200ml;PureCare;Higiena intymna;Wkładki;0;18,72;12,17;200ml;0,23;Active;1;Mid-Market
14552;Aura Care Minerały D3 2000 j.m. 60 kaps.;Aura Care;Suplementy i Zdrowie;Minerały;1;54,35;16,31;kaps.;0,08;Active;1;Mid-Market
14553;NutriMax Odporność Magnez + B6 90 kaps.;NutriMax;Suplementy i Zdrowie;Odporność;0;84,72;46,6;kaps.;0,08;Active;0;Premium
14554;PureBotanica Sera Matujący 50ml;PureBotanica;Pielęgnacja twarzy;Sera;0;104,85;47,18;50ml;0,23;Active;1;Premium
14555;ColorAura Usta Long-lasting 8ml;ColorAura;Makijaż;Usta;0;78,47;31,39;8ml;0,23;Active;0;Mid-Market
14556;FreshGlow Płyny i żele Normal 200ml;FreshGlow;Higiena intymna;Płyny i żele;0;13,16;8,55;200ml;0,23;Active;0;Mid-Market
14557;ScentMaison EDP Fresh 100ml;ScentMaison;Perfumy;EDP;0;436,23;152,68;100ml;0,23;Discontinued;0;Premium
14558;LumiSkin Sera Przeciwzmarszczkowy 150ml;LumiSkin;Pielęgnacja twarzy;Sera;0;62,38;28,07;150ml;0,23;Active;1;Mid-Market
14559;Aura Care Krem na noc Z witaminą C 150ml;Aura Care;Pielęgnacja twarzy;Kremy na noc;1;67,54;16,89;150ml;0,23;Active;1;Mid-Market
14560;Aura Care Stylizacja Przeciwłupieżowy 500ml;Aura Care;Włosy;Stylizacja;1;50,53;17,69;500ml;0,23;Active;1;Mid-Market
14561;SilkMane Maski Przeciwłupieżowy 250ml;SilkMane;Włosy;Maski;0;17,91;9,85;250ml;0,23;Phase-Out;0;Economy
14562;SilkMane Odżywki Nawilżająca 250ml;SilkMane;Włosy;Odżywki;0;67,29;37,01;250ml;0,23;Active;0;Premium
14563;DermaGlow Krem na dzień Z witaminą C 150ml;DermaGlow;Pielęgnacja twarzy;Kremy na dzień;0;117,15;52,72;150ml;0,23;Active;0;Premium
14564;VelvetLine Usta Long-lasting 15g;VelvetLine;Makijaż;Usta;0;63,22;25,29;15g;0,23;Active;0;Economy
14565;VisagePro Oczy Matujący 8ml;VisagePro;Makijaż;Oczy;0;39,38;15,75;8ml;0,23;Active;0;Economy
14566;VelvetLine Twarz Matujący 30ml;VelvetLine;Makijaż;Twarz;0;161,15;64,46;30ml;0,23;Active;1;Premium
14567;Aura Kids Chusteczki Rozmiar 3 40 szt.;Aura Kids;Dziecko;Chusteczki;1;24,18;14,51;szt.;0,23;Active;0;Economy
14568;VelvetLine Twarz Rozświetlający 15g;VelvetLine;Makijaż;Twarz;0;143,18;57,27;15g;0,23;Active;0;Premium
14569;Veluria Krem na dzień Przeciwzmarszczkowy 150ml;Veluria;Pielęgnacja twarzy;Kremy na dzień;0;96,15;43,27;150ml;0,23;Active;0;Premium
14570;Aura Care Witaminy Forte 90 kaps.;Aura Care;Suplementy i Zdrowie;Witaminy;1;45,41;13,62;kaps.;0,08;Active;1;Mid-Market
14571;GlamTouch Usta Long-lasting 15g;GlamTouch;Makijaż;Usta;0;91,29;36,52;15g;0,23;Active;0;Mid-Market
14572;Aura Care Stylizacja Przeciwłupieżowy 250ml;Aura Care;Włosy;Stylizacja;1;53,37;18,68;250ml;0,23;Phase-Out;1;Mid-Market
14573;VelvetLine Oczy Rozświetlający 30ml;VelvetLine;Makijaż;Oczy;0;127,34;50,94;30ml;0,23;Active;0;Premium
14574;PureCare Płyny i żele Kojący 40 szt.;PureCare;Higiena intymna;Płyny i żele;0;16,31;10,6;szt.;0,23;Active;1;Mid-Market
14575;ScentMaison EDP Pour Homme 50ml;ScentMaison;Perfumy;EDP;0;263,86;92,35;50ml;0,23;Active;0;Mid-Market
14576;PureBotanica Krem na noc Matujący 150ml;PureBotanica;Pielęgnacja twarzy;Kremy na noc;0;113,03;50,86;150ml;0,23;Active;1;Premium
14577;Veluria Krem na noc Z witaminą C 50ml;Veluria;Pielęgnacja twarzy;Kremy na noc;0;26,34;11,85;50ml;0,23;Active;0;Economy
14578;PureBotanica Krem na dzień Matujący 30ml;PureBotanica;Pielęgnacja twarzy;Kremy na dzień;0;113,86;51,24;30ml;0,23;Active;1;Premium
14579;Aura Care Krem na noc Przeciwzmarszczkowy 50ml;Aura Care;Pielęgnacja twarzy;Kremy na noc;1;55,89;13,97;50ml;0,23;Active;1;Mid-Market
14580;PureBotanica Sera Z witaminą C 150ml;PureBotanica;Pielęgnacja twarzy;Sera;0;81,89;36,85;150ml;0,23;Active;1;Mid-Market
14581;PureBotanica Żele do mycia Z witaminą C 50ml;PureBotanica;Pielęgnacja twarzy;Żele do mycia;0;96,63;43,48;50ml;0,23;Active;1;Premium
14582;Aura Care Sera Z witaminą C 150ml;Aura Care;Pielęgnacja twarzy;Sera;1;38,14;9,54;150ml;0,23;Active;1;Economy
14583;Veluria Żele do mycia Nawilżający 30ml;Veluria;Pielęgnacja twarzy;Żele do mycia;0;118,44;53,3;30ml;0,23;Active;0;Premium
14584;PureBotanica Żele do mycia Z witaminą C 30ml;PureBotanica;Pielęgnacja twarzy;Żele do mycia;0;118,95;53,53;30ml;0,23;Active;1;Premium
14585;GlamTouch Oczy Wodoodporny 15g;GlamTouch;Makijaż;Oczy;0;159,07;63,63;15g;0,23;Active;0;Premium
14586;TinyJoy Pieluchy Rozmiar 3 40 szt.;TinyJoy;Dziecko;Pieluchy;0;31,13;23,35;szt.;0,23;Discontinued;0;Economy
14587;ColorAura Oczy Long-lasting 8ml;ColorAura;Makijaż;Oczy;0;76,36;30,54;8ml;0,23;Active;0;Mid-Market
14588;BotanicaPro Stylizacja Przeciwłupieżowy 400ml;BotanicaPro;Włosy;Stylizacja;0;73,49;40,42;400ml;0,23;Active;0;Premium
14589;PureBotanica Krem na dzień Nawilżający 30ml;PureBotanica;Pielęgnacja twarzy;Kremy na dzień;0;123,12;55,4;30ml;0,23;Active;1;Premium
14590;Aura Basic Płyny i żele Ochronny 200ml;Aura Basic;Higiena intymna;Płyny i żele;1;19,11;8,6;200ml;0,23;Active;0;Mid-Market
14591;Aura Care Szampon Do farbowanych 400ml;Aura Care;Włosy;Szampony;1;34,03;11,91;400ml;0,23;Phase-Out;1;Mid-Market
14592;PureTots Kosmetyki Nawilżane 60 szt.;PureTots;Dziecko;Kosmetyki;0;34,3;25,72;szt.;0,23;Active;0;Economy
14593;BabySoft Chusteczki Rozmiar 4 500ml;BabySoft;Dziecko;Chusteczki;0;58,41;43,81;500ml;0,23;Active;0;Premium
14594;LumiSkin Żele do mycia Przeciwzmarszczkowy 50ml;LumiSkin;Pielęgnacja twarzy;Żele do mycia;0;73,65;33,14;50ml;0,23;Phase-Out;0;Mid-Market
14595;VisagePro Oczy Rozświetlający 8ml;VisagePro;Makijaż;Oczy;0;122,89;49,16;8ml;0,23;Active;1;Premium
14596;VitaCore Odporność Magnez + B6 30 kaps.;VitaCore;Suplementy i Zdrowie;Odporność;0;23,47;12,91;kaps.;0,08;Active;1;Economy
14597;Aura Beauty Twarz Long-lasting 8ml;Aura Beauty;Makijaż;Twarz;1;108,31;21,66;8ml;0,23;Active;1;Mid-Market
14598;VelvetLine Oczy Rozświetlający 8ml;VelvetLine;Makijaż;Oczy;0;89,13;35,65;8ml;0,23;Active;0;Mid-Market
14599;SilkMane Stylizacja Nawilżająca 400ml;SilkMane;Włosy;Stylizacja;0;42,64;23,45;400ml;0,23;Active;0;Mid-Market
14600;VigorHair Odżywki Przeciwłupieżowy 400ml;VigorHair;Włosy;Odżywki;0;58,01;31,91;400ml;0,23;Active;0;Premium
14601;BabySoft Kosmetyki Sensitive 40 szt.;BabySoft;Dziecko;Kosmetyki;0;39,14;29,36;szt.;0,23;Active;0;Mid-Market
14602;Veluria Krem na noc Matujący 30ml;Veluria;Pielęgnacja twarzy;Kremy na noc;0;137,18;61,73;30ml;0,23;Active;0;Premium
14603;LumiSkin Żele do mycia Z witaminą C 150ml;LumiSkin;Pielęgnacja twarzy;Żele do mycia;0;111,91;50,36;150ml;0,23;Active;1;Premium
14604;NutriMax Minerały Magnez + B6 90 kaps.;NutriMax;Suplementy i Zdrowie;Minerały;0;68,38;37,61;kaps.;0,08;Active;1;Mid-Market
14605;SoftTouch Podpaski Kojący 20 szt.;SoftTouch;Higiena intymna;Podpaski;0;27,63;17,96;szt.;0,23;Active;0;Premium
14606;VigorHair Stylizacja Przeciwłupieżowy 500ml;VigorHair;Włosy;Stylizacja;0;54,88;30,18;500ml;0,23;Active;0;Mid-Market
14607;Veluria Krem na dzień Matujący 150ml;Veluria;Pielęgnacja twarzy;Kremy na dzień;0;55,59;25,02;150ml;0,23;Active;0;Mid-Market
14608;PureBotanica Krem na noc Przeciwzmarszczkowy 150ml;PureBotanica;Pielęgnacja twarzy;Kremy na noc;0;112,57;50,66;150ml;0,23;Active;1;Premium
14609;Herbix Odżywki Przeciwłupieżowy 250ml;Herbix;Włosy;Odżywki;0;42,88;23,58;250ml;0,23;Active;1;Mid-Market
14610;VisagePro Usta Rozświetlający 15g;VisagePro;Makijaż;Usta;0;41,31;16,52;15g;0,23;Active;1;Economy
14611;Aura Kids Kosmetyki Sensitive 500ml;Aura Kids;Dziecko;Kosmetyki;1;36,09;21,65;500ml;0,23;Active;0;Mid-Market
14612;Aura Care Stylizacja Do farbowanych 500ml;Aura Care;Włosy;Stylizacja;1;44,3;15,5;500ml;0,23;Phase-Out;1;Mid-Market
14613;LumiSkin Żele do mycia Przeciwzmarszczkowy 30ml;LumiSkin;Pielęgnacja twarzy;Żele do mycia;0;95,56;43,0;30ml;0,23;Phase-Out;1;Premium
14614;DermaGlow Sera Z witaminą C 30ml;DermaGlow;Pielęgnacja twarzy;Sera;0;98,04;44,12;30ml;0,23;Discontinued;0;Premium
14615;LumiSkin Krem na noc Z witaminą C 150ml;LumiSkin;Pielęgnacja twarzy;Kremy na noc;0;102,48;46,12;150ml;0,23;Active;0;Premium
14616;Aura Care Krem na dzień Matujący 30ml;Aura Care;Pielęgnacja twarzy;Kremy na dzień;1;18,94;4,74;30ml;0,23;Active;1;Economy
14617;VigorHair Szampon Odbudowujący 400ml;VigorHair;Włosy;Szampony;0;27,97;15,38;400ml;0,23;Active;0;Economy
14618;SoftTouch Wkładki Normal 20 szt.;SoftTouch;Higiena intymna;Wkładki;0;10,8;7,02;szt.;0,23;Active;0;Economy
14619;PureBotanica Sera Przeciwzmarszczkowy 50ml;PureBotanica;Pielęgnacja twarzy;Sera;0;50,68;22,81;50ml;0,23;Active;1;Economy
14620;Aura Beauty Twarz Matujący 30ml;Aura Beauty;Makijaż;Twarz;1;81,8;16,36;30ml;0,23;Active;0;Mid-Market
14621;Herbix Odżywki Odbudowujący 250ml;Herbix;Włosy;Odżywki;0;59,95;32,97;250ml;0,23;Active;1;Premium
14622;VitaCore Minerały Magnez + B6 60 kaps.;VitaCore;Suplementy i Zdrowie;Minerały;0;48,49;26,67;kaps.;0,08;Active;0;Mid-Market
14623;TinyJoy Kosmetyki Nawilżane 60 szt.;TinyJoy;Dziecko;Kosmetyki;0;69,14;51,86;szt.;0,23;Active;1;Premium
14624;VitaCore Odporność C 1000mg 90 kaps.;VitaCore;Suplementy i Zdrowie;Odporność;0;88,52;48,69;kaps.;0,08;Active;0;Premium
14625;ColorAura Oczy Long-lasting 8ml;ColorAura;Makijaż;Oczy;0;150,76;60,3;8ml;0,23;Active;1;Premium
14626;Aura Care Szampon Odbudowujący 400ml;Aura Care;Włosy;Szampony;1;33,89;11,86;400ml;0,23;Active;1;Mid-Market
14627;Herbix Szampon Przeciwłupieżowy 500ml;Herbix;Włosy;Szampony;0;56,02;30,81;500ml;0,23;Active;1;Premium
14628;Aura Care Minerały Magnez + B6 90 kaps.;Aura Care;Suplementy i Zdrowie;Minerały;1;34,74;10,42;kaps.;0,08;Active;1;Economy
14629;BotanicaPro Szampon Przeciwłupieżowy 400ml;BotanicaPro;Włosy;Szampony;0;18,93;10,41;400ml;0,23;Active;0;Economy
14630;Herbix Maski Do farbowanych 500ml;Herbix;Włosy;Maski;0;47,49;26,12;500ml;0,23;Active;1;Mid-Market
14631;Veluria Żele do mycia Nawilżający 150ml;Veluria;Pielęgnacja twarzy;Żele do mycia;0;20,9;9,4;150ml;0,23;Active;0;Economy
14632;HealthSpark Odporność D3 2000 j.m. 30 kaps.;HealthSpark;Suplementy i Zdrowie;Odporność;0;51,9;28,55;kaps.;0,08;Active;0;Mid-Market
14633;Aura Care Szampon Odbudowujący 400ml;Aura Care;Włosy;Szampony;1;26,2;9,17;400ml;0,23;Active;1;Economy
14634;DermaGlow Sera Przeciwzmarszczkowy 50ml;DermaGlow;Pielęgnacja twarzy;Sera;0;72,36;32,56;50ml;0,23;Active;0;Mid-Market
14635;VelvetLine Usta Wodoodporny 8ml;VelvetLine;Makijaż;Usta;0;82,64;33,06;8ml;0,23;Active;1;Mid-Market
14636;Aura Care Sera Przeciwzmarszczkowy 30ml;Aura Care;Pielęgnacja twarzy;Sera;1;78,51;19,63;30ml;0,23;Active;1;Mid-Market
14637;Veluria Żele do mycia Przeciwzmarszczkowy 150ml;Veluria;Pielęgnacja twarzy;Żele do mycia;0;40,39;18,18;150ml;0,23;Active;0;Economy
14638;Veluria Krem na noc Przeciwzmarszczkowy 150ml;Veluria;Pielęgnacja twarzy;Kremy na noc;0;25,65;11,54;150ml;0,23;Active;0;Economy
14639;PureBotanica Żele do mycia Nawilżający 30ml;PureBotanica;Pielęgnacja twarzy;Żele do mycia;0;115,65;52,04;30ml;0,23;Active;1;Premium
14640;BotanicaPro Stylizacja Nawilżająca 250ml;BotanicaPro;Włosy;Stylizacja;0;39,95;21,97;250ml;0,23;Active;1;Mid-Market
14641;Aura Care Maski Odbudowujący 500ml;Aura Care;Włosy;Maski;1;43,04;15,06;500ml;0,23;Active;1;Mid-Market
14642;SoftTouch Podpaski Kojący 20 szt.;SoftTouch;Higiena intymna;Podpaski;0;11,2;7,28;szt.;0,23;Active;1;Economy
14643;LumiSkin Krem na noc Z witaminą C 150ml;LumiSkin;Pielęgnacja twarzy;Kremy na noc;0;28,19;12,69;150ml;0,23;Active;0;Economy
14644;NutriMax Odporność Magnez + B6 60 kaps.;NutriMax;Suplementy i Zdrowie;Odporność;0;92,92;51,11;kaps.;0,08;Phase-Out;0;Premium
14645;VelvetLine Oczy Wodoodporny 8ml;VelvetLine;Makijaż;Oczy;0;73,26;29,3;8ml;0,23;Phase-Out;0;Mid-Market
14646;PureBotanica Krem na noc Przeciwzmarszczkowy 150ml;PureBotanica;Pielęgnacja twarzy;Kremy na noc;0;122,16;54,97;150ml;0,23;Phase-Out;1;Premium
14647;Aura Beauty Twarz Wodoodporny 15g;Aura Beauty;Makijaż;Twarz;1;126,69;25,34;15g;0,23;Active;0;Premium
14648;Herbix Stylizacja Nawilżająca 500ml;Herbix;Włosy;Stylizacja;0;49,35;27,14;500ml;0,23;Discontinued;1;Mid-Market
14649;Aura Beauty Oczy Wodoodporny 30ml;Aura Beauty;Makijaż;Oczy;1;57,11;11,42;30ml;0,23;Active;1;Economy
14650;ColorAura Twarz Matujący 30ml;ColorAura;Makijaż;Twarz;0;70,19;28,08;30ml;0,23;Phase-Out;0;Mid-Market
14651;Aura Care Krem na dzień Przeciwzmarszczkowy 150ml;Aura Care;Pielęgnacja twarzy;Kremy na dzień;1;28,7;7,17;150ml;0,23;Active;1;Economy
14652;VisagePro Oczy Rozświetlający 8ml;VisagePro;Makijaż;Oczy;0;95,58;38,23;8ml;0,23;Phase-Out;0;Mid-Market
14653;VigorHair Maski Nawilżająca 500ml;VigorHair;Włosy;Maski;0;48,13;26,47;500ml;0,23;Active;1;Mid-Market
14654;Herbix Stylizacja Odbudowujący 400ml;Herbix;Włosy;Stylizacja;0;56,49;31,07;400ml;0,23;Active;1;Premium
14655;BotanicaPro Maski Nawilżająca 500ml;BotanicaPro;Włosy;Maski;0;20,54;11,3;500ml;0,23;Active;0;Economy
14656;Aura Care Krem na dzień Matujący 30ml;Aura Care;Pielęgnacja twarzy;Kremy na dzień;1;18,46;4,62;30ml;0,23;Active;1;Economy
14657;Aura Care Minerały Forte 30 kaps.;Aura Care;Suplementy i Zdrowie;Minerały;1;32,86;9,86;kaps.;0,08;Phase-Out;1;Economy
14658;Aura Care Żele do mycia Przeciwzmarszczkowy 30ml;Aura Care;Pielęgnacja twarzy;Żele do mycia;1;36,46;9,12;30ml;0,23;Active;1;Economy
14659;PureCare Podpaski Super 40 szt.;PureCare;Higiena intymna;Podpaski;0;12,08;7,85;szt.;0,23;Active;1;Economy
14660;VelvetLine Usta Matujący 15g;VelvetLine;Makijaż;Usta;0;114,31;45,72;15g;0,23;Active;0;Mid-Market
14661;Aura Care Żele do mycia Z witaminą C 50ml;Aura Care;Pielęgnacja twarzy;Żele do mycia;1;42,12;10,53;50ml;0,23;Active;1;Economy
14662;Aura Care Krem na noc Matujący 30ml;Aura Care;Pielęgnacja twarzy;Kremy na noc;1;101,9;25,48;30ml;0,23;Active;1;Premium
14663;ColorAura Usta Wodoodporny 15g;ColorAura;Makijaż;Usta;0;126,41;50,56;15g;0,23;Active;0;Premium
14664;PureBotanica Żele do mycia Matujący 150ml;PureBotanica;Pielęgnacja twarzy;Żele do mycia;0;76,41;34,38;150ml;0,23;Discontinued;1;Mid-Market
14665;Aura Care Krem na noc Nawilżający 30ml;Aura Care;Pielęgnacja twarzy;Kremy na noc;1;94,23;23,56;30ml;0,23;Active;1;Premium
14666;Aura Care Stylizacja Przeciwłupieżowy 250ml;Aura Care;Włosy;Stylizacja;1;16,96;5,94;250ml;0,23;Active;1;Economy
14667;Herbix Odżywki Do farbowanych 400ml;Herbix;Włosy;Odżywki;0;59,3;32,62;400ml;0,23;Phase-Out;1;Premium
14668;SilkMane Maski Odbudowujący 400ml;SilkMane;Włosy;Maski;0;79,63;43,8;400ml;0,23;Active;0;Premium
14669;VelvetLine Oczy Wodoodporny 30ml;VelvetLine;Makijaż;Oczy;0;104,6;41,84;30ml;0,23;Active;1;Mid-Market
14670;FreshGlow Wkładki Ochronny 20 szt.;FreshGlow;Higiena intymna;Wkładki;0;20,78;13,51;szt.;0,23;Active;0;Premium
14671;Aura Care Maski Nawilżająca 250ml;Aura Care;Włosy;Maski;1;25,53;8,94;250ml;0,23;Phase-Out;1;Economy
14672;VelvetLine Twarz Matujący 15g;VelvetLine;Makijaż;Twarz;0;54,33;21,73;15g;0,23;Phase-Out;0;Economy
14673;DermaGlow Żele do mycia Nawilżający 50ml;DermaGlow;Pielęgnacja twarzy;Żele do mycia;0;34,59;15,57;50ml;0,23;Active;0;Economy
14674;TinyJoy Chusteczki Nawilżane 500ml;TinyJoy;Dziecko;Chusteczki;0;64,62;48,47;500ml;0,23;Active;1;Premium
14675;Veluria Krem na noc Nawilżający 30ml;Veluria;Pielęgnacja twarzy;Kremy na noc;0;27,65;12,44;30ml;0,23;Active;0;Economy
14676;Herbix Maski Przeciwłupieżowy 400ml;Herbix;Włosy;Maski;0;75,23;41,38;400ml;0,23;Active;1;Premium
14677;BotanicaPro Odżywki Nawilżająca 400ml;BotanicaPro;Włosy;Odżywki;0;61,36;33,75;400ml;0,23;Active;0;Premium
14678;BotanicaPro Szampon Do farbowanych 500ml;BotanicaPro;Włosy;Szampony;0;20,43;11,24;500ml;0,23;Active;0;Economy
14679;FreshGlow Płyny i żele Ochronny 40 szt.;FreshGlow;Higiena intymna;Płyny i żele;0;18,09;11,76;szt.;0,23;Phase-Out;0;Mid-Market
14680;Veluria Sera Nawilżający 150ml;Veluria;Pielęgnacja twarzy;Sera;0;61,53;27,69;150ml;0,23;Active;0;Mid-Market
14681;VisagePro Twarz Matujący 30ml;VisagePro;Makijaż;Twarz;0;108,75;43,5;30ml;0,23;Active;0;Mid-Market
14682;VisagePro Usta Wodoodporny 8ml;VisagePro;Makijaż;Usta;0;168,26;67,3;8ml;0,23;Active;0;Premium
14683;Aura Care Żele do mycia Z witaminą C 50ml;Aura Care;Pielęgnacja twarzy;Żele do mycia;1;47,18;11,79;50ml;0,23;Active;1;Economy
14684;VelvetLine Oczy Wodoodporny 15g;VelvetLine;Makijaż;Oczy;0;55,05;22,02;15g;0,23;Active;0;Economy
14685;VisagePro Usta Matujący 30ml;VisagePro;Makijaż;Usta;0;159,91;63,96;30ml;0,23;Active;0;Premium
14686;LumiSkin Żele do mycia Nawilżający 50ml;LumiSkin;Pielęgnacja twarzy;Żele do mycia;0;98,23;44,2;50ml;0,23;Active;0;Premium
14687;BabySoft Kosmetyki Sensitive 40 szt.;BabySoft;Dziecko;Kosmetyki;0;50,05;37,54;szt.;0,23;Active;1;Mid-Market
14688;PureBotanica Żele do mycia Nawilżający 30ml;PureBotanica;Pielęgnacja twarzy;Żele do mycia;0;70,72;31,82;30ml;0,23;Phase-Out;1;Mid-Market
14689;Aura Care Krem na dzień Nawilżający 50ml;Aura Care;Pielęgnacja twarzy;Kremy na dzień;1;40,42;10,11;50ml;0,23;Active;1;Economy
14690;HealthSpark Witaminy C 1000mg 90 kaps.;HealthSpark;Suplementy i Zdrowie;Witaminy;0;88,14;48,48;kaps.;0,08;Active;1;Premium
14691;Aura Care Odżywki Do farbowanych 400ml;Aura Care;Włosy;Odżywki;1;43,68;15,29;400ml;0,23;Active;1;Mid-Market
14692;PureTots Chusteczki Sensitive 40 szt.;PureTots;Dziecko;Chusteczki;0;35,82;26,87;szt.;0,23;Discontinued;0;Economy
14693;Herbix Szampon Odbudowujący 250ml;Herbix;Włosy;Szampony;0;23,3;12,82;250ml;0,23;Phase-Out;1;Economy
14694;ColorAura Oczy Rozświetlający 30ml;ColorAura;Makijaż;Oczy;0;160,95;64,38;30ml;0,23;Discontinued;0;Premium
14695;TinyJoy Chusteczki Nawilżane 500ml;TinyJoy;Dziecko;Chusteczki;0;60,04;45,03;500ml;0,23;Active;0;Premium
14696;Aura Care Minerały Forte 60 kaps.;Aura Care;Suplementy i Zdrowie;Minerały;1;65,08;19,52;kaps.;0,08;Active;1;Mid-Market
14697;PureTots Pieluchy Nawilżane 500ml;PureTots;Dziecko;Pieluchy;0;31,15;23,36;500ml;0,23;Active;0;Economy
14698;BabySoft Chusteczki Sensitive 60 szt.;BabySoft;Dziecko;Chusteczki;0;35,93;26,95;szt.;0,23;Active;0;Mid-Market
14699;LumiSkin Żele do mycia Przeciwzmarszczkowy 150ml;LumiSkin;Pielęgnacja twarzy;Żele do mycia;0;20,2;9,09;150ml;0,23;Active;0;Economy
14700;Aura Care Odżywki Nawilżająca 500ml;Aura Care;Włosy;Odżywki;1;49,91;17,47;500ml;0,23;Active;1;Mid-Market
14701;VelvetLine Oczy Matujący 15g;VelvetLine;Makijaż;Oczy;0;82,38;32,95;15g;0,23;Active;1;Mid-Market
14702;SoftTouch Płyny i żele Kojący 200ml;SoftTouch;Higiena intymna;Płyny i żele;0;24,33;15,81;200ml;0,23;Active;0;Premium
14703;Aura Signatures EDT Fresh 50ml;Aura Signatures;Perfumy;EDT;1;177,93;26,69;50ml;0,23;Active;0;Economy
14704;Aura Care Odżywki Nawilżająca 500ml;Aura Care;Włosy;Odżywki;1;45,63;15,97;500ml;0,23;Discontinued;1;Mid-Market
14705;Aura Beauty Twarz Matujący 30ml;Aura Beauty;Makijaż;Twarz;1;20,33;4,07;30ml;0,23;Active;0;Economy
14706;Aura Basic Wkładki Super 20 szt.;Aura Basic;Higiena intymna;Wkładki;1;21,65;9,74;szt.;0,23;Active;0;Premium
14707;BotanicaPro Maski Do farbowanych 500ml;BotanicaPro;Włosy;Maski;0;65,42;35,98;500ml;0,23;Active;0;Premium
14708;Aura Kids Chusteczki Nawilżane 60 szt.;Aura Kids;Dziecko;Chusteczki;1;52,81;31,69;szt.;0,23;Active;0;Mid-Market
14709;ColorAura Twarz Long-lasting 8ml;ColorAura;Makijaż;Twarz;0;91,39;36,56;8ml;0,23;Active;0;Mid-Market
14710;SilkMane Stylizacja Przeciwłupieżowy 400ml;SilkMane;Włosy;Stylizacja;0;25,6;14,08;400ml;0,23;Active;1;Economy
14711;Aura Beauty Usta Rozświetlający 15g;Aura Beauty;Makijaż;Usta;1;69,8;13,96;15g;0,23;Phase-Out;0;Economy
14712;HealthSpark Minerały C 1000mg 30 kaps.;HealthSpark;Suplementy i Zdrowie;Minerały;0;58,9;32,4;kaps.;0,08;Active;0;Mid-Market
14713;SilkMane Maski Do farbowanych 400ml;SilkMane;Włosy;Maski;0;62,63;34,45;400ml;0,23;Active;0;Premium
14714;VitaCore Minerały Magnez + B6 60 kaps.;VitaCore;Suplementy i Zdrowie;Minerały;0;37,13;20,42;kaps.;0,08;Discontinued;1;Economy
14715;ColorAura Oczy Matujący 30ml;ColorAura;Makijaż;Oczy;0;131,58;52,63;30ml;0,23;Active;0;Premium
14716;SilkMane Odżywki Przeciwłupieżowy 500ml;SilkMane;Włosy;Odżywki;0;76,56;42,11;500ml;0,23;Active;0;Premium
14717;FreshGlow Płyny i żele Normal 40 szt.;FreshGlow;Higiena intymna;Płyny i żele;0;19,09;12,41;szt.;0,23;Active;0;Mid-Market
14718;HealthSpark Witaminy Magnez + B6 90 kaps.;HealthSpark;Suplementy i Zdrowie;Witaminy;0;31,6;17,38;kaps.;0,08;Discontinued;0;Economy
14719;Veluria Krem na noc Przeciwzmarszczkowy 30ml;Veluria;Pielęgnacja twarzy;Kremy na noc;0;52,47;23,61;30ml;0,23;Active;0;Economy
14720;Aura Kids Chusteczki Nawilżane 40 szt.;Aura Kids;Dziecko;Chusteczki;1;61,27;36,76;szt.;0,23;Active;0;Premium
14721;VigorHair Szampon Odbudowujący 400ml;VigorHair;Włosy;Szampony;0;38,61;21,24;400ml;0,23;Active;0;Mid-Market
14722;Aura Basic Wkładki Normal 40 szt.;Aura Basic;Higiena intymna;Wkładki;1;5,85;2,63;szt.;0,23;Active;1;Economy
14723;Aura Beauty Oczy Wodoodporny 8ml;Aura Beauty;Makijaż;Oczy;1;69,67;13,93;8ml;0,23;Active;0;Economy
14724;FreshGlow Podpaski Ochronny 20 szt.;FreshGlow;Higiena intymna;Podpaski;0;17,32;11,26;szt.;0,23;Active;0;Mid-Market
14725;VelvetLine Usta Long-lasting 8ml;VelvetLine;Makijaż;Usta;0;108,51;43,4;8ml;0,23;Active;0;Mid-Market
14726;VelvetLine Oczy Long-lasting 15g;VelvetLine;Makijaż;Oczy;0;50,99;20,4;15g;0,23;Active;0;Economy
14727;Aura Care Sera Z witaminą C 50ml;Aura Care;Pielęgnacja twarzy;Sera;1;74,46;18,61;50ml;0,23;Active;1;Mid-Market
14728;Veluria Krem na noc Z witaminą C 150ml;Veluria;Pielęgnacja twarzy;Kremy na noc;0;53,62;24,13;150ml;0,23;Active;0;Mid-Market
14729;PureBotanica Krem na noc Przeciwzmarszczkowy 30ml;PureBotanica;Pielęgnacja twarzy;Kremy na noc;0;109,16;49,12;30ml;0,23;Active;1;Premium
14730;VelvetLine Oczy Long-lasting 8ml;VelvetLine;Makijaż;Oczy;0;140,71;56,28;8ml;0,23;Active;0;Premium
14731;DermaGlow Krem na dzień Z witaminą C 30ml;DermaGlow;Pielęgnacja twarzy;Kremy na dzień;0;27,64;12,44;30ml;0,23;Active;0;Economy
14732;TinyJoy Kosmetyki Sensitive 40 szt.;TinyJoy;Dziecko;Kosmetyki;0;21,92;16,44;szt.;0,23;Active;0;Economy
14733;VigorHair Odżywki Nawilżająca 400ml;VigorHair;Włosy;Odżywki;0;15,03;8,27;400ml;0,23;Active;0;Economy
14734;FreshGlow Podpaski Super 40 szt.;FreshGlow;Higiena intymna;Podpaski;0;24,4;15,86;szt.;0,23;Active;0;Premium
14735;HealthSpark Minerały D3 2000 j.m. 90 kaps.;HealthSpark;Suplementy i Zdrowie;Minerały;0;27,69;15,23;kaps.;0,08;Active;0;Economy
14736;VigorHair Stylizacja Do farbowanych 400ml;VigorHair;Włosy;Stylizacja;0;56,87;31,28;400ml;0,23;Active;0;Premium
14737;NoirElegance Mgiełki Fresh 30ml;NoirElegance;Perfumy;Mgiełki;0;376,5;131,78;30ml;0,23;Active;0;Premium
14738;Aura Beauty Twarz Long-lasting 30ml;Aura Beauty;Makijaż;Twarz;1;87,1;17,42;30ml;0,23;Active;0;Mid-Market
14739;LumiSkin Sera Nawilżający 50ml;LumiSkin;Pielęgnacja twarzy;Sera;0;100,53;45,24;50ml;0,23;Active;1;Premium
14740;ColorAura Oczy Rozświetlający 30ml;ColorAura;Makijaż;Oczy;0;110,53;44,21;30ml;0,23;Active;0;Mid-Market
14741;ScentMaison EDP Intense 30ml;ScentMaison;Perfumy;EDP;0;405,89;142,06;30ml;0,23;Active;0;Premium
14742;NutriMax Witaminy C 1000mg 30 kaps.;NutriMax;Suplementy i Zdrowie;Witaminy;0;40,73;22,4;kaps.;0,08;Phase-Out;0;Economy
14743;Herbix Odżywki Do farbowanych 400ml;Herbix;Włosy;Odżywki;0;17,16;9,44;400ml;0,23;Active;1;Economy
14744;PureBotanica Krem na noc Matujący 50ml;PureBotanica;Pielęgnacja twarzy;Kremy na noc;0;87,45;39,35;50ml;0,23;Active;1;Mid-Market
14745;PureCare Płyny i żele Ochronny 20 szt.;PureCare;Higiena intymna;Płyny i żele;0;27,34;17,77;szt.;0,23;Active;1;Premium
14746;Aura Kids Chusteczki Sensitive 40 szt.;Aura Kids;Dziecko;Chusteczki;1;23,58;14,15;szt.;0,23;Active;0;Economy
14747;BotanicaPro Stylizacja Odbudowujący 250ml;BotanicaPro;Włosy;Stylizacja;0;55,17;30,34;250ml;0,23;Active;0;Premium
14748;SoftTouch Podpaski Kojący 40 szt.;SoftTouch;Higiena intymna;Podpaski;0;22,65;14,72;szt.;0,23;Active;1;Premium
14749;VisagePro Twarz Rozświetlający 8ml;VisagePro;Makijaż;Twarz;0;102,73;41,09;8ml;0,23;Active;0;Mid-Market
14750;FreshGlow Wkładki Super 40 szt.;FreshGlow;Higiena intymna;Wkładki;0;27,69;18,0;szt.;0,23;Active;1;Premium
14751;PureBotanica Żele do mycia Przeciwzmarszczkowy 50ml;PureBotanica;Pielęgnacja twarzy;Żele do mycia;0;135,73;61,08;50ml;0,23;Active;1;Premium
14752;HealthSpark Witaminy D3 2000 j.m. 90 kaps.;HealthSpark;Suplementy i Zdrowie;Witaminy;0;30,71;16,89;kaps.;0,08;Active;0;Economy
14753;Aura Care Sera Przeciwzmarszczkowy 30ml;Aura Care;Pielęgnacja twarzy;Sera;1;66,13;16,53;30ml;0,23;Active;1;Mid-Market
14754;SilkMane Maski Do farbowanych 400ml;SilkMane;Włosy;Maski;0;57,47;31,61;400ml;0,23;Active;0;Premium
14755;DermaGlow Krem na noc Matujący 150ml;DermaGlow;Pielęgnacja twarzy;Kremy na noc;0;111,77;50,3;150ml;0,23;Phase-Out;0;Premium
14756;Herbix Maski Przeciwłupieżowy 500ml;Herbix;Włosy;Maski;0;49,97;27,48;500ml;0,23;Active;1;Mid-Market
14757;BabySoft Chusteczki Nawilżane 60 szt.;BabySoft;Dziecko;Chusteczki;0;45,79;34,34;szt.;0,23;Active;0;Mid-Market
14758;VigorHair Maski Do farbowanych 400ml;VigorHair;Włosy;Maski;0;77,4;42,57;400ml;0,23;Active;1;Premium
14759;VigorHair Maski Nawilżająca 500ml;VigorHair;Włosy;Maski;0;70,77;38,92;500ml;0,23;Active;0;Premium
14760;TinyJoy Chusteczki Rozmiar 3 60 szt.;TinyJoy;Dziecko;Chusteczki;0;11,72;8,79;szt.;0,23;Active;1;Economy
14761;Aura Kids Chusteczki Rozmiar 3 40 szt.;Aura Kids;Dziecko;Chusteczki;1;16,19;9,71;szt.;0,23;Active;0;Economy
14762;ColorAura Oczy Wodoodporny 8ml;ColorAura;Makijaż;Oczy;0;55,1;22,04;8ml;0,23;Active;0;Economy
14763;Aura Beauty Twarz Long-lasting 30ml;Aura Beauty;Makijaż;Twarz;1;128,27;25,65;30ml;0,23;Active;0;Premium
14764;LumiSkin Sera Przeciwzmarszczkowy 150ml;LumiSkin;Pielęgnacja twarzy;Sera;0;60,63;27,28;150ml;0,23;Phase-Out;0;Mid-Market
14765;Aura Care Maski Przeciwłupieżowy 400ml;Aura Care;Włosy;Maski;1;40,85;14,3;400ml;0,23;Active;1;Mid-Market
14766;Aura Care Krem na dzień Nawilżający 150ml;Aura Care;Pielęgnacja twarzy;Kremy na dzień;1;113,26;28,32;150ml;0,23;Active;1;Premium
14767;Aura Care Szampon Do farbowanych 250ml;Aura Care;Włosy;Szampony;1;24,32;8,51;250ml;0,23;Active;1;Economy
14768;Aura Care Maski Przeciwłupieżowy 400ml;Aura Care;Włosy;Maski;1;54,95;19,23;400ml;0,23;Active;1;Mid-Market
14769;Aura Care Maski Przeciwłupieżowy 400ml;Aura Care;Włosy;Maski;1;51,98;18,19;400ml;0,23;Active;1;Mid-Market
14770;Aura Care Krem na dzień Matujący 30ml;Aura Care;Pielęgnacja twarzy;Kremy na dzień;1;104,5;26,12;30ml;0,23;Active;1;Premium
14771;VigorHair Szampon Do farbowanych 500ml;VigorHair;Włosy;Szampony;0;57,05;31,38;500ml;0,23;Active;0;Premium
14772;Aura Care Witaminy Magnez + B6 90 kaps.;Aura Care;Suplementy i Zdrowie;Witaminy;1;62,86;18,86;kaps.;0,08;Active;1;Mid-Market
14773;Aura Basic Płyny i żele Super 200ml;Aura Basic;Higiena intymna;Płyny i żele;1;12,21;5,49;200ml;0,23;Active;0;Economy
14774;SoftTouch Wkładki Kojący 20 szt.;SoftTouch;Higiena intymna;Wkładki;0;8,08;5,25;szt.;0,23;Active;0;Economy
14775;LumiSkin Krem na dzień Z witaminą C 150ml;LumiSkin;Pielęgnacja twarzy;Kremy na dzień;0;118,19;53,19;150ml;0,23;Active;0;Premium
14776;NoirElegance EDT Fresh 30ml;NoirElegance;Perfumy;EDT;0;158,13;55,35;30ml;0,23;Active;0;Economy
14777;Aura Beauty Usta Rozświetlający 15g;Aura Beauty;Makijaż;Usta;1;81,07;16,21;15g;0,23;Active;0;Mid-Market
14778;Veluria Krem na dzień Z witaminą C 50ml;Veluria;Pielęgnacja twarzy;Kremy na dzień;0;38,68;17,41;50ml;0,23;Active;0;Economy
14779;SoftTouch Podpaski Kojący 20 szt.;SoftTouch;Higiena intymna;Podpaski;0;14,74;9,58;szt.;0,23;Active;0;Mid-Market
14780;LumiSkin Krem na dzień Przeciwzmarszczkowy 50ml;LumiSkin;Pielęgnacja twarzy;Kremy na dzień;0;93,83;42,22;50ml;0,23;Active;0;Premium
14781;PureBotanica Krem na dzień Z witaminą C 30ml;PureBotanica;Pielęgnacja twarzy;Kremy na dzień;0;104,58;47,06;30ml;0,23;Active;1;Premium
14782;VigorHair Szampon Odbudowujący 500ml;VigorHair;Włosy;Szampony;0;75,35;41,44;500ml;0,23;Active;0;Premium
14783;DermaGlow Żele do mycia Z witaminą C 30ml;DermaGlow;Pielęgnacja twarzy;Żele do mycia;0;67,37;30,32;30ml;0,23;Active;0;Mid-Market
14784;DermaGlow Krem na noc Z witaminą C 50ml;DermaGlow;Pielęgnacja twarzy;Kremy na noc;0;104,65;47,09;50ml;0,23;Active;0;Premium
14785;VigorHair Maski Odbudowujący 400ml;VigorHair;Włosy;Maski;0;24,28;13,35;400ml;0,23;Phase-Out;0;Economy
14786;Aura Care Odżywki Do farbowanych 400ml;Aura Care;Włosy;Odżywki;1;55,45;19,41;400ml;0,23;Active;1;Premium
14787;Aura Care Odporność Magnez + B6 90 kaps.;Aura Care;Suplementy i Zdrowie;Odporność;1;43,27;12,98;kaps.;0,08;Active;1;Economy
14788;ColorAura Oczy Wodoodporny 15g;ColorAura;Makijaż;Oczy;0;96,99;38,8;15g;0,23;Active;0;Mid-Market
14789;Aura Basic Wkładki Kojący 40 szt.;Aura Basic;Higiena intymna;Wkładki;1;15,64;7,04;szt.;0,23;Active;0;Mid-Market
14790;TinyJoy Pieluchy Nawilżane 40 szt.;TinyJoy;Dziecko;Pieluchy;0;47,16;35,37;szt.;0,23;Active;0;Mid-Market
14791;VisagePro Oczy Wodoodporny 8ml;VisagePro;Makijaż;Oczy;0;97,76;39,1;8ml;0,23;Active;0;Mid-Market
14792;Aura Care Odżywki Odbudowujący 250ml;Aura Care;Włosy;Odżywki;1;40,43;14,15;250ml;0,23;Discontinued;1;Mid-Market
14793;SoftTouch Wkładki Super 40 szt.;SoftTouch;Higiena intymna;Wkładki;0;20,57;13,37;szt.;0,23;Active;0;Premium
14794;Aura Care Żele do mycia Z witaminą C 50ml;Aura Care;Pielęgnacja twarzy;Żele do mycia;1;25,85;6,46;50ml;0,23;Active;1;Economy
14795;FreshGlow Podpaski Ochronny 20 szt.;FreshGlow;Higiena intymna;Podpaski;0;7,39;4,8;szt.;0,23;Active;0;Economy
14796;VisagePro Twarz Matujący 30ml;VisagePro;Makijaż;Twarz;0;79,95;31,98;30ml;0,23;Active;0;Mid-Market
14797;VigorHair Szampon Przeciwłupieżowy 500ml;VigorHair;Włosy;Szampony;0;32,21;17,72;500ml;0,23;Active;0;Economy
14798;PureCare Podpaski Ochronny 200ml;PureCare;Higiena intymna;Podpaski;0;21,93;14,25;200ml;0,23;Active;1;Premium
14799;SoftTouch Podpaski Normal 20 szt.;SoftTouch;Higiena intymna;Podpaski;0;15,79;10,26;szt.;0,23;Phase-Out;0;Mid-Market
14800;Herbix Stylizacja Przeciwłupieżowy 400ml;Herbix;Włosy;Stylizacja;0;22,42;12,33;400ml;0,23;Active;1;Economy
14801;Aura Beauty Usta Wodoodporny 15g;Aura Beauty;Makijaż;Usta;1;33,15;6,63;15g;0,23;Active;0;Economy
14802;PureBotanica Krem na dzień Przeciwzmarszczkowy 30ml;PureBotanica;Pielęgnacja twarzy;Kremy na dzień;0;29,96;13,48;30ml;0,23;Active;1;Economy
14803;Aura Care Odżywki Do farbowanych 500ml;Aura Care;Włosy;Odżywki;1;23,33;8,17;500ml;0,23;Active;1;Economy
14804;DermaGlow Krem na dzień Nawilżający 30ml;DermaGlow;Pielęgnacja twarzy;Kremy na dzień;0;29,62;13,33;30ml;0,23;Active;0;Economy
14805;Aura Care Szampon Nawilżająca 400ml;Aura Care;Włosy;Szampony;1;30,77;10,77;400ml;0,23;Phase-Out;1;Economy
14806;TinyJoy Pieluchy Nawilżane 40 szt.;TinyJoy;Dziecko;Pieluchy;0;35,8;26,85;szt.;0,23;Active;0;Economy
14807;VitaCore Witaminy Forte 30 kaps.;VitaCore;Suplementy i Zdrowie;Witaminy;0;33,36;18,35;kaps.;0,08;Active;0;Economy
14808;Aura Beauty Twarz Wodoodporny 8ml;Aura Beauty;Makijaż;Twarz;1;88,27;17,65;8ml;0,23;Active;0;Mid-Market
14809;PureTots Kosmetyki Rozmiar 4 40 szt.;PureTots;Dziecko;Kosmetyki;0;35,98;26,98;szt.;0,23;Active;1;Mid-Market
14810;DermaGlow Krem na dzień Matujący 50ml;DermaGlow;Pielęgnacja twarzy;Kremy na dzień;0;125,3;56,38;50ml;0,23;Active;0;Premium
14811;VelvetLine Oczy Long-lasting 30ml;VelvetLine;Makijaż;Oczy;0;66,56;26,62;30ml;0,23;Active;0;Economy
14812;Aura Care Minerały Forte 60 kaps.;Aura Care;Suplementy i Zdrowie;Minerały;1;42,4;12,72;kaps.;0,08;Active;1;Economy
14813;HealthSpark Odporność Forte 90 kaps.;HealthSpark;Suplementy i Zdrowie;Odporność;0;75,98;41,79;kaps.;0,08;Active;0;Premium
14814;Aura Basic Płyny i żele Ochronny 200ml;Aura Basic;Higiena intymna;Płyny i żele;1;8,65;3,89;200ml;0,23;Active;1;Economy
14815;LumiSkin Żele do mycia Nawilżający 150ml;LumiSkin;Pielęgnacja twarzy;Żele do mycia;0;101,42;45,64;150ml;0,23;Active;1;Premium
14816;PureBotanica Sera Nawilżający 30ml;PureBotanica;Pielęgnacja twarzy;Sera;0;94,73;42,63;30ml;0,23;Phase-Out;1;Premium
14817;VigorHair Maski Do farbowanych 400ml;VigorHair;Włosy;Maski;0;35,19;19,35;400ml;0,23;Phase-Out;1;Mid-Market
14818;Herbix Maski Do farbowanych 500ml;Herbix;Włosy;Maski;0;31,39;17,26;500ml;0,23;Active;1;Economy
14819;PureTots Pieluchy Rozmiar 3 500ml;PureTots;Dziecko;Pieluchy;0;59,19;44,39;500ml;0,23;Active;1;Premium
14820;SilkMane Stylizacja Nawilżająca 500ml;SilkMane;Włosy;Stylizacja;0;18,91;10,4;500ml;0,23;Active;0;Economy
14821;VelvetLine Oczy Long-lasting 30ml;VelvetLine;Makijaż;Oczy;0;46,02;18,41;30ml;0,23;Active;0;Economy
14822;NutriMax Minerały Magnez + B6 60 kaps.;NutriMax;Suplementy i Zdrowie;Minerały;0;38,67;21,27;kaps.;0,08;Active;1;Economy
14823;VelvetLine Usta Long-lasting 8ml;VelvetLine;Makijaż;Usta;0;114,68;45,87;8ml;0,23;Active;0;Premium
14824;VitaCore Odporność Forte 30 kaps.;VitaCore;Suplementy i Zdrowie;Odporność;0;63,98;35,19;kaps.;0,08;Active;0;Mid-Market
14825;ColorAura Twarz Long-lasting 15g;ColorAura;Makijaż;Twarz;0;37,95;15,18;15g;0,23;Active;0;Economy
14826;Aura Care Sera Nawilżający 50ml;Aura Care;Pielęgnacja twarzy;Sera;1;96,37;24,09;50ml;0,23;Active;1;Premium
14827;Aura Care Sera Nawilżający 30ml;Aura Care;Pielęgnacja twarzy;Sera;1;19,6;4,9;30ml;0,23;Active;1;Economy
14828;LumiSkin Krem na noc Przeciwzmarszczkowy 150ml;LumiSkin;Pielęgnacja twarzy;Kremy na noc;0;19,43;8,74;150ml;0,23;Active;0;Economy
14829;Aura Care Szampon Nawilżająca 500ml;Aura Care;Włosy;Szampony;1;37,73;13,21;500ml;0,23;Active;1;Mid-Market
14830;Aura Basic Płyny i żele Ochronny 200ml;Aura Basic;Higiena intymna;Płyny i żele;1;16,69;7,51;200ml;0,23;Active;0;Mid-Market
14831;LumiSkin Krem na dzień Matujący 30ml;LumiSkin;Pielęgnacja twarzy;Kremy na dzień;0;26,06;11,73;30ml;0,23;Active;0;Economy
14832;Aura Care Witaminy D3 2000 j.m. 90 kaps.;Aura Care;Suplementy i Zdrowie;Witaminy;1;31,4;9,42;kaps.;0,08;Active;1;Economy
14833;LumiSkin Żele do mycia Z witaminą C 30ml;LumiSkin;Pielęgnacja twarzy;Żele do mycia;0;62,37;28,07;30ml;0,23;Active;0;Mid-Market
14834;DermaGlow Żele do mycia Nawilżający 150ml;DermaGlow;Pielęgnacja twarzy;Żele do mycia;0;73,24;32,96;150ml;0,23;Active;0;Mid-Market
14835;PureTots Pieluchy Nawilżane 40 szt.;PureTots;Dziecko;Pieluchy;0;12,01;9,01;szt.;0,23;Active;0;Economy
14836;NutriMax Witaminy Forte 60 kaps.;NutriMax;Suplementy i Zdrowie;Witaminy;0;40,27;22,15;kaps.;0,08;Active;0;Economy
14837;LumiSkin Krem na noc Nawilżający 30ml;LumiSkin;Pielęgnacja twarzy;Kremy na noc;0;113,69;51,16;30ml;0,23;Phase-Out;0;Premium
14838;VelvetLine Oczy Long-lasting 8ml;VelvetLine;Makijaż;Oczy;0;43,23;17,29;8ml;0,23;Active;0;Economy
14839;Aura Basic Podpaski Super 20 szt.;Aura Basic;Higiena intymna;Podpaski;1;13,2;5,94;szt.;0,23;Active;0;Mid-Market
14840;FreshGlow Płyny i żele Normal 40 szt.;FreshGlow;Higiena intymna;Płyny i żele;0;14,15;9,2;szt.;0,23;Active;0;Mid-Market
14841;DermaGlow Żele do mycia Matujący 150ml;DermaGlow;Pielęgnacja twarzy;Żele do mycia;0;113,41;51,03;150ml;0,23;Active;0;Premium
14842;DermaGlow Sera Przeciwzmarszczkowy 30ml;DermaGlow;Pielęgnacja twarzy;Sera;0;102,68;46,21;30ml;0,23;Active;0;Premium
14843;SilkMane Odżywki Przeciwłupieżowy 400ml;SilkMane;Włosy;Odżywki;0;41,29;22,71;400ml;0,23;Active;1;Mid-Market
14844;SoftTouch Wkładki Normal 200ml;SoftTouch;Higiena intymna;Wkładki;0;22,25;14,46;200ml;0,23;Active;0;Premium
14845;PureCare Płyny i żele Super 20 szt.;PureCare;Higiena intymna;Płyny i żele;0;25,04;16,28;szt.;0,23;Active;1;Premium
14846;FreshGlow Wkładki Normal 200ml;FreshGlow;Higiena intymna;Wkładki;0;20,43;13,28;200ml;0,23;Active;0;Premium
14847;DermaGlow Krem na dzień Przeciwzmarszczkowy 30ml;DermaGlow;Pielęgnacja twarzy;Kremy na dzień;0;77,33;34,8;30ml;0,23;Active;0;Mid-Market
14848;PureCare Wkładki Kojący 40 szt.;PureCare;Higiena intymna;Wkładki;0;18,83;12,24;szt.;0,23;Active;1;Mid-Market
14849;PureCare Podpaski Ochronny 40 szt.;PureCare;Higiena intymna;Podpaski;0;22,31;14,5;szt.;0,23;Phase-Out;1;Premium
14850;SilkMane Maski Odbudowujący 500ml;SilkMane;Włosy;Maski;0;79,02;43,46;500ml;0,23;Active;0;Premium
14851;Herbix Stylizacja Do farbowanych 500ml;Herbix;Włosy;Stylizacja;0;21,93;12,06;500ml;0,23;Phase-Out;1;Economy
14852;LumiSkin Sera Przeciwzmarszczkowy 30ml;LumiSkin;Pielęgnacja twarzy;Sera;0;45,39;20,43;30ml;0,23;Active;0;Economy
14853;LumiSkin Żele do mycia Przeciwzmarszczkowy 50ml;LumiSkin;Pielęgnacja twarzy;Żele do mycia;0;30,35;13,66;50ml;0,23;Active;0;Economy
14854;BotanicaPro Szampon Do farbowanych 500ml;BotanicaPro;Włosy;Szampony;0;77,51;42,63;500ml;0,23;Active;0;Premium
14855;Aura Care Szampon Do farbowanych 400ml;Aura Care;Włosy;Szampony;1;43,62;15,27;400ml;0,23;Active;1;Mid-Market
14856;PureBotanica Sera Z witaminą C 50ml;PureBotanica;Pielęgnacja twarzy;Sera;0;40,2;18,09;50ml;0,23;Discontinued;1;Economy
14857;BotanicaPro Stylizacja Do farbowanych 500ml;BotanicaPro;Włosy;Stylizacja;0;17,27;9,5;500ml;0,23;Active;0;Economy
14858;ColorAura Twarz Wodoodporny 30ml;ColorAura;Makijaż;Twarz;0;80,26;32,1;30ml;0,23;Active;0;Mid-Market
14859;VigorHair Stylizacja Do farbowanych 500ml;VigorHair;Włosy;Stylizacja;0;43,0;23,65;500ml;0,23;Active;0;Mid-Market
14860;BotanicaPro Odżywki Do farbowanych 250ml;BotanicaPro;Włosy;Odżywki;0;38,53;21,19;250ml;0,23;Active;1;Mid-Market
14861;Aura Care Żele do mycia Z witaminą C 50ml;Aura Care;Pielęgnacja twarzy;Żele do mycia;1;99,9;24,98;50ml;0,23;Active;1;Premium
14862;PureCare Podpaski Normal 200ml;PureCare;Higiena intymna;Podpaski;0;27,64;17,97;200ml;0,23;Active;1;Premium
14863;Aura Care Maski Nawilżająca 400ml;Aura Care;Włosy;Maski;1;40,08;14,03;400ml;0,23;Active;1;Mid-Market
14864;BotanicaPro Stylizacja Nawilżająca 500ml;BotanicaPro;Włosy;Stylizacja;0;17,32;9,53;500ml;0,23;Active;0;Economy
14865;PureBotanica Krem na dzień Nawilżający 30ml;PureBotanica;Pielęgnacja twarzy;Kremy na dzień;0;71,78;32,3;30ml;0,23;Active;1;Mid-Market
14866;SoftTouch Podpaski Normal 20 szt.;SoftTouch;Higiena intymna;Podpaski;0;23,14;15,04;szt.;0,23;Active;1;Premium
14867;PureBotanica Sera Przeciwzmarszczkowy 30ml;PureBotanica;Pielęgnacja twarzy;Sera;0;73,51;33,08;30ml;0,23;Active;1;Mid-Market
14868;VelvetAroma EDP Intense 30ml;VelvetAroma;Perfumy;EDP;0;128,98;45,14;30ml;0,23;Active;0;Economy
14869;FreshGlow Podpaski Super 40 szt.;FreshGlow;Higiena intymna;Podpaski;0;16,09;10,46;szt.;0,23;Discontinued;0;Mid-Market
14870;SilkMane Odżywki Nawilżająca 400ml;SilkMane;Włosy;Odżywki;0;27,44;15,09;400ml;0,23;Discontinued;0;Economy
14871;VelvetLine Oczy Matujący 8ml;VelvetLine;Makijaż;Oczy;0;98,23;39,29;8ml;0,23;Active;0;Mid-Market
14872;PureCare Podpaski Super 20 szt.;PureCare;Higiena intymna;Podpaski;0;24,05;15,63;szt.;0,23;Phase-Out;1;Premium
14873;Aura Care Krem na noc Przeciwzmarszczkowy 30ml;Aura Care;Pielęgnacja twarzy;Kremy na noc;1;63,96;15,99;30ml;0,23;Phase-Out;1;Mid-Market
14874;SoftTouch Podpaski Normal 200ml;SoftTouch;Higiena intymna;Podpaski;0;27,74;18,03;200ml;0,23;Active;0;Premium
14875;Aura Care Minerały C 1000mg 30 kaps.;Aura Care;Suplementy i Zdrowie;Minerały;1;69,61;20,88;kaps.;0,08;Active;1;Premium
14876;PureBotanica Krem na noc Nawilżający 30ml;PureBotanica;Pielęgnacja twarzy;Kremy na noc;0;67,18;30,23;30ml;0,23;Active;1;Mid-Market
14877;Aura Care Maski Przeciwłupieżowy 400ml;Aura Care;Włosy;Maski;1;62,53;21,89;400ml;0,23;Active;1;Premium
14878;TinyJoy Kosmetyki Nawilżane 500ml;TinyJoy;Dziecko;Kosmetyki;0;49,31;36,98;500ml;0,23;Active;0;Mid-Market
14879;Aura Care Stylizacja Do farbowanych 500ml;Aura Care;Włosy;Stylizacja;1;12,68;4,44;500ml;0,23;Phase-Out;1;Economy
14880;VelvetLine Twarz Wodoodporny 15g;VelvetLine;Makijaż;Twarz;0;155,84;62,34;15g;0,23;Active;0;Premium
14881;NutriMax Minerały Forte 30 kaps.;NutriMax;Suplementy i Zdrowie;Minerały;0;72,77;40,02;kaps.;0,08;Active;0;Premium
14882;VitaCore Witaminy Magnez + B6 90 kaps.;VitaCore;Suplementy i Zdrowie;Witaminy;0;23,39;12,86;kaps.;0,08;Discontinued;0;Economy
14883;Aura Care Szampon Przeciwłupieżowy 400ml;Aura Care;Włosy;Szampony;1;64,41;22,54;400ml;0,23;Active;1;Premium
14884;GlamTouch Usta Wodoodporny 8ml;GlamTouch;Makijaż;Usta;0;55,93;22,37;8ml;0,23;Active;0;Economy
14885;VelvetLine Twarz Rozświetlający 8ml;VelvetLine;Makijaż;Twarz;0;35,74;14,3;8ml;0,23;Phase-Out;1;Economy
14886;BabySoft Kosmetyki Nawilżane 60 szt.;BabySoft;Dziecko;Kosmetyki;0;45,32;33,99;szt.;0,23;Active;1;Mid-Market
14887;Veluria Krem na dzień Z witaminą C 30ml;Veluria;Pielęgnacja twarzy;Kremy na dzień;0;23,91;10,76;30ml;0,23;Active;0;Economy
14888;TinyJoy Chusteczki Sensitive 60 szt.;TinyJoy;Dziecko;Chusteczki;0;12,82;9,62;szt.;0,23;Active;0;Economy
14889;BabySoft Kosmetyki Rozmiar 3 40 szt.;BabySoft;Dziecko;Kosmetyki;0;72,42;54,31;szt.;0,23;Active;1;Premium
14890;SilkMane Maski Odbudowujący 250ml;SilkMane;Włosy;Maski;0;75,59;41,57;250ml;0,23;Active;0;Premium
14891;VelvetLine Oczy Wodoodporny 15g;VelvetLine;Makijaż;Oczy;0;139,54;55,82;15g;0,23;Active;0;Premium
14892;SoftTouch Podpaski Super 40 szt.;SoftTouch;Higiena intymna;Podpaski;0;10,34;6,72;szt.;0,23;Phase-Out;0;Economy
14893;Herbix Maski Przeciwłupieżowy 250ml;Herbix;Włosy;Maski;0;64,06;35,23;250ml;0,23;Phase-Out;1;Premium
14894;Herbix Odżywki Odbudowujący 500ml;Herbix;Włosy;Odżywki;0;33,46;18,4;500ml;0,23;Active;1;Mid-Market
14895;Herbix Stylizacja Do farbowanych 250ml;Herbix;Włosy;Stylizacja;0;48,59;26,72;250ml;0,23;Active;1;Mid-Market
14896;HealthSpark Odporność D3 2000 j.m. 30 kaps.;HealthSpark;Suplementy i Zdrowie;Odporność;0;55,31;30,42;kaps.;0,08;Active;0;Mid-Market
14897;LumiSkin Krem na dzień Z witaminą C 30ml;LumiSkin;Pielęgnacja twarzy;Kremy na dzień;0;103,24;46,46;30ml;0,23;Active;0;Premium
14898;FreshGlow Podpaski Kojący 20 szt.;FreshGlow;Higiena intymna;Podpaski;0;12,74;8,28;szt.;0,23;Active;0;Economy
14899;Aura Care Odżywki Nawilżająca 250ml;Aura Care;Włosy;Odżywki;1;21,61;7,56;250ml;0,23;Active;1;Economy
14900;BotanicaPro Stylizacja Nawilżająca 400ml;BotanicaPro;Włosy;Stylizacja;0;74,36;40,9;400ml;0,23;Active;0;Premium
14901;VigorHair Szampon Nawilżająca 400ml;VigorHair;Włosy;Szampony;0;58,78;32,33;400ml;0,23;Active;0;Premium
14902;ColorAura Twarz Matujący 30ml;ColorAura;Makijaż;Twarz;0;32,05;12,82;30ml;0,23;Active;0;Economy
14903;LumiSkin Żele do mycia Nawilżający 30ml;LumiSkin;Pielęgnacja twarzy;Żele do mycia;0;130,84;58,88;30ml;0,23;Active;0;Premium
14904;Aura Basic Wkładki Ochronny 20 szt.;Aura Basic;Higiena intymna;Wkładki;1;8,42;3,79;szt.;0,23;Active;0;Economy
14905;TinyJoy Pieluchy Nawilżane 500ml;TinyJoy;Dziecko;Pieluchy;0;49,56;37,17;500ml;0,23;Active;0;Mid-Market
14906;FreshGlow Podpaski Super 40 szt.;FreshGlow;Higiena intymna;Podpaski;0;27,17;17,66;szt.;0,23;Active;0;Premium
14907;Aura Care Krem na dzień Nawilżający 150ml;Aura Care;Pielęgnacja twarzy;Kremy na dzień;1;110,77;27,69;150ml;0,23;Active;1;Premium
14908;LumiSkin Krem na dzień Przeciwzmarszczkowy 50ml;LumiSkin;Pielęgnacja twarzy;Kremy na dzień;0;19,45;8,75;50ml;0,23;Active;0;Economy
14909;NutriMax Minerały D3 2000 j.m. 60 kaps.;NutriMax;Suplementy i Zdrowie;Minerały;0;71,72;39,45;kaps.;0,08;Active;0;Premium
14910;VigorHair Odżywki Do farbowanych 250ml;VigorHair;Włosy;Odżywki;0;15,31;8,42;250ml;0,23;Active;0;Economy
14911;BotanicaPro Stylizacja Odbudowujący 250ml;BotanicaPro;Włosy;Stylizacja;0;47,72;26,25;250ml;0,23;Active;0;Mid-Market
14912;VisagePro Twarz Matujący 15g;VisagePro;Makijaż;Twarz;0;27,73;11,09;15g;0,23;Active;0;Economy
14913;DermaGlow Sera Nawilżający 50ml;DermaGlow;Pielęgnacja twarzy;Sera;0;112,35;50,56;50ml;0,23;Active;0;Premium
14914;Aura Care Maski Przeciwłupieżowy 250ml;Aura Care;Włosy;Maski;1;14,89;5,21;250ml;0,23;Active;1;Economy
14915;NutriMax Odporność C 1000mg 60 kaps.;NutriMax;Suplementy i Zdrowie;Odporność;0;79,58;43,77;kaps.;0,08;Active;0;Premium
14916;VitaCore Minerały Magnez + B6 60 kaps.;VitaCore;Suplementy i Zdrowie;Minerały;0;28,27;15,55;kaps.;0,08;Active;0;Economy
14917;NutriMax Odporność C 1000mg 30 kaps.;NutriMax;Suplementy i Zdrowie;Odporność;0;79,48;43,71;kaps.;0,08;Active;0;Premium
14918;GlamTouch Usta Matujący 8ml;GlamTouch;Makijaż;Usta;0;48,16;19,26;8ml;0,23;Active;0;Economy
14919;SilkMane Stylizacja Przeciwłupieżowy 400ml;SilkMane;Włosy;Stylizacja;0;21,51;11,83;400ml;0,23;Active;0;Economy
14920;DermaGlow Krem na noc Przeciwzmarszczkowy 150ml;DermaGlow;Pielęgnacja twarzy;Kremy na noc;0;55,83;25,12;150ml;0,23;Active;0;Mid-Market
14921;Aura Care Odżywki Nawilżająca 250ml;Aura Care;Włosy;Odżywki;1;20,22;7,08;250ml;0,23;Phase-Out;1;Economy
14922;ColorAura Twarz Long-lasting 15g;ColorAura;Makijaż;Twarz;0;67,33;26,93;15g;0,23;Discontinued;0;Economy
14923;Aura Care Stylizacja Nawilżająca 250ml;Aura Care;Włosy;Stylizacja;1;43,2;15,12;250ml;0,23;Active;1;Mid-Market
14924;Aura Care Krem na noc Matujący 30ml;Aura Care;Pielęgnacja twarzy;Kremy na noc;1;77,13;19,28;30ml;0,23;Active;1;Mid-Market
14925;VelvetLine Usta Matujący 30ml;VelvetLine;Makijaż;Usta;0;58,64;23,46;30ml;0,23;Active;0;Economy
14926;GlamTouch Usta Rozświetlający 8ml;GlamTouch;Makijaż;Usta;0;127,06;50,82;8ml;0,23;Active;0;Premium
14927;Aura Care Szampon Przeciwłupieżowy 400ml;Aura Care;Włosy;Szampony;1;13,26;4,64;400ml;0,23;Discontinued;1;Economy
14928;LumiSkin Krem na noc Nawilżający 150ml;LumiSkin;Pielęgnacja twarzy;Kremy na noc;0;74,95;33,73;150ml;0,23;Active;0;Mid-Market
14929;GlamTouch Twarz Matujący 15g;GlamTouch;Makijaż;Twarz;0;102,66;41,06;15g;0,23;Phase-Out;0;Mid-Market
14930;NoirElegance EDP Fresh 30ml;NoirElegance;Perfumy;EDP;0;145,29;50,85;30ml;0,23;Active;0;Economy
14931;SilkMane Maski Do farbowanych 400ml;SilkMane;Włosy;Maski;0;39,41;21,68;400ml;0,23;Active;0;Mid-Market
14932;NutriMax Minerały C 1000mg 30 kaps.;NutriMax;Suplementy i Zdrowie;Minerały;0;100,27;55,15;kaps.;0,08;Active;0;Premium
14933;Aura Basic Podpaski Super 40 szt.;Aura Basic;Higiena intymna;Podpaski;1;19,36;8,71;szt.;0,23;Active;0;Mid-Market
14934;Veluria Żele do mycia Przeciwzmarszczkowy 50ml;Veluria;Pielęgnacja twarzy;Żele do mycia;0;63,28;28,48;50ml;0,23;Active;0;Mid-Market
14935;Herbix Odżywki Odbudowujący 400ml;Herbix;Włosy;Odżywki;0;57,13;31,42;400ml;0,23;Active;1;Premium
14936;VigorHair Szampon Przeciwłupieżowy 250ml;VigorHair;Włosy;Szampony;0;33,69;18,53;250ml;0,23;Active;1;Mid-Market
14937;Aura Kids Pieluchy Rozmiar 4 40 szt.;Aura Kids;Dziecko;Pieluchy;1;17,15;10,29;szt.;0,23;Active;1;Economy
14938;PureBotanica Krem na noc Przeciwzmarszczkowy 30ml;PureBotanica;Pielęgnacja twarzy;Kremy na noc;0;63,51;28,58;30ml;0,23;Phase-Out;1;Mid-Market
14939;Aura Care Żele do mycia Matujący 30ml;Aura Care;Pielęgnacja twarzy;Żele do mycia;1;61,35;15,34;30ml;0,23;Active;1;Mid-Market
14940;ColorAura Twarz Rozświetlający 8ml;ColorAura;Makijaż;Twarz;0;139,17;55,67;8ml;0,23;Active;0;Premium
14941;Aura Care Żele do mycia Nawilżający 50ml;Aura Care;Pielęgnacja twarzy;Żele do mycia;1;47,41;11,85;50ml;0,23;Active;1;Economy
14942;VitaCore Minerały Magnez + B6 60 kaps.;VitaCore;Suplementy i Zdrowie;Minerały;0;52,81;29,05;kaps.;0,08;Active;0;Mid-Market
14943;Herbix Szampon Przeciwłupieżowy 500ml;Herbix;Włosy;Szampony;0;31,81;17,5;500ml;0,23;Discontinued;1;Economy
14944;Herbix Odżywki Przeciwłupieżowy 400ml;Herbix;Włosy;Odżywki;0;66,73;36,7;400ml;0,23;Active;1;Premium
14945;BabySoft Kosmetyki Rozmiar 4 40 szt.;BabySoft;Dziecko;Kosmetyki;0;67,52;50,64;szt.;0,23;Active;1;Premium
14946;FreshGlow Podpaski Super 20 szt.;FreshGlow;Higiena intymna;Podpaski;0;12,17;7,91;szt.;0,23;Active;0;Economy
14947;Aura Care Maski Nawilżająca 500ml;Aura Care;Włosy;Maski;1;48,27;16,89;500ml;0,23;Active;1;Mid-Market
14948;Herbix Stylizacja Odbudowujący 400ml;Herbix;Włosy;Stylizacja;0;45,31;24,92;400ml;0,23;Active;1;Mid-Market
14949;DermaGlow Sera Nawilżający 50ml;DermaGlow;Pielęgnacja twarzy;Sera;0;101,8;45,81;50ml;0,23;Active;0;Premium
14950;PureBotanica Żele do mycia Z witaminą C 30ml;PureBotanica;Pielęgnacja twarzy;Żele do mycia;0;39,67;17,85;30ml;0,23;Active;1;Economy
14951;HealthSpark Witaminy Forte 60 kaps.;HealthSpark;Suplementy i Zdrowie;Witaminy;0;96,66;53,16;kaps.;0,08;Discontinued;0;Premium
14952;Aura Basic Wkładki Super 20 szt.;Aura Basic;Higiena intymna;Wkładki;1;6,27;2,82;szt.;0,23;Discontinued;0;Economy
14953;FreshGlow Płyny i żele Normal 200ml;FreshGlow;Higiena intymna;Płyny i żele;0;10,42;6,77;200ml;0,23;Phase-Out;0;Economy
14954;BotanicaPro Maski Do farbowanych 400ml;BotanicaPro;Włosy;Maski;0;17,04;9,37;400ml;0,23;Active;1;Economy
14955;NutriMax Minerały Magnez + B6 30 kaps.;NutriMax;Suplementy i Zdrowie;Minerały;0;81,88;45,03;kaps.;0,08;Active;0;Premium
14956;Veluria Krem na dzień Z witaminą C 50ml;Veluria;Pielęgnacja twarzy;Kremy na dzień;0;65,09;29,29;50ml;0,23;Active;0;Mid-Market
14957;Veluria Krem na dzień Nawilżający 150ml;Veluria;Pielęgnacja twarzy;Kremy na dzień;0;38,47;17,31;150ml;0,23;Active;0;Economy
14958;Aura Care Witaminy C 1000mg 60 kaps.;Aura Care;Suplementy i Zdrowie;Witaminy;1;60,29;18,09;kaps.;0,08;Phase-Out;1;Mid-Market
14959;Aura Basic Płyny i żele Super 200ml;Aura Basic;Higiena intymna;Płyny i żele;1;8,96;4,03;200ml;0,23;Active;0;Economy
14960;Aura Kids Kosmetyki Rozmiar 3 40 szt.;Aura Kids;Dziecko;Kosmetyki;1;58,62;35,17;szt.;0,23;Active;0;Premium
14961;LumiSkin Krem na dzień Z witaminą C 50ml;LumiSkin;Pielęgnacja twarzy;Kremy na dzień;0;43,44;19,55;50ml;0,23;Active;0;Economy
14962;PureCare Płyny i żele Normal 200ml;PureCare;Higiena intymna;Płyny i żele;0;27,55;17,91;200ml;0,23;Active;1;Premium
14963;Aura Basic Podpaski Ochronny 20 szt.;Aura Basic;Higiena intymna;Podpaski;1;17,76;7,99;szt.;0,23;Active;0;Mid-Market
14964;ColorAura Oczy Matujący 30ml;ColorAura;Makijaż;Oczy;0;77,63;31,05;30ml;0,23;Phase-Out;0;Mid-Market
14965;SilkMane Szampon Do farbowanych 500ml;SilkMane;Włosy;Szampony;0;21,84;12,01;500ml;0,23;Active;0;Economy
14966;SilkMane Szampon Przeciwłupieżowy 500ml;SilkMane;Włosy;Szampony;0;28,34;15,59;500ml;0,23;Active;1;Economy
14967;Herbix Szampon Odbudowujący 500ml;Herbix;Włosy;Szampony;0;60,91;33,5;500ml;0,23;Active;1;Premium
14968;VelvetLine Twarz Rozświetlający 8ml;VelvetLine;Makijaż;Twarz;0;132,25;52,9;8ml;0,23;Active;0;Premium
14969;Aura Care Krem na dzień Z witaminą C 50ml;Aura Care;Pielęgnacja twarzy;Kremy na dzień;1;26,36;6,59;50ml;0,23;Active;1;Economy
14970;VigorHair Maski Nawilżająca 500ml;VigorHair;Włosy;Maski;0;36,83;20,26;500ml;0,23;Active;0;Mid-Market
14971;Aura Beauty Twarz Matujący 15g;Aura Beauty;Makijaż;Twarz;1;37,15;7,43;15g;0,23;Active;0;Economy
14972;Aura Beauty Oczy Long-lasting 8ml;Aura Beauty;Makijaż;Oczy;1;100,34;20,07;8ml;0,23;Active;0;Mid-Market
14973;PureBotanica Żele do mycia Matujący 30ml;PureBotanica;Pielęgnacja twarzy;Żele do mycia;0;32,49;14,62;30ml;0,23;Phase-Out;1;Economy
14974;PureTots Kosmetyki Sensitive 40 szt.;PureTots;Dziecko;Kosmetyki;0;26,75;20,06;szt.;0,23;Active;0;Economy
14975;SilkMane Stylizacja Odbudowujący 500ml;SilkMane;Włosy;Stylizacja;0;66,12;36,37;500ml;0,23;Active;0;Premium
14976;SoftTouch Płyny i żele Kojący 200ml;SoftTouch;Higiena intymna;Płyny i żele;0;11,5;7,48;200ml;0,23;Active;0;Economy
14977;Aura Beauty Usta Long-lasting 15g;Aura Beauty;Makijaż;Usta;1;72,72;14,54;15g;0,23;Active;1;Mid-Market
14978;SilkMane Stylizacja Odbudowujący 400ml;SilkMane;Włosy;Stylizacja;0;28,18;15,5;400ml;0,23;Active;0;Economy
14979;LumiSkin Krem na dzień Nawilżający 30ml;LumiSkin;Pielęgnacja twarzy;Kremy na dzień;0;119,91;53,96;30ml;0,23;Active;0;Premium
14980;Aura Care Odżywki Do farbowanych 500ml;Aura Care;Włosy;Odżywki;1;11,3;3,96;500ml;0,23;Active;1;Economy
14981;Aura Care Szampon Przeciwłupieżowy 250ml;Aura Care;Włosy;Szampony;1;14,63;5,12;250ml;0,23;Active;1;Economy
14982;SilkMane Szampon Do farbowanych 250ml;SilkMane;Włosy;Szampony;0;26,55;14,6;250ml;0,23;Active;0;Economy
14983;Aura Kids Chusteczki Rozmiar 3 500ml;Aura Kids;Dziecko;Chusteczki;1;48,53;29,12;500ml;0,23;Phase-Out;0;Mid-Market
14984;FreshGlow Podpaski Kojący 200ml;FreshGlow;Higiena intymna;Podpaski;0;27,39;17,8;200ml;0,23;Active;0;Premium
14985;Aura Basic Podpaski Ochronny 200ml;Aura Basic;Higiena intymna;Podpaski;1;20,05;9,02;200ml;0,23;Active;0;Mid-Market
14986;VitaCore Witaminy Forte 90 kaps.;VitaCore;Suplementy i Zdrowie;Witaminy;0;29,31;16,12;kaps.;0,08;Active;0;Economy
14987;VelvetLine Oczy Wodoodporny 30ml;VelvetLine;Makijaż;Oczy;0;81,74;32,7;30ml;0,23;Active;0;Mid-Market
14988;Aura Basic Płyny i żele Super 40 szt.;Aura Basic;Higiena intymna;Płyny i żele;1;12,76;5,74;szt.;0,23;Active;0;Economy
14989;HealthSpark Minerały D3 2000 j.m. 90 kaps.;HealthSpark;Suplementy i Zdrowie;Minerały;0;44,61;24,54;kaps.;0,08;Active;0;Mid-Market
14990;DermaGlow Krem na dzień Z witaminą C 50ml;DermaGlow;Pielęgnacja twarzy;Kremy na dzień;0;104,6;47,07;50ml;0,23;Discontinued;1;Premium
14991;Aura Kids Pieluchy Sensitive 500ml;Aura Kids;Dziecko;Pieluchy;1;65,99;39,59;500ml;0,23;Active;0;Premium
14992;Aura Care Krem na noc Matujący 150ml;Aura Care;Pielęgnacja twarzy;Kremy na noc;1;92,96;23,24;150ml;0,23;Phase-Out;1;Premium
14993;VitaCore Odporność C 1000mg 90 kaps.;VitaCore;Suplementy i Zdrowie;Odporność;0;25,58;14,07;kaps.;0,08;Discontinued;1;Economy
14994;Aura Care Krem na noc Z witaminą C 50ml;Aura Care;Pielęgnacja twarzy;Kremy na noc;1;56,76;14,19;50ml;0,23;Active;1;Mid-Market
14995;LumiSkin Krem na noc Nawilżający 150ml;LumiSkin;Pielęgnacja twarzy;Kremy na noc;0;107,91;48,56;150ml;0,23;Active;0;Premium
14996;Aura Care Krem na noc Przeciwzmarszczkowy 30ml;Aura Care;Pielęgnacja twarzy;Kremy na noc;1;105,08;26,27;30ml;0,23;Discontinued;1;Premium
14997;Herbix Odżywki Do farbowanych 250ml;Herbix;Włosy;Odżywki;0;63,59;34,97;250ml;0,23;Phase-Out;1;Premium
14998;GlamTouch Oczy Long-lasting 15g;GlamTouch;Makijaż;Oczy;0;122,82;49,13;15g;0,23;Active;0;Premium
14999;Aura Beauty Twarz Rozświetlający 15g;Aura Beauty;Makijaż;Twarz;1;28,03;5,61;15g;0,23;Active;0;Economy
15000;VitaCore Minerały Forte 30 kaps.;VitaCore;Suplementy i Zdrowie;Minerały;0;37,94;20,87;kaps.;0,08;Active;0;Economy
